,count,mean,std,min,10%,50%,90%,max
width,173.0,26.298843930635844,2.1090609736603203,21.0,23.7,26.1,29.0,33.5
weight,173.0,2.4372254335260113,0.5772552748764023,1.2,1.8,2.35,3.190000000000001,5.2
