phase,m18,m44,brightness,sigma_m18,sigma_m44,sigma_brightness
23,0.008505192451936237,0.004912833109101092,0.07564355031299201,0.025,0.018,0.03
