phase,m18,m44,brightness,sigma_m18,sigma_m44,sigma_brightness
7,-0.00159128553492676,0.0033384580526768758,0.030888554014433085,0.025,0.018,0.03
