phase,m18,m44,brightness,sigma_m18,sigma_m44,sigma_brightness
1,0.008746300361401272,0.0034028012290895464,0.060809576038850115,0.025,0.018,0.03
