phase,m18,m44,brightness,sigma_m18,sigma_m44,sigma_brightness
14,0.01042955193976638,0.008037543347732592,0.09858038744962751,0.025,0.018,0.03
