phase,m18,m44,brightness,sigma_m18,sigma_m44,sigma_brightness
20,0.004818964506686612,0.0024099035414351993,0.09691875111532593,0.025,0.018,0.03
