phase,m18,m44,brightness,sigma_m18,sigma_m44,sigma_brightness
9,0.009784850333215757,0.004371487637838994,0.03920274759926891,0.025,0.018,0.03
