phase,m18,m44,brightness,sigma_m18,sigma_m44,sigma_brightness
8,-0.0004704865970671804,0.004780660751145506,0.03254523652243421,0.025,0.018,0.03
