phase,m18,m44,brightness,sigma_m18,sigma_m44,sigma_brightness
11,0.0010829651336885255,0.0010348517610771954,0.060053189400222765,0.025,0.018,0.03
