phase,m18,m44,brightness,sigma_m18,sigma_m44,sigma_brightness
16,0.014639563271892732,0.008651629221197521,0.111267814999576,0.025,0.018,0.03
