phase,m18,m44,brightness,sigma_m18,sigma_m44,sigma_brightness
5,0.006759151525680967,0.0004501384691746751,0.03443079848539287,0.025,0.018,0.03
