phase,m18,m44,brightness,sigma_m18,sigma_m44,sigma_brightness
4,0.0048784766142330694,-0.0016376871699316595,0.04152283506856471,0.025,0.018,0.03
