phase,m18,m44,brightness,sigma_m18,sigma_m44,sigma_brightness
0,0.00350515231936326,0.004927833775649793,0.06766572402233269,0.025,0.018,0.03
