phase,m18,m44,brightness,sigma_m18,sigma_m44,sigma_brightness
13,0.015791122615551892,0.004802811148716729,0.08716989958137725,0.025,0.018,0.03
