phase,m18,m44,brightness,sigma_m18,sigma_m44,sigma_brightness
19,0.006962234143090221,0.0030080396593719244,0.10319287334442168,0.025,0.018,0.03
