phase,m18,m44,brightness,sigma_m18,sigma_m44,sigma_brightness
18,0.016744349689399994,0.005528339157081339,0.10782283883195243,0.025,0.018,0.03
