phase,m18,m44,brightness,sigma_m18,sigma_m44,sigma_brightness
2,0.0007781312666701914,0.0005896515492778869,0.05709817419551737,0.025,0.018,0.03
