phase,m18,m44,brightness,sigma_m18,sigma_m44,sigma_brightness
3,-0.003530175493383213,-0.001598624495730434,0.049254292865274794,0.025,0.018,0.03
