phase,m18,m44,brightness,sigma_m18,sigma_m44,sigma_brightness
12,0.007432551864832641,0.0019120268529687254,0.07377373599399337,0.025,0.018,0.03
