phase,m18,m44,brightness,sigma_m18,sigma_m44,sigma_brightness
10,0.0082124217621332,0.0024769556166348624,0.048769116175654596,0.025,0.018,0.03
