phase,m18,m44,brightness,sigma_m18,sigma_m44,sigma_brightness
21,0.01241116885873505,0.0037407336233664023,0.08993058340562235,0.025,0.018,0.03
