phase,m18,m44,brightness,sigma_m18,sigma_m44,sigma_brightness
15,0.006193263871461803,0.009611533756761756,0.10679234126006883,0.025,0.018,0.03
