artist_id,tag_id
23d8426c-18c7-46e6-a51d-7395bd43c641,ambient
23d8426c-18c7-46e6-a51d-7395bd43c641,classic pop and rock
23d8426c-18c7-46e6-a51d-7395bd43c641,electronic
23d8426c-18c7-46e6-a51d-7395bd43c641,film score
23d8426c-18c7-46e6-a51d-7395bd43c641,iswcs pending
23d8426c-18c7-46e6-a51d-7395bd43c641,kosmische
23d8426c-18c7-46e6-a51d-7395bd43c641,kosmische musik
23d8426c-18c7-46e6-a51d-7395bd43c641,krautrock
23d8426c-18c7-46e6-a51d-7395bd43c641,lily
23d8426c-18c7-46e6-a51d-7395bd43c641,new age
23d8426c-18c7-46e6-a51d-7395bd43c641,new-age
23d8426c-18c7-46e6-a51d-7395bd43c641,progressive electronic
23d8426c-18c7-46e6-a51d-7395bd43c641,progressive rock
23d8426c-18c7-46e6-a51d-7395bd43c641,rock
23d8426c-18c7-46e6-a51d-7395bd43c641,synthesizer
c3cceeed-3332-4cf0-8c4c-bbde425147b6,70's
c3cceeed-3332-4cf0-8c4c-bbde425147b6,70s
c3cceeed-3332-4cf0-8c4c-bbde425147b6,80's
c3cceeed-3332-4cf0-8c4c-bbde425147b6,80s
c3cceeed-3332-4cf0-8c4c-bbde425147b6,acoustic rock
c3cceeed-3332-4cf0-8c4c-bbde425147b6,aln-sh
c3cceeed-3332-4cf0-8c4c-bbde425147b6,aor
c3cceeed-3332-4cf0-8c4c-bbde425147b6,classic rock
c3cceeed-3332-4cf0-8c4c-bbde425147b6,glam metal
c3cceeed-3332-4cf0-8c4c-bbde425147b6,hairmetal
c3cceeed-3332-4cf0-8c4c-bbde425147b6,hard rock
c3cceeed-3332-4cf0-8c4c-bbde425147b6,heavy metal
c3cceeed-3332-4cf0-8c4c-bbde425147b6,krautrock
c3cceeed-3332-4cf0-8c4c-bbde425147b6,loriel
c3cceeed-3332-4cf0-8c4c-bbde425147b6,metal
c3cceeed-3332-4cf0-8c4c-bbde425147b6,pop rock
c3cceeed-3332-4cf0-8c4c-bbde425147b6,power metal
c3cceeed-3332-4cf0-8c4c-bbde425147b6,progressive rock
c3cceeed-3332-4cf0-8c4c-bbde425147b6,rock
c3bc80a6-1f4a-4e17-8cf0-6b1efe8302f1,acoustic rock
c3bc80a6-1f4a-4e17-8cf0-6b1efe8302f1,hard rock
c3bc80a6-1f4a-4e17-8cf0-6b1efe8302f1,n
c3bc80a6-1f4a-4e17-8cf0-6b1efe8302f1,pop punk
c3bc80a6-1f4a-4e17-8cf0-6b1efe8302f1,pop rock
c3bc80a6-1f4a-4e17-8cf0-6b1efe8302f1,punk
c3bc80a6-1f4a-4e17-8cf0-6b1efe8302f1,punk rock
c3bc80a6-1f4a-4e17-8cf0-6b1efe8302f1,rock and indie
c3bc80a6-1f4a-4e17-8cf0-6b1efe8302f1,seen live
f2fb0ff0-5679-42ec-a55c-15109ce6e320,fun-punk
f2fb0ff0-5679-42ec-a55c-15109ce6e320,n
f2fb0ff0-5679-42ec-a55c-15109ce6e320,ndw
f2fb0ff0-5679-42ec-a55c-15109ce6e320,pop punk
f2fb0ff0-5679-42ec-a55c-15109ce6e320,punk
f2fb0ff0-5679-42ec-a55c-15109ce6e320,punk rock
f2fb0ff0-5679-42ec-a55c-15109ce6e320,rock
60955940-d401-4f4a-8a9b-43c870454aac,ndw
60955940-d401-4f4a-8a9b-43c870454aac,rock
5700dcd4-c139-4f31-aa3e-6382b9af9032,classic pop and rock
5700dcd4-c139-4f31-aa3e-6382b9af9032,electro
5700dcd4-c139-4f31-aa3e-6382b9af9032,electronic
5700dcd4-c139-4f31-aa3e-6382b9af9032,electronic music
5700dcd4-c139-4f31-aa3e-6382b9af9032,industrial
5700dcd4-c139-4f31-aa3e-6382b9af9032,krautrock
5700dcd4-c139-4f31-aa3e-6382b9af9032,ndw
5700dcd4-c139-4f31-aa3e-6382b9af9032,progressive electronic
5700dcd4-c139-4f31-aa3e-6382b9af9032,rock
5700dcd4-c139-4f31-aa3e-6382b9af9032,synth pop
5700dcd4-c139-4f31-aa3e-6382b9af9032,synth-pop
5700dcd4-c139-4f31-aa3e-6382b9af9032,synthpop
5700dcd4-c139-4f31-aa3e-6382b9af9032,techno
83e59f23-3b0b-4304-834d-5bcafd5df6d2,dance
83e59f23-3b0b-4304-834d-5bcafd5df6d2,electronic
83e59f23-3b0b-4304-834d-5bcafd5df6d2,english
83e59f23-3b0b-4304-834d-5bcafd5df6d2,eurodance
83e59f23-3b0b-4304-834d-5bcafd5df6d2,happy hardcore
83e59f23-3b0b-4304-834d-5bcafd5df6d2,hardcore
83e59f23-3b0b-4304-834d-5bcafd5df6d2,hardcore techno
83e59f23-3b0b-4304-834d-5bcafd5df6d2,hardstyle
83e59f23-3b0b-4304-834d-5bcafd5df6d2,jumpstyle
83e59f23-3b0b-4304-834d-5bcafd5df6d2,rave
83e59f23-3b0b-4304-834d-5bcafd5df6d2,rock
83e59f23-3b0b-4304-834d-5bcafd5df6d2,scooter
83e59f23-3b0b-4304-834d-5bcafd5df6d2,techno
83e59f23-3b0b-4304-834d-5bcafd5df6d2,trance
b2d122f9-eadb-4930-a196-8f221eeb0c66,alternative metal
b2d122f9-eadb-4930-a196-8f221eeb0c66,engel
b2d122f9-eadb-4930-a196-8f221eeb0c66,gothic metal
b2d122f9-eadb-4930-a196-8f221eeb0c66,heavy metal
b2d122f9-eadb-4930-a196-8f221eeb0c66,industrial
b2d122f9-eadb-4930-a196-8f221eeb0c66,industrial metal
b2d122f9-eadb-4930-a196-8f221eeb0c66,industrial rock
b2d122f9-eadb-4930-a196-8f221eeb0c66,metal
b2d122f9-eadb-4930-a196-8f221eeb0c66,pop metal
b2d122f9-eadb-4930-a196-8f221eeb0c66,rock
b2d122f9-eadb-4930-a196-8f221eeb0c66,seen live
b2d122f9-eadb-4930-a196-8f221eeb0c66,tanzmetall
b4ce8f8f-72f9-48f0-92be-606095d4b6e0,rock
b4ce8f8f-72f9-48f0-92be-606095d4b6e0,schlager
765774a0-2060-469b-8b7d-612eea48579b,acoustic rock
765774a0-2060-469b-8b7d-612eea48579b,halloween
765774a0-2060-469b-8b7d-612eea48579b,hard rock
765774a0-2060-469b-8b7d-612eea48579b,heavy metal
765774a0-2060-469b-8b7d-612eea48579b,metal
765774a0-2060-469b-8b7d-612eea48579b,power metal
765774a0-2060-469b-8b7d-612eea48579b,power/speed-metal
765774a0-2060-469b-8b7d-612eea48579b,rock
765774a0-2060-469b-8b7d-612eea48579b,speed metal
765774a0-2060-469b-8b7d-612eea48579b,symphonic rock
8d3c6a3c-4d97-455c-ad07-3fefc0172861,acoustic rock
8d3c6a3c-4d97-455c-ad07-3fefc0172861,krautrock
8d3c6a3c-4d97-455c-ad07-3fefc0172861,ndw
8d3c6a3c-4d97-455c-ad07-3fefc0172861,pop
8d3c6a3c-4d97-455c-ad07-3fefc0172861,pop rock
8d3c6a3c-4d97-455c-ad07-3fefc0172861,rock
8d3c6a3c-4d97-455c-ad07-3fefc0172861,splitme
5403bf6e-bc1d-4e62-b31f-926a2bf66a14,booka-shade
5403bf6e-bc1d-4e62-b31f-926a2bf66a14,classic pop and rock
5403bf6e-bc1d-4e62-b31f-926a2bf66a14,dance-pop
5403bf6e-bc1d-4e62-b31f-926a2bf66a14,disco
5403bf6e-bc1d-4e62-b31f-926a2bf66a14,euro-disco
5403bf6e-bc1d-4e62-b31f-926a2bf66a14,europop
5403bf6e-bc1d-4e62-b31f-926a2bf66a14,ma baker
5403bf6e-bc1d-4e62-b31f-926a2bf66a14,pop
5403bf6e-bc1d-4e62-b31f-926a2bf66a14,soul
6e9ac29b-798c-4af7-8d9e-55cdc72a999c,alternative
6e9ac29b-798c-4af7-8d9e-55cdc72a999c,alternative rock
6e9ac29b-798c-4af7-8d9e-55cdc72a999c,art pop
6e9ac29b-798c-4af7-8d9e-55cdc72a999c,avant-garde
6e9ac29b-798c-4af7-8d9e-55cdc72a999c,dark ambient
6e9ac29b-798c-4af7-8d9e-55cdc72a999c,electronic
6e9ac29b-798c-4af7-8d9e-55cdc72a999c,experimental
6e9ac29b-798c-4af7-8d9e-55cdc72a999c,experimental electronic
6e9ac29b-798c-4af7-8d9e-55cdc72a999c,industrial
6e9ac29b-798c-4af7-8d9e-55cdc72a999c,ndw
6e9ac29b-798c-4af7-8d9e-55cdc72a999c,noise
6e9ac29b-798c-4af7-8d9e-55cdc72a999c,post-industrial
6e9ac29b-798c-4af7-8d9e-55cdc72a999c,rock and indie
6e9ac29b-798c-4af7-8d9e-55cdc72a999c,spoken word
6e9ac29b-798c-4af7-8d9e-55cdc72a999c,the lost generation
350df790-01d6-4459-8d0f-26abdd440b0e,beat
350df790-01d6-4459-8d0f-26abdd440b0e,beat music
350df790-01d6-4459-8d0f-26abdd440b0e,hard rock
350df790-01d6-4459-8d0f-26abdd440b0e,pop rock
350df790-01d6-4459-8d0f-26abdd440b0e,psychedelic rock
350df790-01d6-4459-8d0f-26abdd440b0e,rock
c1b620ee-6540-42ba-90df-f0740d42cbbf,ballad
c1b620ee-6540-42ba-90df-f0740d42cbbf,ich lieb' mich
c1b620ee-6540-42ba-90df-f0740d42cbbf,pop
c1b620ee-6540-42ba-90df-f0740d42cbbf,pop rock
456eabce-d1dd-4481-a206-36ab4f2eaeb8,actor
456eabce-d1dd-4481-a206-36ab4f2eaeb8,adult alternative pop/rock
456eabce-d1dd-4481-a206-36ab4f2eaeb8,alternative pop
456eabce-d1dd-4481-a206-36ab4f2eaeb8,alternative/indie rock
456eabce-d1dd-4481-a206-36ab4f2eaeb8,contemporary pop/rock
456eabce-d1dd-4481-a206-36ab4f2eaeb8,euro-rock
456eabce-d1dd-4481-a206-36ab4f2eaeb8,pop
456eabce-d1dd-4481-a206-36ab4f2eaeb8,pop rock
456eabce-d1dd-4481-a206-36ab4f2eaeb8,rock
456eabce-d1dd-4481-a206-36ab4f2eaeb8,soft rock
50ceff2e-e963-4fca-a835-60a7c9d99418,rock
b3a70929-32bc-4ace-994f-434b26ce96fe,hard rock
b3a70929-32bc-4ace-994f-434b26ce96fe,heavy metal
b3a70929-32bc-4ace-994f-434b26ce96fe,madeira
b3a70929-32bc-4ace-994f-434b26ce96fe,metal
b3a70929-32bc-4ace-994f-434b26ce96fe,oi
b3a70929-32bc-4ace-994f-434b26ce96fe,oi!
b3a70929-32bc-4ace-994f-434b26ce96fe,punk
b3a70929-32bc-4ace-994f-434b26ce96fe,punk rock
b3a70929-32bc-4ace-994f-434b26ce96fe,taxexile
87f8339a-625e-4912-939e-8b62836c159d,rock
41f4d85a-0bd7-4602-a3e3-8c47f36efb0a,1980s
41f4d85a-0bd7-4602-a3e3-8c47f36efb0a,1990s
41f4d85a-0bd7-4602-a3e3-8c47f36efb0a,english
41f4d85a-0bd7-4602-a3e3-8c47f36efb0a,glam metal
41f4d85a-0bd7-4602-a3e3-8c47f36efb0a,hard rock
41f4d85a-0bd7-4602-a3e3-8c47f36efb0a,heavy metal
41f4d85a-0bd7-4602-a3e3-8c47f36efb0a,metal
41f4d85a-0bd7-4602-a3e3-8c47f36efb0a,nwobhm
41f4d85a-0bd7-4602-a3e3-8c47f36efb0a,power metal
41f4d85a-0bd7-4602-a3e3-8c47f36efb0a,speed metal
41f4d85a-0bd7-4602-a3e3-8c47f36efb0a,thrash metal
eea85c38-427d-438a-8c59-6036e1c05d0e,ambient
eea85c38-427d-438a-8c59-6036e1c05d0e,dark ambient
eea85c38-427d-438a-8c59-6036e1c05d0e,drone
eea85c38-427d-438a-8c59-6036e1c05d0e,post-rock
eea85c38-427d-438a-8c59-6036e1c05d0e,slowcore
39822e8d-f24e-4f07-b51b-28b22e59fbdb,00s
39822e8d-f24e-4f07-b51b-28b22e59fbdb,10s
39822e8d-f24e-4f07-b51b-28b22e59fbdb,80s
39822e8d-f24e-4f07-b51b-28b22e59fbdb,80s thrash metal
39822e8d-f24e-4f07-b51b-28b22e59fbdb,90s
39822e8d-f24e-4f07-b51b-28b22e59fbdb,classic metal
39822e8d-f24e-4f07-b51b-28b22e59fbdb,classic thrash metal
39822e8d-f24e-4f07-b51b-28b22e59fbdb,death metal
39822e8d-f24e-4f07-b51b-28b22e59fbdb,hard rock
39822e8d-f24e-4f07-b51b-28b22e59fbdb,heavy metal
39822e8d-f24e-4f07-b51b-28b22e59fbdb,melodic thrash
39822e8d-f24e-4f07-b51b-28b22e59fbdb,metal
39822e8d-f24e-4f07-b51b-28b22e59fbdb,old school thrash
39822e8d-f24e-4f07-b51b-28b22e59fbdb,rock
39822e8d-f24e-4f07-b51b-28b22e59fbdb,rock groups
39822e8d-f24e-4f07-b51b-28b22e59fbdb,speed metal
39822e8d-f24e-4f07-b51b-28b22e59fbdb,teutonic thrash metal
39822e8d-f24e-4f07-b51b-28b22e59fbdb,thrash
39822e8d-f24e-4f07-b51b-28b22e59fbdb,thrash metal
13501c7d-d181-45ba-af52-5f101d8516a0,avant-garde
13501c7d-d181-45ba-af52-5f101d8516a0,classic pop and rock
13501c7d-d181-45ba-af52-5f101d8516a0,experimental rock
13501c7d-d181-45ba-af52-5f101d8516a0,funk rock
13501c7d-d181-45ba-af52-5f101d8516a0,krautrock
13501c7d-d181-45ba-af52-5f101d8516a0,motorik
13501c7d-d181-45ba-af52-5f101d8516a0,progressive rock
13501c7d-d181-45ba-af52-5f101d8516a0,progressive rock music
13501c7d-d181-45ba-af52-5f101d8516a0,psychedelic rock
13501c7d-d181-45ba-af52-5f101d8516a0,psychedelic rock music
13501c7d-d181-45ba-af52-5f101d8516a0,the lost generation
13501c7d-d181-45ba-af52-5f101d8516a0,wir sind helden
f1d1df24-91af-4d27-83a4-9b4ad29b37eb,ambient
f1d1df24-91af-4d27-83a4-9b4ad29b37eb,ambient pop
f1d1df24-91af-4d27-83a4-9b4ad29b37eb,classic pop and rock
f1d1df24-91af-4d27-83a4-9b4ad29b37eb,downtempo
f1d1df24-91af-4d27-83a4-9b4ad29b37eb,electronic
f1d1df24-91af-4d27-83a4-9b4ad29b37eb,house
f1d1df24-91af-4d27-83a4-9b4ad29b37eb,instrumental
f1d1df24-91af-4d27-83a4-9b4ad29b37eb,new age
f1d1df24-91af-4d27-83a4-9b4ad29b37eb,trance
f1d1df24-91af-4d27-83a4-9b4ad29b37eb,worldbeat
2e710b0c-6ff3-4c21-87d5-16ebbbca212c,ambient
2e710b0c-6ff3-4c21-87d5-16ebbbca212c,electronic
2e710b0c-6ff3-4c21-87d5-16ebbbca212c,kosmische musik
2e710b0c-6ff3-4c21-87d5-16ebbbca212c,krautrock
2e710b0c-6ff3-4c21-87d5-16ebbbca212c,new age
2e710b0c-6ff3-4c21-87d5-16ebbbca212c,progressive electronic
2e710b0c-6ff3-4c21-87d5-16ebbbca212c,progressive rock
2e710b0c-6ff3-4c21-87d5-16ebbbca212c,rock
2e710b0c-6ff3-4c21-87d5-16ebbbca212c,space
2e710b0c-6ff3-4c21-87d5-16ebbbca212c,space ambient
2e710b0c-6ff3-4c21-87d5-16ebbbca212c,space music
2e710b0c-6ff3-4c21-87d5-16ebbbca212c,trance
6dfa03fb-8b02-4055-b7cc-e48f426b13f8,cringe
6dfa03fb-8b02-4055-b7cc-e48f426b13f8,darkwave
6dfa03fb-8b02-4055-b7cc-e48f426b13f8,gothic rock
6dfa03fb-8b02-4055-b7cc-e48f426b13f8,industrial rock
6dfa03fb-8b02-4055-b7cc-e48f426b13f8,pop rock
6dfa03fb-8b02-4055-b7cc-e48f426b13f8,schlager
88735355-f98f-44ea-8a40-7a8bcc56f07e,darkwave
88735355-f98f-44ea-8a40-7a8bcc56f07e,ndw
88735355-f98f-44ea-8a40-7a8bcc56f07e,pop rock
3058822f-8e58-4427-820a-8f7a279887c1,hannover
3058822f-8e58-4427-820a-8f7a279887c1,hanover
3058822f-8e58-4427-820a-8f7a279887c1,ndw
3058822f-8e58-4427-820a-8f7a279887c1,pop
3058822f-8e58-4427-820a-8f7a279887c1,rock
9502f466-be41-4450-8752-74c2d44ad2f7,actor
9502f466-be41-4450-8752-74c2d44ad2f7,rock and roll
9502f466-be41-4450-8752-74c2d44ad2f7,schlager
31aa6f87-8d00-4ae9-a5cc-6d7eeea109d2,1980s
31aa6f87-8d00-4ae9-a5cc-6d7eeea109d2,1990s
31aa6f87-8d00-4ae9-a5cc-6d7eeea109d2,alternative dance
31aa6f87-8d00-4ae9-a5cc-6d7eeea109d2,contemporary pop/rock
31aa6f87-8d00-4ae9-a5cc-6d7eeea109d2,dance-pop
31aa6f87-8d00-4ae9-a5cc-6d7eeea109d2,dance-rock
31aa6f87-8d00-4ae9-a5cc-6d7eeea109d2,dark disco
31aa6f87-8d00-4ae9-a5cc-6d7eeea109d2,dark wave
31aa6f87-8d00-4ae9-a5cc-6d7eeea109d2,darksynth
31aa6f87-8d00-4ae9-a5cc-6d7eeea109d2,electronic
31aa6f87-8d00-4ae9-a5cc-6d7eeea109d2,elevator
31aa6f87-8d00-4ae9-a5cc-6d7eeea109d2,new wave
31aa6f87-8d00-4ae9-a5cc-6d7eeea109d2,pop
31aa6f87-8d00-4ae9-a5cc-6d7eeea109d2,progressive pop
31aa6f87-8d00-4ae9-a5cc-6d7eeea109d2,punk/new wave
31aa6f87-8d00-4ae9-a5cc-6d7eeea109d2,sophisti-pop
31aa6f87-8d00-4ae9-a5cc-6d7eeea109d2,synth pop
31aa6f87-8d00-4ae9-a5cc-6d7eeea109d2,synth-pop
31aa6f87-8d00-4ae9-a5cc-6d7eeea109d2,synthpop
70261540-4efc-4f62-8573-fdb68d6c2213,liedermacher
70261540-4efc-4f62-8573-fdb68d6c2213,mundart
70261540-4efc-4f62-8573-fdb68d6c2213,rock
7717539b-33aa-45d5-b88d-9e627172db19,alternative rock
7717539b-33aa-45d5-b88d-9e627172db19,indie rock
7717539b-33aa-45d5-b88d-9e627172db19,rock
8de149a4-bbdc-4d15-aeea-0d66773c9f80,dark wave
8de149a4-bbdc-4d15-aeea-0d66773c9f80,darkwave
8de149a4-bbdc-4d15-aeea-0d66773c9f80,gothic
8de149a4-bbdc-4d15-aeea-0d66773c9f80,gothic novelrock
8de149a4-bbdc-4d15-aeea-0d66773c9f80,gothic rock
8de149a4-bbdc-4d15-aeea-0d66773c9f80,gothic/novel-rock
37c61bf2-5fb1-47ae-9605-80025d956958,art pop
37c61bf2-5fb1-47ae-9605-80025d956958,art rock
37c61bf2-5fb1-47ae-9605-80025d956958,avant-folk
37c61bf2-5fb1-47ae-9605-80025d956958,avant-garde
37c61bf2-5fb1-47ae-9605-80025d956958,chamber folk
37c61bf2-5fb1-47ae-9605-80025d956958,classic pop and rock
37c61bf2-5fb1-47ae-9605-80025d956958,experimental
37c61bf2-5fb1-47ae-9605-80025d956958,experimental rock
37c61bf2-5fb1-47ae-9605-80025d956958,folk rock
37c61bf2-5fb1-47ae-9605-80025d956958,gothic rock
37c61bf2-5fb1-47ae-9605-80025d956958,lied
37c61bf2-5fb1-47ae-9605-80025d956958,neo-medieval folk
37c61bf2-5fb1-47ae-9605-80025d956958,neoclassical dark wave
37c61bf2-5fb1-47ae-9605-80025d956958,neoromanticism
37c61bf2-5fb1-47ae-9605-80025d956958,post-punk
37c61bf2-5fb1-47ae-9605-80025d956958,rock
f3e5d65a-0510-4dd2-8bfb-0d06e86b6035,hard rock
f3e5d65a-0510-4dd2-8bfb-0d06e86b6035,heavy metal
db005731-6c46-4e7d-83e3-21f80189884a,hard rock
db005731-6c46-4e7d-83e3-21f80189884a,heavy metal
8cf95123-5023-4257-933e-4d7ebbc5d8a2,acoustic rock
8cf95123-5023-4257-933e-4d7ebbc5d8a2,alternative metal
8cf95123-5023-4257-933e-4d7ebbc5d8a2,eurovision 2023 artists
8cf95123-5023-4257-933e-4d7ebbc5d8a2,gothic
8cf95123-5023-4257-933e-4d7ebbc5d8a2,gothic metal
8cf95123-5023-4257-933e-4d7ebbc5d8a2,gothic rock
8cf95123-5023-4257-933e-4d7ebbc5d8a2,industrial metal
8cf95123-5023-4257-933e-4d7ebbc5d8a2,industrial rock
8cf95123-5023-4257-933e-4d7ebbc5d8a2,metal
8cf95123-5023-4257-933e-4d7ebbc5d8a2,symphonic rock
d3201290-2791-4b2c-9d79-62eb6240e742,folk metal
d3201290-2791-4b2c-9d79-62eb6240e742,folk rock
d3201290-2791-4b2c-9d79-62eb6240e742,medieval
d3201290-2791-4b2c-9d79-62eb6240e742,medieval metal
d3201290-2791-4b2c-9d79-62eb6240e742,medieval/folk-rock
d3201290-2791-4b2c-9d79-62eb6240e742,neo-medieval folk
780fcd1f-9808-4da6-aad8-2858884dd7df,hard rock
780fcd1f-9808-4da6-aad8-2858884dd7df,heavy metal
2d0d2823-d918-4fa4-a109-ee32f52b2629,beat
2d0d2823-d918-4fa4-a109-ee32f52b2629,beat music
2d0d2823-d918-4fa4-a109-ee32f52b2629,glam rock
2d0d2823-d918-4fa4-a109-ee32f52b2629,pop rock
2d0d2823-d918-4fa4-a109-ee32f52b2629,rock
2d0d2823-d918-4fa4-a109-ee32f52b2629,skiffle
2e433b57-1e40-4a8f-b38d-7675fda5698a,hessen
2e433b57-1e40-4a8f-b38d-7675fda5698a,homberg
2e433b57-1e40-4a8f-b38d-7675fda5698a,korbach
2e433b57-1e40-4a8f-b38d-7675fda5698a,pop
2e433b57-1e40-4a8f-b38d-7675fda5698a,pop rock
2e433b57-1e40-4a8f-b38d-7675fda5698a,schlager
a9b88ebb-83aa-4ef7-b674-fabeb572c14e,alternativ rock
a9b88ebb-83aa-4ef7-b674-fabeb572c14e,alternative rock
a9b88ebb-83aa-4ef7-b674-fabeb572c14e,punkrock
a9b88ebb-83aa-4ef7-b674-fabeb572c14e,rock
ace6f889-2d53-4b93-bf70-cbfc4fe0d256,heavy metal
ace6f889-2d53-4b93-bf70-cbfc4fe0d256,independent
ace6f889-2d53-4b93-bf70-cbfc4fe0d256,indie rock
6082f427-055a-4b27-819f-06f17fd1bda9,jazz
6082f427-055a-4b27-819f-06f17fd1bda9,jazz fusion
6082f427-055a-4b27-819f-06f17fd1bda9,jazz rock
6082f427-055a-4b27-819f-06f17fd1bda9,krautrock
666fd16d-d9f9-4eff-80ed-a064d5bbca7c,krautrock
666fd16d-d9f9-4eff-80ed-a064d5bbca7c,progressive rock
666fd16d-d9f9-4eff-80ed-a064d5bbca7c,symphonic prog
be28f50e-2d75-4fb2-95c3-371fda5c2667,ndw
be28f50e-2d75-4fb2-95c3-371fda5c2667,ostrock
be28f50e-2d75-4fb2-95c3-371fda5c2667,rock
e4d32f51-bc57-42a4-8165-b80f7a86496d,actor
e4d32f51-bc57-42a4-8165-b80f7a86496d,comedy rock
e4d32f51-bc57-42a4-8165-b80f7a86496d,ndw
e4d32f51-bc57-42a4-8165-b80f7a86496d,new wave
e4d32f51-bc57-42a4-8165-b80f7a86496d,popular music
e4d32f51-bc57-42a4-8165-b80f7a86496d,post-punk
e4d32f51-bc57-42a4-8165-b80f7a86496d,punk
e4d32f51-bc57-42a4-8165-b80f7a86496d,punk rock
e4d32f51-bc57-42a4-8165-b80f7a86496d,rock
e4d32f51-bc57-42a4-8165-b80f7a86496d,rock music
e4d32f51-bc57-42a4-8165-b80f7a86496d,rock musicians
e4d32f51-bc57-42a4-8165-b80f7a86496d,singers
e4d32f51-bc57-42a4-8165-b80f7a86496d,singing
20183e32-6bb7-4855-b46d-10e2af0d85ce,celtic rock
38bfaa7f-ee98-48cb-acd0-946d7aeecd76,00's
38bfaa7f-ee98-48cb-acd0-946d7aeecd76,80's
38bfaa7f-ee98-48cb-acd0-946d7aeecd76,90's
38bfaa7f-ee98-48cb-acd0-946d7aeecd76,akkordeon
38bfaa7f-ee98-48cb-acd0-946d7aeecd76,europop
38bfaa7f-ee98-48cb-acd0-946d7aeecd76,gitarre
38bfaa7f-ee98-48cb-acd0-946d7aeecd76,komponistin
38bfaa7f-ee98-48cb-acd0-946d7aeecd76,kontrabass
38bfaa7f-ee98-48cb-acd0-946d7aeecd76,mundharmonika
38bfaa7f-ee98-48cb-acd0-946d7aeecd76,ndw
38bfaa7f-ee98-48cb-acd0-946d7aeecd76,new wave
38bfaa7f-ee98-48cb-acd0-946d7aeecd76,pop
38bfaa7f-ee98-48cb-acd0-946d7aeecd76,pop rap
38bfaa7f-ee98-48cb-acd0-946d7aeecd76,pop rock
38bfaa7f-ee98-48cb-acd0-946d7aeecd76,punk rock
38bfaa7f-ee98-48cb-acd0-946d7aeecd76,schauspielerin
38bfaa7f-ee98-48cb-acd0-946d7aeecd76,singstimme
38bfaa7f-ee98-48cb-acd0-946d7aeecd76,synchronsprecherin
38bfaa7f-ee98-48cb-acd0-946d7aeecd76,synth-pop
38bfaa7f-ee98-48cb-acd0-946d7aeecd76,synthpop
38bfaa7f-ee98-48cb-acd0-946d7aeecd76,sängerin
38bfaa7f-ee98-48cb-acd0-946d7aeecd76,trommel
8ebd50fe-f263-4fd6-9c24-de587585ef77,rock
b10bbbfc-cf9e-42e0-be17-e2c3e1d2600d,1
b10bbbfc-cf9e-42e0-be17-e2c3e1d2600d,1960s
b10bbbfc-cf9e-42e0-be17-e2c3e1d2600d,60s
b10bbbfc-cf9e-42e0-be17-e2c3e1d2600d,80s
b10bbbfc-cf9e-42e0-be17-e2c3e1d2600d,a filk artist
b10bbbfc-cf9e-42e0-be17-e2c3e1d2600d,abbey road
b10bbbfc-cf9e-42e0-be17-e2c3e1d2600d,adult alternative pop rock
b10bbbfc-cf9e-42e0-be17-e2c3e1d2600d,art pop
b10bbbfc-cf9e-42e0-be17-e2c3e1d2600d,art rock
b10bbbfc-cf9e-42e0-be17-e2c3e1d2600d,baroque pop
b10bbbfc-cf9e-42e0-be17-e2c3e1d2600d,bbc
b10bbbfc-cf9e-42e0-be17-e2c3e1d2600d,beat
b10bbbfc-cf9e-42e0-be17-e2c3e1d2600d,beat music
b10bbbfc-cf9e-42e0-be17-e2c3e1d2600d,blues rock
b10bbbfc-cf9e-42e0-be17-e2c3e1d2600d,boys band
b10bbbfc-cf9e-42e0-be17-e2c3e1d2600d,classic pop and rock
b10bbbfc-cf9e-42e0-be17-e2c3e1d2600d,classic rock
b10bbbfc-cf9e-42e0-be17-e2c3e1d2600d,classical pop
b10bbbfc-cf9e-42e0-be17-e2c3e1d2600d,english
b10bbbfc-cf9e-42e0-be17-e2c3e1d2600d,europe
b10bbbfc-cf9e-42e0-be17-e2c3e1d2600d,europop
b10bbbfc-cf9e-42e0-be17-e2c3e1d2600d,experimental
b10bbbfc-cf9e-42e0-be17-e2c3e1d2600d,experimental rock
b10bbbfc-cf9e-42e0-be17-e2c3e1d2600d,favoritos
b10bbbfc-cf9e-42e0-be17-e2c3e1d2600d,film soundtrack
b10bbbfc-cf9e-42e0-be17-e2c3e1d2600d,folk pop
b10bbbfc-cf9e-42e0-be17-e2c3e1d2600d,folk rock
b10bbbfc-cf9e-42e0-be17-e2c3e1d2600d,folk-rock
b10bbbfc-cf9e-42e0-be17-e2c3e1d2600d,get back
b10bbbfc-cf9e-42e0-be17-e2c3e1d2600d,hair metal
b10bbbfc-cf9e-42e0-be17-e2c3e1d2600d,hard rock
b10bbbfc-cf9e-42e0-be17-e2c3e1d2600d,heavy metal
b10bbbfc-cf9e-42e0-be17-e2c3e1d2600d,indie rock
b10bbbfc-cf9e-42e0-be17-e2c3e1d2600d,instrumental pop
b10bbbfc-cf9e-42e0-be17-e2c3e1d2600d,mainstream rock
b10bbbfc-cf9e-42e0-be17-e2c3e1d2600d,male vocalists
b10bbbfc-cf9e-42e0-be17-e2c3e1d2600d,merseybeat
b10bbbfc-cf9e-42e0-be17-e2c3e1d2600d,one beatles
b10bbbfc-cf9e-42e0-be17-e2c3e1d2600d,orchestral
b10bbbfc-cf9e-42e0-be17-e2c3e1d2600d,orchestral pop
b10bbbfc-cf9e-42e0-be17-e2c3e1d2600d,overrated
b10bbbfc-cf9e-42e0-be17-e2c3e1d2600d,parlophone
b10bbbfc-cf9e-42e0-be17-e2c3e1d2600d,pop
b10bbbfc-cf9e-42e0-be17-e2c3e1d2600d,pop rock
b10bbbfc-cf9e-42e0-be17-e2c3e1d2600d,pop-metal
b10bbbfc-cf9e-42e0-be17-e2c3e1d2600d,pop-rock
b10bbbfc-cf9e-42e0-be17-e2c3e1d2600d,pop/rock
b10bbbfc-cf9e-42e0-be17-e2c3e1d2600d,popular music
b10bbbfc-cf9e-42e0-be17-e2c3e1d2600d,progressive rock
b10bbbfc-cf9e-42e0-be17-e2c3e1d2600d,psychedelia
b10bbbfc-cf9e-42e0-be17-e2c3e1d2600d,psychedelic
b10bbbfc-cf9e-42e0-be17-e2c3e1d2600d,psychedelic pop
b10bbbfc-cf9e-42e0-be17-e2c3e1d2600d,psychedelic rock
b10bbbfc-cf9e-42e0-be17-e2c3e1d2600d,psychedelic/garage
b10bbbfc-cf9e-42e0-be17-e2c3e1d2600d,rhythm & blues
b10bbbfc-cf9e-42e0-be17-e2c3e1d2600d,rock
b10bbbfc-cf9e-42e0-be17-e2c3e1d2600d,rock & roll
b10bbbfc-cf9e-42e0-be17-e2c3e1d2600d,rock and roll
b10bbbfc-cf9e-42e0-be17-e2c3e1d2600d,rock groups
b10bbbfc-cf9e-42e0-be17-e2c3e1d2600d,rock music
b10bbbfc-cf9e-42e0-be17-e2c3e1d2600d,rock roll
b10bbbfc-cf9e-42e0-be17-e2c3e1d2600d,singer songwriter
b10bbbfc-cf9e-42e0-be17-e2c3e1d2600d,sunshine pop
b10bbbfc-cf9e-42e0-be17-e2c3e1d2600d,the beatles - primal colours
b10bbbfc-cf9e-42e0-be17-e2c3e1d2600d,the-beatles
b10bbbfc-cf9e-42e0-be17-e2c3e1d2600d,tribute albums
b10bbbfc-cf9e-42e0-be17-e2c3e1d2600d,vyrzukhisuc-artiest
b071f9fa-14b0-4217-8e97-eb41da73f598,album rock
b071f9fa-14b0-4217-8e97-eb41da73f598,beat music
b071f9fa-14b0-4217-8e97-eb41da73f598,blues
b071f9fa-14b0-4217-8e97-eb41da73f598,blues rock
b071f9fa-14b0-4217-8e97-eb41da73f598,classic pop and rock
b071f9fa-14b0-4217-8e97-eb41da73f598,classic rock
b071f9fa-14b0-4217-8e97-eb41da73f598,country
b071f9fa-14b0-4217-8e97-eb41da73f598,dance-rock
b071f9fa-14b0-4217-8e97-eb41da73f598,english
b071f9fa-14b0-4217-8e97-eb41da73f598,essentials
b071f9fa-14b0-4217-8e97-eb41da73f598,greatest hits
b071f9fa-14b0-4217-8e97-eb41da73f598,hard rock
b071f9fa-14b0-4217-8e97-eb41da73f598,live
b071f9fa-14b0-4217-8e97-eb41da73f598,mainstream rock
b071f9fa-14b0-4217-8e97-eb41da73f598,merseybeat
b071f9fa-14b0-4217-8e97-eb41da73f598,mick jagger
b071f9fa-14b0-4217-8e97-eb41da73f598,pop
b071f9fa-14b0-4217-8e97-eb41da73f598,pop rock
b071f9fa-14b0-4217-8e97-eb41da73f598,psychedelic pop
b071f9fa-14b0-4217-8e97-eb41da73f598,psychedelic rock
b071f9fa-14b0-4217-8e97-eb41da73f598,reggae
b071f9fa-14b0-4217-8e97-eb41da73f598,rhythm & blues
b071f9fa-14b0-4217-8e97-eb41da73f598,rnb
b071f9fa-14b0-4217-8e97-eb41da73f598,rock
b071f9fa-14b0-4217-8e97-eb41da73f598,rock & roll
b071f9fa-14b0-4217-8e97-eb41da73f598,rock and roll
b071f9fa-14b0-4217-8e97-eb41da73f598,roots rock
b071f9fa-14b0-4217-8e97-eb41da73f598,some girls
b071f9fa-14b0-4217-8e97-eb41da73f598,strictly stereo 1964 - 1969
b071f9fa-14b0-4217-8e97-eb41da73f598,the-rolling-stones
678d88b2-87b0-403b-b63d-5da7465aecc3,américain
678d88b2-87b0-403b-b63d-5da7465aecc3,arena rock
678d88b2-87b0-403b-b63d-5da7465aecc3,band
678d88b2-87b0-403b-b63d-5da7465aecc3,blues
678d88b2-87b0-403b-b63d-5da7465aecc3,blues rock
678d88b2-87b0-403b-b63d-5da7465aecc3,classic pop and rock
678d88b2-87b0-403b-b63d-5da7465aecc3,classic rock
678d88b2-87b0-403b-b63d-5da7465aecc3,english
678d88b2-87b0-403b-b63d-5da7465aecc3,film soundtrack
678d88b2-87b0-403b-b63d-5da7465aecc3,folk
678d88b2-87b0-403b-b63d-5da7465aecc3,folk rock
678d88b2-87b0-403b-b63d-5da7465aecc3,hard rock
678d88b2-87b0-403b-b63d-5da7465aecc3,heavy metal
678d88b2-87b0-403b-b63d-5da7465aecc3,led zeppelin
678d88b2-87b0-403b-b63d-5da7465aecc3,metal
678d88b2-87b0-403b-b63d-5da7465aecc3,persistence
678d88b2-87b0-403b-b63d-5da7465aecc3,pop rock
678d88b2-87b0-403b-b63d-5da7465aecc3,prog related
678d88b2-87b0-403b-b63d-5da7465aecc3,progressive rock
678d88b2-87b0-403b-b63d-5da7465aecc3,rock
678d88b2-87b0-403b-b63d-5da7465aecc3,want to listen
678d88b2-87b0-403b-b63d-5da7465aecc3,zoo
0383dadf-2a4e-4d10-a46a-e9e041da8eb3,70's
0383dadf-2a4e-4d10-a46a-e9e041da8eb3,70s
0383dadf-2a4e-4d10-a46a-e9e041da8eb3,80's
0383dadf-2a4e-4d10-a46a-e9e041da8eb3,80s
0383dadf-2a4e-4d10-a46a-e9e041da8eb3,90's
0383dadf-2a4e-4d10-a46a-e9e041da8eb3,90s
0383dadf-2a4e-4d10-a46a-e9e041da8eb3,anthemic
0383dadf-2a4e-4d10-a46a-e9e041da8eb3,arena rock
0383dadf-2a4e-4d10-a46a-e9e041da8eb3,art rock
0383dadf-2a4e-4d10-a46a-e9e041da8eb3,awesome
0383dadf-2a4e-4d10-a46a-e9e041da8eb3,awe︎some
0383dadf-2a4e-4d10-a46a-e9e041da8eb3,band
0383dadf-2a4e-4d10-a46a-e9e041da8eb3,baroque pop
0383dadf-2a4e-4d10-a46a-e9e041da8eb3,beholder
0383dadf-2a4e-4d10-a46a-e9e041da8eb3,bombastic
0383dadf-2a4e-4d10-a46a-e9e041da8eb3,classic pop and rock
0383dadf-2a4e-4d10-a46a-e9e041da8eb3,classic rock
0383dadf-2a4e-4d10-a46a-e9e041da8eb3,disco
0383dadf-2a4e-4d10-a46a-e9e041da8eb3,eclectic
0383dadf-2a4e-4d10-a46a-e9e041da8eb3,energetic
0383dadf-2a4e-4d10-a46a-e9e041da8eb3,english
0383dadf-2a4e-4d10-a46a-e9e041da8eb3,fantasy
0383dadf-2a4e-4d10-a46a-e9e041da8eb3,film soundtrack
0383dadf-2a4e-4d10-a46a-e9e041da8eb3,glam rock
0383dadf-2a4e-4d10-a46a-e9e041da8eb3,glorious
0383dadf-2a4e-4d10-a46a-e9e041da8eb3,hard rock
0383dadf-2a4e-4d10-a46a-e9e041da8eb3,heavy metal
0383dadf-2a4e-4d10-a46a-e9e041da8eb3,kind of magic
0383dadf-2a4e-4d10-a46a-e9e041da8eb3,langham 1 studio bbc
0383dadf-2a4e-4d10-a46a-e9e041da8eb3,mainstream rock
0383dadf-2a4e-4d10-a46a-e9e041da8eb3,medley
0383dadf-2a4e-4d10-a46a-e9e041da8eb3,melodic
0383dadf-2a4e-4d10-a46a-e9e041da8eb3,platinum
0383dadf-2a4e-4d10-a46a-e9e041da8eb3,playful
0383dadf-2a4e-4d10-a46a-e9e041da8eb3,pop
0383dadf-2a4e-4d10-a46a-e9e041da8eb3,pop rock
0383dadf-2a4e-4d10-a46a-e9e041da8eb3,pop-rock
0383dadf-2a4e-4d10-a46a-e9e041da8eb3,pop/rock
0383dadf-2a4e-4d10-a46a-e9e041da8eb3,progressive rock
0383dadf-2a4e-4d10-a46a-e9e041da8eb3,queen
0383dadf-2a4e-4d10-a46a-e9e041da8eb3,queen family
0383dadf-2a4e-4d10-a46a-e9e041da8eb3,queer
0383dadf-2a4e-4d10-a46a-e9e041da8eb3,rhythmic
0383dadf-2a4e-4d10-a46a-e9e041da8eb3,rock
0383dadf-2a4e-4d10-a46a-e9e041da8eb3,rx27
0383dadf-2a4e-4d10-a46a-e9e041da8eb3,sa-town anthem
0383dadf-2a4e-4d10-a46a-e9e041da8eb3,server name
0383dadf-2a4e-4d10-a46a-e9e041da8eb3,symphonic rock
0383dadf-2a4e-4d10-a46a-e9e041da8eb3,uplifting
0383dadf-2a4e-4d10-a46a-e9e041da8eb3,vyrzukhisuc-artiest
a74b1b7f-71a5-4011-9441-d0b5e4122711,1992-1998
a74b1b7f-71a5-4011-9441-d0b5e4122711,alternative
a74b1b7f-71a5-4011-9441-d0b5e4122711,alternative rock
a74b1b7f-71a5-4011-9441-d0b5e4122711,alternative rock music
a74b1b7f-71a5-4011-9441-d0b5e4122711,ambient pop
a74b1b7f-71a5-4011-9441-d0b5e4122711,art pop
a74b1b7f-71a5-4011-9441-d0b5e4122711,art rock
a74b1b7f-71a5-4011-9441-d0b5e4122711,bootleg
a74b1b7f-71a5-4011-9441-d0b5e4122711,britrock
a74b1b7f-71a5-4011-9441-d0b5e4122711,chamber pop
a74b1b7f-71a5-4011-9441-d0b5e4122711,crossover prog
a74b1b7f-71a5-4011-9441-d0b5e4122711,c’était mieux avant
a74b1b7f-71a5-4011-9441-d0b5e4122711,electronic
a74b1b7f-71a5-4011-9441-d0b5e4122711,electronic rock
a74b1b7f-71a5-4011-9441-d0b5e4122711,electronica
a74b1b7f-71a5-4011-9441-d0b5e4122711,english
a74b1b7f-71a5-4011-9441-d0b5e4122711,experimental
a74b1b7f-71a5-4011-9441-d0b5e4122711,experimental rock
a74b1b7f-71a5-4011-9441-d0b5e4122711,grunge
a74b1b7f-71a5-4011-9441-d0b5e4122711,idm
a74b1b7f-71a5-4011-9441-d0b5e4122711,indie rock
a74b1b7f-71a5-4011-9441-d0b5e4122711,indietronica
a74b1b7f-71a5-4011-9441-d0b5e4122711,lolicore
a74b1b7f-71a5-4011-9441-d0b5e4122711,melancholic
a74b1b7f-71a5-4011-9441-d0b5e4122711,new grave
a74b1b7f-71a5-4011-9441-d0b5e4122711,nude
a74b1b7f-71a5-4011-9441-d0b5e4122711,oxford
a74b1b7f-71a5-4011-9441-d0b5e4122711,parlophone
a74b1b7f-71a5-4011-9441-d0b5e4122711,post-grunge
a74b1b7f-71a5-4011-9441-d0b5e4122711,post-rock
a74b1b7f-71a5-4011-9441-d0b5e4122711,progressive rock music
a74b1b7f-71a5-4011-9441-d0b5e4122711,rock
a74b1b7f-71a5-4011-9441-d0b5e4122711,rock and indie
a74b1b7f-71a5-4011-9441-d0b5e4122711,sacred cows
a74b1b7f-71a5-4011-9441-d0b5e4122711,trap edm
a74b1b7f-71a5-4011-9441-d0b5e4122711,vyrzukhisuc-artiest
618b6900-0618-4f1e-b835-bccb17f84294,2008 universal fire victim
618b6900-0618-4f1e-b835-bccb17f84294,24 nights
618b6900-0618-4f1e-b835-bccb17f84294,acoustic blues
618b6900-0618-4f1e-b835-bccb17f84294,blues
618b6900-0618-4f1e-b835-bccb17f84294,blues rock
618b6900-0618-4f1e-b835-bccb17f84294,clapton
618b6900-0618-4f1e-b835-bccb17f84294,classic pop and rock
618b6900-0618-4f1e-b835-bccb17f84294,electric blues
618b6900-0618-4f1e-b835-bccb17f84294,eric clapton
618b6900-0618-4f1e-b835-bccb17f84294,guitar
618b6900-0618-4f1e-b835-bccb17f84294,guitarists
618b6900-0618-4f1e-b835-bccb17f84294,hard rock
618b6900-0618-4f1e-b835-bccb17f84294,immortal
618b6900-0618-4f1e-b835-bccb17f84294,montreux
618b6900-0618-4f1e-b835-bccb17f84294,pop
618b6900-0618-4f1e-b835-bccb17f84294,pop rock
618b6900-0618-4f1e-b835-bccb17f84294,pop/rock
618b6900-0618-4f1e-b835-bccb17f84294,psychedelic rock
618b6900-0618-4f1e-b835-bccb17f84294,reggae
618b6900-0618-4f1e-b835-bccb17f84294,rock
618b6900-0618-4f1e-b835-bccb17f84294,soft rock
9fdaa16b-a6c4-4831-b87c-bc9ca8ce7eaa,2008 universal fire victim
9fdaa16b-a6c4-4831-b87c-bc9ca8ce7eaa,art pop
9fdaa16b-a6c4-4831-b87c-bc9ca8ce7eaa,art rock
9fdaa16b-a6c4-4831-b87c-bc9ca8ce7eaa,beat music
9fdaa16b-a6c4-4831-b87c-bc9ca8ce7eaa,classic pop and rock
9fdaa16b-a6c4-4831-b87c-bc9ca8ce7eaa,classic rock
9fdaa16b-a6c4-4831-b87c-bc9ca8ce7eaa,english
9fdaa16b-a6c4-4831-b87c-bc9ca8ce7eaa,freakbeat
9fdaa16b-a6c4-4831-b87c-bc9ca8ce7eaa,garage rock
9fdaa16b-a6c4-4831-b87c-bc9ca8ce7eaa,hard rock
9fdaa16b-a6c4-4831-b87c-bc9ca8ce7eaa,merseybeat
9fdaa16b-a6c4-4831-b87c-bc9ca8ce7eaa,mod
9fdaa16b-a6c4-4831-b87c-bc9ca8ce7eaa,pop rock
9fdaa16b-a6c4-4831-b87c-bc9ca8ce7eaa,power pop
9fdaa16b-a6c4-4831-b87c-bc9ca8ce7eaa,proto-prog
9fdaa16b-a6c4-4831-b87c-bc9ca8ce7eaa,psychedelic pop
9fdaa16b-a6c4-4831-b87c-bc9ca8ce7eaa,psychedelic rock
9fdaa16b-a6c4-4831-b87c-bc9ca8ce7eaa,rock
9fdaa16b-a6c4-4831-b87c-bc9ca8ce7eaa,rock and roll
9fdaa16b-a6c4-4831-b87c-bc9ca8ce7eaa,rock groups
9fdaa16b-a6c4-4831-b87c-bc9ca8ce7eaa,rock opera
8e3fcd7d-bda1-4ca0-b987-b8528d2ee74e,2000s
8e3fcd7d-bda1-4ca0-b987-b8528d2ee74e,70s
8e3fcd7d-bda1-4ca0-b987-b8528d2ee74e,80s
8e3fcd7d-bda1-4ca0-b987-b8528d2ee74e,90s
8e3fcd7d-bda1-4ca0-b987-b8528d2ee74e,art rock
8e3fcd7d-bda1-4ca0-b987-b8528d2ee74e,classic pop and rock
8e3fcd7d-bda1-4ca0-b987-b8528d2ee74e,classic rock
8e3fcd7d-bda1-4ca0-b987-b8528d2ee74e,dad rock
8e3fcd7d-bda1-4ca0-b987-b8528d2ee74e,english
8e3fcd7d-bda1-4ca0-b987-b8528d2ee74e,folk
8e3fcd7d-bda1-4ca0-b987-b8528d2ee74e,pop
8e3fcd7d-bda1-4ca0-b987-b8528d2ee74e,pop rock
8e3fcd7d-bda1-4ca0-b987-b8528d2ee74e,pop/rock
8e3fcd7d-bda1-4ca0-b987-b8528d2ee74e,progressive
8e3fcd7d-bda1-4ca0-b987-b8528d2ee74e,progressive pop
8e3fcd7d-bda1-4ca0-b987-b8528d2ee74e,progressive rock
8e3fcd7d-bda1-4ca0-b987-b8528d2ee74e,rock
8e3fcd7d-bda1-4ca0-b987-b8528d2ee74e,rock opera
8e3fcd7d-bda1-4ca0-b987-b8528d2ee74e,soft rock
8e3fcd7d-bda1-4ca0-b987-b8528d2ee74e,symphonic prog
8e3fcd7d-bda1-4ca0-b987-b8528d2ee74e,vyrzukhisuc-artiest
1932f5b6-0b7b-4050-b1df-833ca89e5f44,acoustic rock
1932f5b6-0b7b-4050-b1df-833ca89e5f44,alternative rock
1932f5b6-0b7b-4050-b1df-833ca89e5f44,art rock
1932f5b6-0b7b-4050-b1df-833ca89e5f44,neo-prog
1932f5b6-0b7b-4050-b1df-833ca89e5f44,neo-progressive rock
1932f5b6-0b7b-4050-b1df-833ca89e5f44,pop rock
1932f5b6-0b7b-4050-b1df-833ca89e5f44,progressive pop
1932f5b6-0b7b-4050-b1df-833ca89e5f44,progressive rock
1932f5b6-0b7b-4050-b1df-833ca89e5f44,rock
1932f5b6-0b7b-4050-b1df-833ca89e5f44,rock and indie
1932f5b6-0b7b-4050-b1df-833ca89e5f44,vyrzukhisuc-artiest
8538e728-ca0b-4321-b7e5-cff6565dd4c0,alternative dance
8538e728-ca0b-4321-b7e5-cff6565dd4c0,alternative rock
8538e728-ca0b-4321-b7e5-cff6565dd4c0,barrel
8538e728-ca0b-4321-b7e5-cff6565dd4c0,dark wave
8538e728-ca0b-4321-b7e5-cff6565dd4c0,downtempo
8538e728-ca0b-4321-b7e5-cff6565dd4c0,electronic
8538e728-ca0b-4321-b7e5-cff6565dd4c0,electronic rock
8538e728-ca0b-4321-b7e5-cff6565dd4c0,electronica
8538e728-ca0b-4321-b7e5-cff6565dd4c0,english
8538e728-ca0b-4321-b7e5-cff6565dd4c0,industrial
8538e728-ca0b-4321-b7e5-cff6565dd4c0,new romantic
8538e728-ca0b-4321-b7e5-cff6565dd4c0,new wave
8538e728-ca0b-4321-b7e5-cff6565dd4c0,pity pop
8538e728-ca0b-4321-b7e5-cff6565dd4c0,post punk
8538e728-ca0b-4321-b7e5-cff6565dd4c0,post-punk
8538e728-ca0b-4321-b7e5-cff6565dd4c0,producer
8538e728-ca0b-4321-b7e5-cff6565dd4c0,producteur
8538e728-ca0b-4321-b7e5-cff6565dd4c0,remix
8538e728-ca0b-4321-b7e5-cff6565dd4c0,rock and indie
8538e728-ca0b-4321-b7e5-cff6565dd4c0,synth pop
8538e728-ca0b-4321-b7e5-cff6565dd4c0,synth-pop
8538e728-ca0b-4321-b7e5-cff6565dd4c0,synthpop
b83bc61f-8451-4a5d-8b8e-7e9ed295e822,2008 universal fire victim
b83bc61f-8451-4a5d-8b8e-7e9ed295e822,adult contemporary
b83bc61f-8451-4a5d-8b8e-7e9ed295e822,album rock
b83bc61f-8451-4a5d-8b8e-7e9ed295e822,am pop
b83bc61f-8451-4a5d-8b8e-7e9ed295e822,barcode:0602507159085
b83bc61f-8451-4a5d-8b8e-7e9ed295e822,classic pop and rock
b83bc61f-8451-4a5d-8b8e-7e9ed295e822,classic rock
b83bc61f-8451-4a5d-8b8e-7e9ed295e822,contemporary pop/rock
b83bc61f-8451-4a5d-8b8e-7e9ed295e822,country
b83bc61f-8451-4a5d-8b8e-7e9ed295e822,dance
b83bc61f-8451-4a5d-8b8e-7e9ed295e822,elton-john
b83bc61f-8451-4a5d-8b8e-7e9ed295e822,english
b83bc61f-8451-4a5d-8b8e-7e9ed295e822,film score
b83bc61f-8451-4a5d-8b8e-7e9ed295e822,glam rock
b83bc61f-8451-4a5d-8b8e-7e9ed295e822,greatest hits 1970–2002
b83bc61f-8451-4a5d-8b8e-7e9ed295e822,hip hop
b83bc61f-8451-4a5d-8b8e-7e9ed295e822,house
b83bc61f-8451-4a5d-8b8e-7e9ed295e822,piano rock
b83bc61f-8451-4a5d-8b8e-7e9ed295e822,pop
b83bc61f-8451-4a5d-8b8e-7e9ed295e822,pop rock
b83bc61f-8451-4a5d-8b8e-7e9ed295e822,pop/rock
b83bc61f-8451-4a5d-8b8e-7e9ed295e822,r&b
b83bc61f-8451-4a5d-8b8e-7e9ed295e822,rock
b83bc61f-8451-4a5d-8b8e-7e9ed295e822,rock and roll
b83bc61f-8451-4a5d-8b8e-7e9ed295e822,show/musical
b83bc61f-8451-4a5d-8b8e-7e9ed295e822,singer-songwriter
b83bc61f-8451-4a5d-8b8e-7e9ed295e822,singer/songwriter
b83bc61f-8451-4a5d-8b8e-7e9ed295e822,soft rock
69ee3720-a7cb-4402-b48d-a02c366f2bcf,1985
69ee3720-a7cb-4402-b48d-a02c366f2bcf,80s
69ee3720-a7cb-4402-b48d-a02c366f2bcf,alternative
69ee3720-a7cb-4402-b48d-a02c366f2bcf,alternative rock
69ee3720-a7cb-4402-b48d-a02c366f2bcf,classic pop and rock
69ee3720-a7cb-4402-b48d-a02c366f2bcf,dance-rock
69ee3720-a7cb-4402-b48d-a02c366f2bcf,dark
69ee3720-a7cb-4402-b48d-a02c366f2bcf,english
69ee3720-a7cb-4402-b48d-a02c366f2bcf,goth
69ee3720-a7cb-4402-b48d-a02c366f2bcf,gothic
69ee3720-a7cb-4402-b48d-a02c366f2bcf,gothic rock
69ee3720-a7cb-4402-b48d-a02c366f2bcf,indie rock
69ee3720-a7cb-4402-b48d-a02c366f2bcf,jangle pop
69ee3720-a7cb-4402-b48d-a02c366f2bcf,new wave
69ee3720-a7cb-4402-b48d-a02c366f2bcf,pop
69ee3720-a7cb-4402-b48d-a02c366f2bcf,pop rock
69ee3720-a7cb-4402-b48d-a02c366f2bcf,post-punk
69ee3720-a7cb-4402-b48d-a02c366f2bcf,punk
69ee3720-a7cb-4402-b48d-a02c366f2bcf,rock
69ee3720-a7cb-4402-b48d-a02c366f2bcf,synth-pop
69ee3720-a7cb-4402-b48d-a02c366f2bcf,synthpop
69ee3720-a7cb-4402-b48d-a02c366f2bcf,vyrzukhisuc-artiest
bd13909f-1c29-4c27-a874-d4aaf27c5b1a,acoustic rock
bd13909f-1c29-4c27-a874-d4aaf27c5b1a,art pop
bd13909f-1c29-4c27-a874-d4aaf27c5b1a,band
bd13909f-1c29-4c27-a874-d4aaf27c5b1a,blues
bd13909f-1c29-4c27-a874-d4aaf27c5b1a,blues rock
bd13909f-1c29-4c27-a874-d4aaf27c5b1a,classic pop and rock
bd13909f-1c29-4c27-a874-d4aaf27c5b1a,classic rock
bd13909f-1c29-4c27-a874-d4aaf27c5b1a,electric blues
bd13909f-1c29-4c27-a874-d4aaf27c5b1a,english
bd13909f-1c29-4c27-a874-d4aaf27c5b1a,fleetwood mac
bd13909f-1c29-4c27-a874-d4aaf27c5b1a,folk rock
bd13909f-1c29-4c27-a874-d4aaf27c5b1a,jam band
bd13909f-1c29-4c27-a874-d4aaf27c5b1a,pop
bd13909f-1c29-4c27-a874-d4aaf27c5b1a,pop rock
bd13909f-1c29-4c27-a874-d4aaf27c5b1a,pop/rock
bd13909f-1c29-4c27-a874-d4aaf27c5b1a,psychedelic rock
bd13909f-1c29-4c27-a874-d4aaf27c5b1a,rock
bd13909f-1c29-4c27-a874-d4aaf27c5b1a,rock music
bd13909f-1c29-4c27-a874-d4aaf27c5b1a,soft rock
17b53d9f-5c63-4a09-a593-dde4608e0db9,60's
17b53d9f-5c63-4a09-a593-dde4608e0db9,60s
17b53d9f-5c63-4a09-a593-dde4608e0db9,baroque pop
17b53d9f-5c63-4a09-a593-dde4608e0db9,beat music
17b53d9f-5c63-4a09-a593-dde4608e0db9,classic pop and rock
17b53d9f-5c63-4a09-a593-dde4608e0db9,classic rock
17b53d9f-5c63-4a09-a593-dde4608e0db9,english
17b53d9f-5c63-4a09-a593-dde4608e0db9,garage rock
17b53d9f-5c63-4a09-a593-dde4608e0db9,mod
17b53d9f-5c63-4a09-a593-dde4608e0db9,pop
17b53d9f-5c63-4a09-a593-dde4608e0db9,pop rock
17b53d9f-5c63-4a09-a593-dde4608e0db9,pop/rock
17b53d9f-5c63-4a09-a593-dde4608e0db9,proto-punk
17b53d9f-5c63-4a09-a593-dde4608e0db9,proto-rock
17b53d9f-5c63-4a09-a593-dde4608e0db9,rock
17b53d9f-5c63-4a09-a593-dde4608e0db9,rock & roll
17b53d9f-5c63-4a09-a593-dde4608e0db9,rock and roll
4d5447d7-c61c-4120-ba1b-d7f471d385b9,aln-sh
4d5447d7-c61c-4120-ba1b-d7f471d385b9,classic pop and rock
4d5447d7-c61c-4120-ba1b-d7f471d385b9,classic rock
4d5447d7-c61c-4120-ba1b-d7f471d385b9,death by gun
4d5447d7-c61c-4120-ba1b-d7f471d385b9,death by murder
4d5447d7-c61c-4120-ba1b-d7f471d385b9,english
4d5447d7-c61c-4120-ba1b-d7f471d385b9,experimental
4d5447d7-c61c-4120-ba1b-d7f471d385b9,folk
4d5447d7-c61c-4120-ba1b-d7f471d385b9,murdered
4d5447d7-c61c-4120-ba1b-d7f471d385b9,peace
4d5447d7-c61c-4120-ba1b-d7f471d385b9,pop
4d5447d7-c61c-4120-ba1b-d7f471d385b9,pop rock
4d5447d7-c61c-4120-ba1b-d7f471d385b9,rock
4d5447d7-c61c-4120-ba1b-d7f471d385b9,rock & roll
4d5447d7-c61c-4120-ba1b-d7f471d385b9,rock and roll
4d5447d7-c61c-4120-ba1b-d7f471d385b9,singer-songwriter
4d5447d7-c61c-4120-ba1b-d7f471d385b9,singer/songwriter
4d5447d7-c61c-4120-ba1b-d7f471d385b9,wifebeater
79491354-3d83-40e3-9d8e-7592d58d790a,60's
79491354-3d83-40e3-9d8e-7592d58d790a,60s
79491354-3d83-40e3-9d8e-7592d58d790a,70's
79491354-3d83-40e3-9d8e-7592d58d790a,70s
79491354-3d83-40e3-9d8e-7592d58d790a,80's
79491354-3d83-40e3-9d8e-7592d58d790a,80s
79491354-3d83-40e3-9d8e-7592d58d790a,anthology
79491354-3d83-40e3-9d8e-7592d58d790a,aor
79491354-3d83-40e3-9d8e-7592d58d790a,art rock
79491354-3d83-40e3-9d8e-7592d58d790a,blues rock
79491354-3d83-40e3-9d8e-7592d58d790a,classic pop and rock
79491354-3d83-40e3-9d8e-7592d58d790a,classic rock
79491354-3d83-40e3-9d8e-7592d58d790a,collection
79491354-3d83-40e3-9d8e-7592d58d790a,deep purple
79491354-3d83-40e3-9d8e-7592d58d790a,deep purple family
79491354-3d83-40e3-9d8e-7592d58d790a,english
79491354-3d83-40e3-9d8e-7592d58d790a,hammond
79491354-3d83-40e3-9d8e-7592d58d790a,hammond organ
79491354-3d83-40e3-9d8e-7592d58d790a,hard rock
79491354-3d83-40e3-9d8e-7592d58d790a,heavy metal
79491354-3d83-40e3-9d8e-7592d58d790a,metal
79491354-3d83-40e3-9d8e-7592d58d790a,progressive rock
79491354-3d83-40e3-9d8e-7592d58d790a,proto-prog
79491354-3d83-40e3-9d8e-7592d58d790a,rock
79491354-3d83-40e3-9d8e-7592d58d790a,server name
79491354-3d83-40e3-9d8e-7592d58d790a,symphonic prog
79491354-3d83-40e3-9d8e-7592d58d790a,symphonic rock
79491354-3d83-40e3-9d8e-7592d58d790a,want to listen
5a28f8c2-31fb-4047-ae57-c5c326989262,angel voices
5a28f8c2-31fb-4047-ae57-c5c326989262,classic pop and rock
5a28f8c2-31fb-4047-ae57-c5c326989262,classic rock
5a28f8c2-31fb-4047-ae57-c5c326989262,cotm candidate
5a28f8c2-31fb-4047-ae57-c5c326989262,english
5a28f8c2-31fb-4047-ae57-c5c326989262,hard rock
5a28f8c2-31fb-4047-ae57-c5c326989262,progressive rock
5a28f8c2-31fb-4047-ae57-c5c326989262,psychedelic
5a28f8c2-31fb-4047-ae57-c5c326989262,psychedelic rock
5a28f8c2-31fb-4047-ae57-c5c326989262,rock
5a28f8c2-31fb-4047-ae57-c5c326989262,space rock
ba550d0e-adac-4864-b88b-407cab5e76af,00s
ba550d0e-adac-4864-b88b-407cab5e76af,60s
ba550d0e-adac-4864-b88b-407cab5e76af,70s
ba550d0e-adac-4864-b88b-407cab5e76af,80s
ba550d0e-adac-4864-b88b-407cab5e76af,90s
ba550d0e-adac-4864-b88b-407cab5e76af,classic pop and rock
ba550d0e-adac-4864-b88b-407cab5e76af,classical
ba550d0e-adac-4864-b88b-407cab5e76af,composer
ba550d0e-adac-4864-b88b-407cab5e76af,english
ba550d0e-adac-4864-b88b-407cab5e76af,folk
ba550d0e-adac-4864-b88b-407cab5e76af,grammy winner
ba550d0e-adac-4864-b88b-407cab5e76af,male vocalists
ba550d0e-adac-4864-b88b-407cab5e76af,pop
ba550d0e-adac-4864-b88b-407cab5e76af,pop rock
ba550d0e-adac-4864-b88b-407cab5e76af,pop soul
ba550d0e-adac-4864-b88b-407cab5e76af,pop/rock
ba550d0e-adac-4864-b88b-407cab5e76af,rock
ba550d0e-adac-4864-b88b-407cab5e76af,rock & roll
ba550d0e-adac-4864-b88b-407cab5e76af,rock and roll
ba550d0e-adac-4864-b88b-407cab5e76af,singer-songwriter
ba550d0e-adac-4864-b88b-407cab5e76af,singer/songwriter
ba550d0e-adac-4864-b88b-407cab5e76af,soft rock
ba550d0e-adac-4864-b88b-407cab5e76af,standards
ba550d0e-adac-4864-b88b-407cab5e76af,synthpop
ba550d0e-adac-4864-b88b-407cab5e76af,the beatles
ba550d0e-adac-4864-b88b-407cab5e76af,western classical music
ece57992-dc2e-4f67-a269-fa43626c1a3d,art rock
ece57992-dc2e-4f67-a269-fa43626c1a3d,blues rock
ece57992-dc2e-4f67-a269-fa43626c1a3d,christmas music
ece57992-dc2e-4f67-a269-fa43626c1a3d,classic pop and rock
ece57992-dc2e-4f67-a269-fa43626c1a3d,classic rock
ece57992-dc2e-4f67-a269-fa43626c1a3d,english
ece57992-dc2e-4f67-a269-fa43626c1a3d,folk
ece57992-dc2e-4f67-a269-fa43626c1a3d,folk rock
ece57992-dc2e-4f67-a269-fa43626c1a3d,hard rock
ece57992-dc2e-4f67-a269-fa43626c1a3d,prog folk
ece57992-dc2e-4f67-a269-fa43626c1a3d,progressive
ece57992-dc2e-4f67-a269-fa43626c1a3d,progressive folk
ece57992-dc2e-4f67-a269-fa43626c1a3d,progressive rock
ece57992-dc2e-4f67-a269-fa43626c1a3d,rock
ece57992-dc2e-4f67-a269-fa43626c1a3d,rockgruppe
ece57992-dc2e-4f67-a269-fa43626c1a3d,steven wilson remix
b38225b8-8e5f-42aa-bcdc-7bae5b5bdab3,absent lovers
b38225b8-8e5f-42aa-bcdc-7bae5b5bdab3,abstract
b38225b8-8e5f-42aa-bcdc-7bae5b5bdab3,aln-sh
b38225b8-8e5f-42aa-bcdc-7bae5b5bdab3,anxious
b38225b8-8e5f-42aa-bcdc-7bae5b5bdab3,art rock
b38225b8-8e5f-42aa-bcdc-7bae5b5bdab3,avant-garde
b38225b8-8e5f-42aa-bcdc-7bae5b5bdab3,avant-prog
b38225b8-8e5f-42aa-bcdc-7bae5b5bdab3,classic pop and rock
b38225b8-8e5f-42aa-bcdc-7bae5b5bdab3,classic rock
b38225b8-8e5f-42aa-bcdc-7bae5b5bdab3,eclectic
b38225b8-8e5f-42aa-bcdc-7bae5b5bdab3,eclectic prog
b38225b8-8e5f-42aa-bcdc-7bae5b5bdab3,english
b38225b8-8e5f-42aa-bcdc-7bae5b5bdab3,experimental
b38225b8-8e5f-42aa-bcdc-7bae5b5bdab3,experimental rock
b38225b8-8e5f-42aa-bcdc-7bae5b5bdab3,free improvisation
b38225b8-8e5f-42aa-bcdc-7bae5b5bdab3,improvisation
b38225b8-8e5f-42aa-bcdc-7bae5b5bdab3,jazz
b38225b8-8e5f-42aa-bcdc-7bae5b5bdab3,jazz fusion
b38225b8-8e5f-42aa-bcdc-7bae5b5bdab3,new wave
b38225b8-8e5f-42aa-bcdc-7bae5b5bdab3,pioneers
b38225b8-8e5f-42aa-bcdc-7bae5b5bdab3,post-progressive
b38225b8-8e5f-42aa-bcdc-7bae5b5bdab3,progressif
b38225b8-8e5f-42aa-bcdc-7bae5b5bdab3,progressive
b38225b8-8e5f-42aa-bcdc-7bae5b5bdab3,progressive rock
b38225b8-8e5f-42aa-bcdc-7bae5b5bdab3,rock
b38225b8-8e5f-42aa-bcdc-7bae5b5bdab3,surreal
b38225b8-8e5f-42aa-bcdc-7bae5b5bdab3,symphonic prog
b38225b8-8e5f-42aa-bcdc-7bae5b5bdab3,symphonic rock
1884ed9c-6fe1-468d-a7f8-8d19c9c4e441,boogie rock
1884ed9c-6fe1-468d-a7f8-8d19c9c4e441,classic pop and rock
1884ed9c-6fe1-468d-a7f8-8d19c9c4e441,classic rock
1884ed9c-6fe1-468d-a7f8-8d19c9c4e441,english
1884ed9c-6fe1-468d-a7f8-8d19c9c4e441,hard rock
1884ed9c-6fe1-468d-a7f8-8d19c9c4e441,pop rock
1884ed9c-6fe1-468d-a7f8-8d19c9c4e441,psychedelic pop
1884ed9c-6fe1-468d-a7f8-8d19c9c4e441,psychedelic rock
1884ed9c-6fe1-468d-a7f8-8d19c9c4e441,rock
c1d4f2ba-cf39-460c-9528-6b827d3417a1,2000s
c1d4f2ba-cf39-460c-9528-6b827d3417a1,2010s
c1d4f2ba-cf39-460c-9528-6b827d3417a1,60s
c1d4f2ba-cf39-460c-9528-6b827d3417a1,70s
c1d4f2ba-cf39-460c-9528-6b827d3417a1,7567826842
c1d4f2ba-cf39-460c-9528-6b827d3417a1,80s
c1d4f2ba-cf39-460c-9528-6b827d3417a1,90s
c1d4f2ba-cf39-460c-9528-6b827d3417a1,aor
c1d4f2ba-cf39-460c-9528-6b827d3417a1,art rock
c1d4f2ba-cf39-460c-9528-6b827d3417a1,classic pop and rock
c1d4f2ba-cf39-460c-9528-6b827d3417a1,classic rock
c1d4f2ba-cf39-460c-9528-6b827d3417a1,disco
c1d4f2ba-cf39-460c-9528-6b827d3417a1,electronic
c1d4f2ba-cf39-460c-9528-6b827d3417a1,english
c1d4f2ba-cf39-460c-9528-6b827d3417a1,folk
c1d4f2ba-cf39-460c-9528-6b827d3417a1,garage rock
c1d4f2ba-cf39-460c-9528-6b827d3417a1,hard rock
c1d4f2ba-cf39-460c-9528-6b827d3417a1,male vocalists
c1d4f2ba-cf39-460c-9528-6b827d3417a1,mario939393
c1d4f2ba-cf39-460c-9528-6b827d3417a1,montreaux
c1d4f2ba-cf39-460c-9528-6b827d3417a1,pop rock
c1d4f2ba-cf39-460c-9528-6b827d3417a1,pop-rock
c1d4f2ba-cf39-460c-9528-6b827d3417a1,pop/rock
c1d4f2ba-cf39-460c-9528-6b827d3417a1,progressive
c1d4f2ba-cf39-460c-9528-6b827d3417a1,progressive pop
c1d4f2ba-cf39-460c-9528-6b827d3417a1,progressive rock
c1d4f2ba-cf39-460c-9528-6b827d3417a1,psychedelic rock
c1d4f2ba-cf39-460c-9528-6b827d3417a1,rock
c1d4f2ba-cf39-460c-9528-6b827d3417a1,symphonic prog
c1d4f2ba-cf39-460c-9528-6b827d3417a1,symphonic rock
c1d4f2ba-cf39-460c-9528-6b827d3417a1,synth-pop
c1d4f2ba-cf39-460c-9528-6b827d3417a1,yes
a35237a0-4f47-40a6-b6f3-1e786db23402,adult contemporary
a35237a0-4f47-40a6-b6f3-1e786db23402,blues rock
a35237a0-4f47-40a6-b6f3-1e786db23402,classic rock
a35237a0-4f47-40a6-b6f3-1e786db23402,easy listening soundtracks and musicals
a35237a0-4f47-40a6-b6f3-1e786db23402,english
a35237a0-4f47-40a6-b6f3-1e786db23402,folk rock
a35237a0-4f47-40a6-b6f3-1e786db23402,nuno
a35237a0-4f47-40a6-b6f3-1e786db23402,pop
a35237a0-4f47-40a6-b6f3-1e786db23402,pop rock
a35237a0-4f47-40a6-b6f3-1e786db23402,pop/rock
a35237a0-4f47-40a6-b6f3-1e786db23402,rock
a35237a0-4f47-40a6-b6f3-1e786db23402,roots rock
a35237a0-4f47-40a6-b6f3-1e786db23402,soft rock
a35237a0-4f47-40a6-b6f3-1e786db23402,standards
c842d29f-a297-48cd-bb71-4f77fd672b16,classic pop and rock
c842d29f-a297-48cd-bb71-4f77fd672b16,english
c842d29f-a297-48cd-bb71-4f77fd672b16,folk rock
c842d29f-a297-48cd-bb71-4f77fd672b16,glam rock
c842d29f-a297-48cd-bb71-4f77fd672b16,pop rock
c842d29f-a297-48cd-bb71-4f77fd672b16,psychedelic folk
c842d29f-a297-48cd-bb71-4f77fd672b16,psychedelic pop
c842d29f-a297-48cd-bb71-4f77fd672b16,psychedelic rock
c842d29f-a297-48cd-bb71-4f77fd672b16,rock
c7cf4584-bfb1-4cf5-be41-aef384310bbb,beat music
c7cf4584-bfb1-4cf5-be41-aef384310bbb,classic pop and rock
c7cf4584-bfb1-4cf5-be41-aef384310bbb,english
c7cf4584-bfb1-4cf5-be41-aef384310bbb,eurovision
c7cf4584-bfb1-4cf5-be41-aef384310bbb,pop
c7cf4584-bfb1-4cf5-be41-aef384310bbb,pop rock
c7cf4584-bfb1-4cf5-be41-aef384310bbb,rock
c7cf4584-bfb1-4cf5-be41-aef384310bbb,rock & roll
c7cf4584-bfb1-4cf5-be41-aef384310bbb,rock and roll
c7cf4584-bfb1-4cf5-be41-aef384310bbb,surf rock
39ab1aed-75e0-4140-bd47-540276886b60,acoustic rock
39ab1aed-75e0-4140-bd47-540276886b60,alternative rock
39ab1aed-75e0-4140-bd47-540276886b60,favoritos
39ab1aed-75e0-4140-bd47-540276886b60,hard rock
39ab1aed-75e0-4140-bd47-540276886b60,indie
39ab1aed-75e0-4140-bd47-540276886b60,indie rock
39ab1aed-75e0-4140-bd47-540276886b60,neo-psychedelia
39ab1aed-75e0-4140-bd47-540276886b60,noise pop
39ab1aed-75e0-4140-bd47-540276886b60,pop rock
39ab1aed-75e0-4140-bd47-540276886b60,power pop
39ab1aed-75e0-4140-bd47-540276886b60,psychedelic rock
39ab1aed-75e0-4140-bd47-540276886b60,rock
39ab1aed-75e0-4140-bd47-540276886b60,rock and indie
39ab1aed-75e0-4140-bd47-540276886b60,shoegaze
ca891d65-d9b0-4258-89f7-e6ba29d83767,825646222902
ca891d65-d9b0-4258-89f7-e6ba29d83767,awesome
ca891d65-d9b0-4258-89f7-e6ba29d83767,awe︎some
ca891d65-d9b0-4258-89f7-e6ba29d83767,english
ca891d65-d9b0-4258-89f7-e6ba29d83767,hard rock
ca891d65-d9b0-4258-89f7-e6ba29d83767,heavy metal
ca891d65-d9b0-4258-89f7-e6ba29d83767,metal
ca891d65-d9b0-4258-89f7-e6ba29d83767,nwobhm
ca891d65-d9b0-4258-89f7-e6ba29d83767,power metal
ca891d65-d9b0-4258-89f7-e6ba29d83767,progressive metal
ca891d65-d9b0-4258-89f7-e6ba29d83767,rock
ca891d65-d9b0-4258-89f7-e6ba29d83767,rock and indie
ca891d65-d9b0-4258-89f7-e6ba29d83767,seen live
f1548c5b-329e-4036-921c-02213a04b525,1 7 186240 183 23558 41608 89158 111733 150833 169883
f1548c5b-329e-4036-921c-02213a04b525,70's
f1548c5b-329e-4036-921c-02213a04b525,80's
f1548c5b-329e-4036-921c-02213a04b525,acoustic rock
f1548c5b-329e-4036-921c-02213a04b525,aor
f1548c5b-329e-4036-921c-02213a04b525,art rock
f1548c5b-329e-4036-921c-02213a04b525,classic rock
f1548c5b-329e-4036-921c-02213a04b525,english
f1548c5b-329e-4036-921c-02213a04b525,hard rock
f1548c5b-329e-4036-921c-02213a04b525,heavy metal
f1548c5b-329e-4036-921c-02213a04b525,max
f1548c5b-329e-4036-921c-02213a04b525,metal
f1548c5b-329e-4036-921c-02213a04b525,pop rock
f1548c5b-329e-4036-921c-02213a04b525,progressive rock
f1548c5b-329e-4036-921c-02213a04b525,rock
f1548c5b-329e-4036-921c-02213a04b525,stoner rock
8e66ea2b-b57b-47d9-8df0-df4630aeb8e5,album rock
8e66ea2b-b57b-47d9-8df0-df4630aeb8e5,alternative/indie rock
8e66ea2b-b57b-47d9-8df0-df4630aeb8e5,ambient
8e66ea2b-b57b-47d9-8df0-df4630aeb8e5,art pop
8e66ea2b-b57b-47d9-8df0-df4630aeb8e5,art rock
8e66ea2b-b57b-47d9-8df0-df4630aeb8e5,chamber pop
8e66ea2b-b57b-47d9-8df0-df4630aeb8e5,classic pop and rock
8e66ea2b-b57b-47d9-8df0-df4630aeb8e5,college rock
8e66ea2b-b57b-47d9-8df0-df4630aeb8e5,contemporary pop/rock
8e66ea2b-b57b-47d9-8df0-df4630aeb8e5,crossover prog
8e66ea2b-b57b-47d9-8df0-df4630aeb8e5,english
8e66ea2b-b57b-47d9-8df0-df4630aeb8e5,experimental
8e66ea2b-b57b-47d9-8df0-df4630aeb8e5,film score
8e66ea2b-b57b-47d9-8df0-df4630aeb8e5,folk
8e66ea2b-b57b-47d9-8df0-df4630aeb8e5,international
8e66ea2b-b57b-47d9-8df0-df4630aeb8e5,international fusion
8e66ea2b-b57b-47d9-8df0-df4630aeb8e5,new wave
8e66ea2b-b57b-47d9-8df0-df4630aeb8e5,pop
8e66ea2b-b57b-47d9-8df0-df4630aeb8e5,pop rock
8e66ea2b-b57b-47d9-8df0-df4630aeb8e5,pop/rock
8e66ea2b-b57b-47d9-8df0-df4630aeb8e5,progressive pop
8e66ea2b-b57b-47d9-8df0-df4630aeb8e5,progressive rock
8e66ea2b-b57b-47d9-8df0-df4630aeb8e5,rock
8e66ea2b-b57b-47d9-8df0-df4630aeb8e5,soft rock
8e66ea2b-b57b-47d9-8df0-df4630aeb8e5,soundtrack
8e66ea2b-b57b-47d9-8df0-df4630aeb8e5,world
8e66ea2b-b57b-47d9-8df0-df4630aeb8e5,worldbeat
b5c2fdfc-d037-45b8-84f9-09ebb7ff8aa1,baroque pop
b5c2fdfc-d037-45b8-84f9-09ebb7ff8aa1,bland
b5c2fdfc-d037-45b8-84f9-09ebb7ff8aa1,christmas music
b5c2fdfc-d037-45b8-84f9-09ebb7ff8aa1,classic pop and rock
b5c2fdfc-d037-45b8-84f9-09ebb7ff8aa1,copyright devil
b5c2fdfc-d037-45b8-84f9-09ebb7ff8aa1,english
b5c2fdfc-d037-45b8-84f9-09ebb7ff8aa1,eurovision
b5c2fdfc-d037-45b8-84f9-09ebb7ff8aa1,pop
b5c2fdfc-d037-45b8-84f9-09ebb7ff8aa1,pop rock
b5c2fdfc-d037-45b8-84f9-09ebb7ff8aa1,rock
b5c2fdfc-d037-45b8-84f9-09ebb7ff8aa1,rock & roll
b5c2fdfc-d037-45b8-84f9-09ebb7ff8aa1,rock and roll
b5c2fdfc-d037-45b8-84f9-09ebb7ff8aa1,satanic
b5c2fdfc-d037-45b8-84f9-09ebb7ff8aa1,schlager
b5c2fdfc-d037-45b8-84f9-09ebb7ff8aa1,soft rock
57961a97-3796-4bf7-9f02-a985a8979ae9,00s
57961a97-3796-4bf7-9f02-a985a8979ae9,10s
57961a97-3796-4bf7-9f02-a985a8979ae9,70s
57961a97-3796-4bf7-9f02-a985a8979ae9,80s
57961a97-3796-4bf7-9f02-a985a8979ae9,90s
57961a97-3796-4bf7-9f02-a985a8979ae9,classic heavy metal
57961a97-3796-4bf7-9f02-a985a8979ae9,classic metal
57961a97-3796-4bf7-9f02-a985a8979ae9,classic pop and rock
57961a97-3796-4bf7-9f02-a985a8979ae9,cotm candidate
57961a97-3796-4bf7-9f02-a985a8979ae9,gratuitous heavy metal umlaut
57961a97-3796-4bf7-9f02-a985a8979ae9,hard rock
57961a97-3796-4bf7-9f02-a985a8979ae9,heavy metal
57961a97-3796-4bf7-9f02-a985a8979ae9,metal
57961a97-3796-4bf7-9f02-a985a8979ae9,nwobhm
57961a97-3796-4bf7-9f02-a985a8979ae9,rock
57961a97-3796-4bf7-9f02-a985a8979ae9,rock and roll
57961a97-3796-4bf7-9f02-a985a8979ae9,rock'n roll
57961a97-3796-4bf7-9f02-a985a8979ae9,speed metal
5182c1d9-c7d2-4dad-afa0-ccfeada921a8,black sabbath
5182c1d9-c7d2-4dad-afa0-ccfeada921a8,blues rock
5182c1d9-c7d2-4dad-afa0-ccfeada921a8,classic pop and rock
5182c1d9-c7d2-4dad-afa0-ccfeada921a8,classic rock
5182c1d9-c7d2-4dad-afa0-ccfeada921a8,dark
5182c1d9-c7d2-4dad-afa0-ccfeada921a8,doom metal
5182c1d9-c7d2-4dad-afa0-ccfeada921a8,english
5182c1d9-c7d2-4dad-afa0-ccfeada921a8,hard rock
5182c1d9-c7d2-4dad-afa0-ccfeada921a8,heavy
5182c1d9-c7d2-4dad-afa0-ccfeada921a8,heavy blues
5182c1d9-c7d2-4dad-afa0-ccfeada921a8,heavy metal
5182c1d9-c7d2-4dad-afa0-ccfeada921a8,jazz-rock
5182c1d9-c7d2-4dad-afa0-ccfeada921a8,metal
5182c1d9-c7d2-4dad-afa0-ccfeada921a8,nwobhm
5182c1d9-c7d2-4dad-afa0-ccfeada921a8,ominous
5182c1d9-c7d2-4dad-afa0-ccfeada921a8,pop rock
5182c1d9-c7d2-4dad-afa0-ccfeada921a8,proto doom
5182c1d9-c7d2-4dad-afa0-ccfeada921a8,proto-doom
5182c1d9-c7d2-4dad-afa0-ccfeada921a8,psychedelic rock
5182c1d9-c7d2-4dad-afa0-ccfeada921a8,reunion
5182c1d9-c7d2-4dad-afa0-ccfeada921a8,rock
5182c1d9-c7d2-4dad-afa0-ccfeada921a8,traditional doom metal
5182c1d9-c7d2-4dad-afa0-ccfeada921a8,untied kingdom
5182c1d9-c7d2-4dad-afa0-ccfeada921a8,want to listen
bf0f7e29-dfe1-416c-b5c6-f9ebc19ea810,adult contemporary
bf0f7e29-dfe1-416c-b5c6-f9ebc19ea810,aln-sh
bf0f7e29-dfe1-416c-b5c6-f9ebc19ea810,baroque pop
bf0f7e29-dfe1-416c-b5c6-f9ebc19ea810,blue-eyed soul
bf0f7e29-dfe1-416c-b5c6-f9ebc19ea810,classic pop and rock
bf0f7e29-dfe1-416c-b5c6-f9ebc19ea810,dance
bf0f7e29-dfe1-416c-b5c6-f9ebc19ea810,disco
bf0f7e29-dfe1-416c-b5c6-f9ebc19ea810,english
bf0f7e29-dfe1-416c-b5c6-f9ebc19ea810,pop
bf0f7e29-dfe1-416c-b5c6-f9ebc19ea810,pop rock
bf0f7e29-dfe1-416c-b5c6-f9ebc19ea810,psychedelic pop
bf0f7e29-dfe1-416c-b5c6-f9ebc19ea810,rock
bf0f7e29-dfe1-416c-b5c6-f9ebc19ea810,soft rock
d5da1841-9bc8-4813-9f89-11098090148e,aln-sh
d5da1841-9bc8-4813-9f89-11098090148e,alternative dance
d5da1841-9bc8-4813-9f89-11098090148e,alternative rock
d5da1841-9bc8-4813-9f89-11098090148e,art punk
d5da1841-9bc8-4813-9f89-11098090148e,art rock
d5da1841-9bc8-4813-9f89-11098090148e,beggars banquet
d5da1841-9bc8-4813-9f89-11098090148e,cherry red
d5da1841-9bc8-4813-9f89-11098090148e,diy
d5da1841-9bc8-4813-9f89-11098090148e,electronic
d5da1841-9bc8-4813-9f89-11098090148e,english
d5da1841-9bc8-4813-9f89-11098090148e,experimental rock
d5da1841-9bc8-4813-9f89-11098090148e,favoritos
d5da1841-9bc8-4813-9f89-11098090148e,fontana
d5da1841-9bc8-4813-9f89-11098090148e,indie rock
d5da1841-9bc8-4813-9f89-11098090148e,john peel
d5da1841-9bc8-4813-9f89-11098090148e,krautrock
d5da1841-9bc8-4813-9f89-11098090148e,post-punk
d5da1841-9bc8-4813-9f89-11098090148e,rock
d5da1841-9bc8-4813-9f89-11098090148e,rock and indie
d5da1841-9bc8-4813-9f89-11098090148e,rough trade
d5da1841-9bc8-4813-9f89-11098090148e,seen live
cc197bad-dc9c-440d-a5b5-d52ba2e14234,alternative rock
cc197bad-dc9c-440d-a5b5-d52ba2e14234,ambient pop
cc197bad-dc9c-440d-a5b5-d52ba2e14234,art pop
cc197bad-dc9c-440d-a5b5-d52ba2e14234,big music
cc197bad-dc9c-440d-a5b5-d52ba2e14234,chapel
cc197bad-dc9c-440d-a5b5-d52ba2e14234,dream pop
cc197bad-dc9c-440d-a5b5-d52ba2e14234,english
cc197bad-dc9c-440d-a5b5-d52ba2e14234,indie pop
cc197bad-dc9c-440d-a5b5-d52ba2e14234,indie rock
cc197bad-dc9c-440d-a5b5-d52ba2e14234,parlophone
cc197bad-dc9c-440d-a5b5-d52ba2e14234,piano pop
cc197bad-dc9c-440d-a5b5-d52ba2e14234,piano rock
cc197bad-dc9c-440d-a5b5-d52ba2e14234,pop
cc197bad-dc9c-440d-a5b5-d52ba2e14234,pop rock
cc197bad-dc9c-440d-a5b5-d52ba2e14234,pop/rock
cc197bad-dc9c-440d-a5b5-d52ba2e14234,rock
cc197bad-dc9c-440d-a5b5-d52ba2e14234,rock and indie
0c502791-4ee9-4c5f-9696-0602b721ff3b,5099995588322
0c502791-4ee9-4c5f-9696-0602b721ff3b,70s
0c502791-4ee9-4c5f-9696-0602b721ff3b,80s
0c502791-4ee9-4c5f-9696-0602b721ff3b,arena rock
0c502791-4ee9-4c5f-9696-0602b721ff3b,art rock
0c502791-4ee9-4c5f-9696-0602b721ff3b,classic pop and rock
0c502791-4ee9-4c5f-9696-0602b721ff3b,classic rock
0c502791-4ee9-4c5f-9696-0602b721ff3b,crossover prog
0c502791-4ee9-4c5f-9696-0602b721ff3b,electronic
0c502791-4ee9-4c5f-9696-0602b721ff3b,electronica
0c502791-4ee9-4c5f-9696-0602b721ff3b,english
0c502791-4ee9-4c5f-9696-0602b721ff3b,pop
0c502791-4ee9-4c5f-9696-0602b721ff3b,pop rock
0c502791-4ee9-4c5f-9696-0602b721ff3b,pop/rock
0c502791-4ee9-4c5f-9696-0602b721ff3b,progressive
0c502791-4ee9-4c5f-9696-0602b721ff3b,progressive pop
0c502791-4ee9-4c5f-9696-0602b721ff3b,progressive rock
0c502791-4ee9-4c5f-9696-0602b721ff3b,rock
0c502791-4ee9-4c5f-9696-0602b721ff3b,symphonic prog
0c502791-4ee9-4c5f-9696-0602b721ff3b,symphonic rock
6b335658-22c8-485d-93de-0bc29a1d0349,classic pop and rock
6b335658-22c8-485d-93de-0bc29a1d0349,groove metal
6b335658-22c8-485d-93de-0bc29a1d0349,hard rock
6b335658-22c8-485d-93de-0bc29a1d0349,heavy metal
6b335658-22c8-485d-93de-0bc29a1d0349,metal
6b335658-22c8-485d-93de-0bc29a1d0349,nwobhm
8f92558c-2baa-4758-8c38-615519e9deda,classic pop and rock
8f92558c-2baa-4758-8c38-615519e9deda,dance-punk
8f92558c-2baa-4758-8c38-615519e9deda,english
8f92558c-2baa-4758-8c38-615519e9deda,funk
8f92558c-2baa-4758-8c38-615519e9deda,new wave
8f92558c-2baa-4758-8c38-615519e9deda,post-punk
8f92558c-2baa-4758-8c38-615519e9deda,punk
8f92558c-2baa-4758-8c38-615519e9deda,punk rock
8f92558c-2baa-4758-8c38-615519e9deda,reggae rock
8f92558c-2baa-4758-8c38-615519e9deda,rock
8f92558c-2baa-4758-8c38-615519e9deda,server name
614e3804-7d34-41ba-857f-811bad7c2b7a,1970s
614e3804-7d34-41ba-857f-811bad7c2b7a,1980s
614e3804-7d34-41ba-857f-811bad7c2b7a,1990s
614e3804-7d34-41ba-857f-811bad7c2b7a,band
614e3804-7d34-41ba-857f-811bad7c2b7a,blues rock
614e3804-7d34-41ba-857f-811bad7c2b7a,classic pop and rock
614e3804-7d34-41ba-857f-811bad7c2b7a,classic rock
614e3804-7d34-41ba-857f-811bad7c2b7a,country rock
614e3804-7d34-41ba-857f-811bad7c2b7a,english
614e3804-7d34-41ba-857f-811bad7c2b7a,group
614e3804-7d34-41ba-857f-811bad7c2b7a,guitar
614e3804-7d34-41ba-857f-811bad7c2b7a,id_artist
614e3804-7d34-41ba-857f-811bad7c2b7a,pop rock
614e3804-7d34-41ba-857f-811bad7c2b7a,pop/rock
614e3804-7d34-41ba-857f-811bad7c2b7a,pub rock
614e3804-7d34-41ba-857f-811bad7c2b7a,rock
614e3804-7d34-41ba-857f-811bad7c2b7a,rock & roll
614e3804-7d34-41ba-857f-811bad7c2b7a,rock and roll
614e3804-7d34-41ba-857f-811bad7c2b7a,roots rock
614e3804-7d34-41ba-857f-811bad7c2b7a,soft rock
614e3804-7d34-41ba-857f-811bad7c2b7a,sophisti-pop
1a1cd7f3-e5df-4eca-bae2-2757c9e656b5,00s
1a1cd7f3-e5df-4eca-bae2-2757c9e656b5,10s
1a1cd7f3-e5df-4eca-bae2-2757c9e656b5,70s
1a1cd7f3-e5df-4eca-bae2-2757c9e656b5,80s
1a1cd7f3-e5df-4eca-bae2-2757c9e656b5,90s
1a1cd7f3-e5df-4eca-bae2-2757c9e656b5,alternative rock
1a1cd7f3-e5df-4eca-bae2-2757c9e656b5,classic pop and rock
1a1cd7f3-e5df-4eca-bae2-2757c9e656b5,dance
1a1cd7f3-e5df-4eca-bae2-2757c9e656b5,duran
1a1cd7f3-e5df-4eca-bae2-2757c9e656b5,dvd
1a1cd7f3-e5df-4eca-bae2-2757c9e656b5,electro
1a1cd7f3-e5df-4eca-bae2-2757c9e656b5,electronic
1a1cd7f3-e5df-4eca-bae2-2757c9e656b5,english
1a1cd7f3-e5df-4eca-bae2-2757c9e656b5,male vocalists
1a1cd7f3-e5df-4eca-bae2-2757c9e656b5,new romantic
1a1cd7f3-e5df-4eca-bae2-2757c9e656b5,new romantics
1a1cd7f3-e5df-4eca-bae2-2757c9e656b5,new wave
1a1cd7f3-e5df-4eca-bae2-2757c9e656b5,pop
1a1cd7f3-e5df-4eca-bae2-2757c9e656b5,pop rock
1a1cd7f3-e5df-4eca-bae2-2757c9e656b5,rock
1a1cd7f3-e5df-4eca-bae2-2757c9e656b5,synth-pop
1a1cd7f3-e5df-4eca-bae2-2757c9e656b5,synthpop
191de76f-a224-445d-b041-54df16d65bf7,blues rock
191de76f-a224-445d-b041-54df16d65bf7,classic pop and rock
191de76f-a224-445d-b041-54df16d65bf7,english
191de76f-a224-445d-b041-54df16d65bf7,freakbeat
191de76f-a224-445d-b041-54df16d65bf7,garage rock
191de76f-a224-445d-b041-54df16d65bf7,hard rock
191de76f-a224-445d-b041-54df16d65bf7,mod
191de76f-a224-445d-b041-54df16d65bf7,psychedelic rock
191de76f-a224-445d-b041-54df16d65bf7,rhythm & blues
191de76f-a224-445d-b041-54df16d65bf7,rhythm and blues
191de76f-a224-445d-b041-54df16d65bf7,rock
191de76f-a224-445d-b041-54df16d65bf7,rock and roll
7249b899-8db8-43e7-9e6e-22f1e736024e,80s
7249b899-8db8-43e7-9e6e-22f1e736024e,alternative rock
7249b899-8db8-43e7-9e6e-22f1e736024e,aor
7249b899-8db8-43e7-9e6e-22f1e736024e,classic pop and rock
7249b899-8db8-43e7-9e6e-22f1e736024e,classic rock
7249b899-8db8-43e7-9e6e-22f1e736024e,english
7249b899-8db8-43e7-9e6e-22f1e736024e,glam
7249b899-8db8-43e7-9e6e-22f1e736024e,glam metal
7249b899-8db8-43e7-9e6e-22f1e736024e,glam rock
7249b899-8db8-43e7-9e6e-22f1e736024e,hair band
7249b899-8db8-43e7-9e6e-22f1e736024e,hair metal
7249b899-8db8-43e7-9e6e-22f1e736024e,hard rock
7249b899-8db8-43e7-9e6e-22f1e736024e,heavy metal
7249b899-8db8-43e7-9e6e-22f1e736024e,metal
7249b899-8db8-43e7-9e6e-22f1e736024e,nwobhm
7249b899-8db8-43e7-9e6e-22f1e736024e,pop rock
7249b899-8db8-43e7-9e6e-22f1e736024e,post-grunge
7249b899-8db8-43e7-9e6e-22f1e736024e,rock
d4305549-6b4e-4a57-b24d-8af0743fe191,baroque pop
d4305549-6b4e-4a57-b24d-8af0743fe191,beat
d4305549-6b4e-4a57-b24d-8af0743fe191,beat music
d4305549-6b4e-4a57-b24d-8af0743fe191,classic pop and rock
d4305549-6b4e-4a57-b24d-8af0743fe191,english
d4305549-6b4e-4a57-b24d-8af0743fe191,he aint heavy
d4305549-6b4e-4a57-b24d-8af0743fe191,pop
d4305549-6b4e-4a57-b24d-8af0743fe191,pop rock
d4305549-6b4e-4a57-b24d-8af0743fe191,psychedelic pop
d4305549-6b4e-4a57-b24d-8af0743fe191,rock
d4305549-6b4e-4a57-b24d-8af0743fe191,soft rock
d4305549-6b4e-4a57-b24d-8af0743fe191,sunshine pop
9e0e2b01-41db-4008-bd8b-988977d6019a,2008 universal fire victim
9e0e2b01-41db-4008-bd8b-988977d6019a,alternative
9e0e2b01-41db-4008-bd8b-988977d6019a,alternative rock
9e0e2b01-41db-4008-bd8b-988977d6019a,classic pop and rock
9e0e2b01-41db-4008-bd8b-988977d6019a,english
9e0e2b01-41db-4008-bd8b-988977d6019a,indie rock
9e0e2b01-41db-4008-bd8b-988977d6019a,new wave
9e0e2b01-41db-4008-bd8b-988977d6019a,pop reggae
9e0e2b01-41db-4008-bd8b-988977d6019a,pop rock
9e0e2b01-41db-4008-bd8b-988977d6019a,pop/rock
9e0e2b01-41db-4008-bd8b-988977d6019a,post-punk
9e0e2b01-41db-4008-bd8b-988977d6019a,power pop
9e0e2b01-41db-4008-bd8b-988977d6019a,punk
9e0e2b01-41db-4008-bd8b-988977d6019a,punk rock
9e0e2b01-41db-4008-bd8b-988977d6019a,reggae rock
9e0e2b01-41db-4008-bd8b-988977d6019a,rock
9e0e2b01-41db-4008-bd8b-988977d6019a,the police
40f5d9e4-2de7-4f2d-ad41-e31a9a9fea27,80s
40f5d9e4-2de7-4f2d-ad41-e31a9a9fea27,_spam
40f5d9e4-2de7-4f2d-ad41-e31a9a9fea27,alternative
40f5d9e4-2de7-4f2d-ad41-e31a9a9fea27,alternative rock
40f5d9e4-2de7-4f2d-ad41-e31a9a9fea27,alternative rock music
40f5d9e4-2de7-4f2d-ad41-e31a9a9fea27,english
40f5d9e4-2de7-4f2d-ad41-e31a9a9fea27,indie
40f5d9e4-2de7-4f2d-ad41-e31a9a9fea27,indie folk
40f5d9e4-2de7-4f2d-ad41-e31a9a9fea27,indie pop
40f5d9e4-2de7-4f2d-ad41-e31a9a9fea27,indie rock
40f5d9e4-2de7-4f2d-ad41-e31a9a9fea27,interview
40f5d9e4-2de7-4f2d-ad41-e31a9a9fea27,jangle pop
40f5d9e4-2de7-4f2d-ad41-e31a9a9fea27,new wave
40f5d9e4-2de7-4f2d-ad41-e31a9a9fea27,ozymandias_
40f5d9e4-2de7-4f2d-ad41-e31a9a9fea27,permanent wave
40f5d9e4-2de7-4f2d-ad41-e31a9a9fea27,pop
40f5d9e4-2de7-4f2d-ad41-e31a9a9fea27,post-punk
40f5d9e4-2de7-4f2d-ad41-e31a9a9fea27,rock
40f5d9e4-2de7-4f2d-ad41-e31a9a9fea27,rock and indie
40f5d9e4-2de7-4f2d-ad41-e31a9a9fea27,rock groups
40f5d9e4-2de7-4f2d-ad41-e31a9a9fea27,rough trade
40f5d9e4-2de7-4f2d-ad41-e31a9a9fea27,synthpop
40f5d9e4-2de7-4f2d-ad41-e31a9a9fea27,uk post-punk
774666d2-2064-4d6c-856c-f8cda0aaf9f0,2008 universal fire victim
774666d2-2064-4d6c-856c-f8cda0aaf9f0,art rock
774666d2-2064-4d6c-856c-f8cda0aaf9f0,baroque pop
774666d2-2064-4d6c-856c-f8cda0aaf9f0,classic pop and rock
774666d2-2064-4d6c-856c-f8cda0aaf9f0,classic rock
774666d2-2064-4d6c-856c-f8cda0aaf9f0,crossover prog
774666d2-2064-4d6c-856c-f8cda0aaf9f0,english
774666d2-2064-4d6c-856c-f8cda0aaf9f0,orchestral pop
774666d2-2064-4d6c-856c-f8cda0aaf9f0,pop rock
774666d2-2064-4d6c-856c-f8cda0aaf9f0,pop/rock
774666d2-2064-4d6c-856c-f8cda0aaf9f0,progressive
774666d2-2064-4d6c-856c-f8cda0aaf9f0,progressive pop
774666d2-2064-4d6c-856c-f8cda0aaf9f0,progressive rock
774666d2-2064-4d6c-856c-f8cda0aaf9f0,progressive rock music
774666d2-2064-4d6c-856c-f8cda0aaf9f0,psychedelic rock
774666d2-2064-4d6c-856c-f8cda0aaf9f0,psychedelic rock music
774666d2-2064-4d6c-856c-f8cda0aaf9f0,rock
774666d2-2064-4d6c-856c-f8cda0aaf9f0,rock music
774666d2-2064-4d6c-856c-f8cda0aaf9f0,symphonic prog
774666d2-2064-4d6c-856c-f8cda0aaf9f0,symphonic rock
88f219d8-4140-4191-af4b-de81c7c587c4,2008 universal fire victim
88f219d8-4140-4191-af4b-de81c7c587c4,aor
88f219d8-4140-4191-af4b-de81c7c587c4,classic rock
88f219d8-4140-4191-af4b-de81c7c587c4,hard rock
88f219d8-4140-4191-af4b-de81c7c587c4,rock
88f219d8-4140-4191-af4b-de81c7c587c4,rock and roll
88f219d8-4140-4191-af4b-de81c7c587c4,soft rock
f1106b17-dcbb-45f6-b938-199ccfab50cc,80s
f1106b17-dcbb-45f6-b938-199ccfab50cc,alternative
f1106b17-dcbb-45f6-b938-199ccfab50cc,alternative dance
f1106b17-dcbb-45f6-b938-199ccfab50cc,alternative rock
f1106b17-dcbb-45f6-b938-199ccfab50cc,classic pop and rock
f1106b17-dcbb-45f6-b938-199ccfab50cc,dance
f1106b17-dcbb-45f6-b938-199ccfab50cc,dance-rock
f1106b17-dcbb-45f6-b938-199ccfab50cc,electronic
f1106b17-dcbb-45f6-b938-199ccfab50cc,electropop
f1106b17-dcbb-45f6-b938-199ccfab50cc,english
f1106b17-dcbb-45f6-b938-199ccfab50cc,factory records
f1106b17-dcbb-45f6-b938-199ccfab50cc,house
f1106b17-dcbb-45f6-b938-199ccfab50cc,new wave
f1106b17-dcbb-45f6-b938-199ccfab50cc,pop
f1106b17-dcbb-45f6-b938-199ccfab50cc,pop rock
f1106b17-dcbb-45f6-b938-199ccfab50cc,popular music
f1106b17-dcbb-45f6-b938-199ccfab50cc,post-punk
f1106b17-dcbb-45f6-b938-199ccfab50cc,rock
f1106b17-dcbb-45f6-b938-199ccfab50cc,synth-pop
f1106b17-dcbb-45f6-b938-199ccfab50cc,synthpop
f1106b17-dcbb-45f6-b938-199ccfab50cc,techno
43b58c98-3779-4b04-9a23-1c95cca3a145,alternative dance
43b58c98-3779-4b04-9a23-1c95cca3a145,alternative rock
43b58c98-3779-4b04-9a23-1c95cca3a145,classic pop and rock
43b58c98-3779-4b04-9a23-1c95cca3a145,dance
43b58c98-3779-4b04-9a23-1c95cca3a145,dance-pop
43b58c98-3779-4b04-9a23-1c95cca3a145,electronic
43b58c98-3779-4b04-9a23-1c95cca3a145,englisch
43b58c98-3779-4b04-9a23-1c95cca3a145,english
43b58c98-3779-4b04-9a23-1c95cca3a145,lgbtqi
43b58c98-3779-4b04-9a23-1c95cca3a145,new wave
43b58c98-3779-4b04-9a23-1c95cca3a145,pop
43b58c98-3779-4b04-9a23-1c95cca3a145,pop rock
43b58c98-3779-4b04-9a23-1c95cca3a145,queer
43b58c98-3779-4b04-9a23-1c95cca3a145,rock
43b58c98-3779-4b04-9a23-1c95cca3a145,synth-pop
43b58c98-3779-4b04-9a23-1c95cca3a145,synthesizer
43b58c98-3779-4b04-9a23-1c95cca3a145,synthpop
f41490ce-fe39-435d-86c0-ab5ce098b423,00s
f41490ce-fe39-435d-86c0-ab5ce098b423,70s
f41490ce-fe39-435d-86c0-ab5ce098b423,80s
f41490ce-fe39-435d-86c0-ab5ce098b423,90s
f41490ce-fe39-435d-86c0-ab5ce098b423,art rock
f41490ce-fe39-435d-86c0-ab5ce098b423,big music
f41490ce-fe39-435d-86c0-ab5ce098b423,classic pop and rock
f41490ce-fe39-435d-86c0-ab5ce098b423,electronic
f41490ce-fe39-435d-86c0-ab5ce098b423,glam rock
f41490ce-fe39-435d-86c0-ab5ce098b423,glasgow
f41490ce-fe39-435d-86c0-ab5ce098b423,male vocalists
f41490ce-fe39-435d-86c0-ab5ce098b423,new pop
f41490ce-fe39-435d-86c0-ab5ce098b423,new wave
f41490ce-fe39-435d-86c0-ab5ce098b423,pop
f41490ce-fe39-435d-86c0-ab5ce098b423,pop rock
f41490ce-fe39-435d-86c0-ab5ce098b423,post-punk
f41490ce-fe39-435d-86c0-ab5ce098b423,rock
f41490ce-fe39-435d-86c0-ab5ce098b423,soft rock
f41490ce-fe39-435d-86c0-ab5ce098b423,synth-pop
f41490ce-fe39-435d-86c0-ab5ce098b423,synthpop
70248960-cb53-4ea4-943a-edb18f7d336f,alternative folk
70248960-cb53-4ea4-943a-edb18f7d336f,américain
70248960-cb53-4ea4-943a-edb18f7d336f,aor
70248960-cb53-4ea4-943a-edb18f7d336f,big music
70248960-cb53-4ea4-943a-edb18f7d336f,classic pop and rock
70248960-cb53-4ea4-943a-edb18f7d336f,classic rock
70248960-cb53-4ea4-943a-edb18f7d336f,contemporary folk
70248960-cb53-4ea4-943a-edb18f7d336f,cotm
70248960-cb53-4ea4-943a-edb18f7d336f,englisch
70248960-cb53-4ea4-943a-edb18f7d336f,english
70248960-cb53-4ea4-943a-edb18f7d336f,folk
70248960-cb53-4ea4-943a-edb18f7d336f,folk rock
70248960-cb53-4ea4-943a-edb18f7d336f,grammy winner
70248960-cb53-4ea4-943a-edb18f7d336f,heartland rock
70248960-cb53-4ea4-943a-edb18f7d336f,messiah of rock and roll
70248960-cb53-4ea4-943a-edb18f7d336f,pop rock
70248960-cb53-4ea4-943a-edb18f7d336f,pop/rock
70248960-cb53-4ea4-943a-edb18f7d336f,rock
70248960-cb53-4ea4-943a-edb18f7d336f,rock and roll
70248960-cb53-4ea4-943a-edb18f7d336f,singer-songwriter
70248960-cb53-4ea4-943a-edb18f7d336f,singer/songwriter
70248960-cb53-4ea4-943a-edb18f7d336f,soft rock
70248960-cb53-4ea4-943a-edb18f7d336f,swinger-songwriter
70248960-cb53-4ea4-943a-edb18f7d336f,vyrzukhisuc-artiest
d6652e7b-33fe-49ef-8336-4c863b4f996f,heartland rock
d6652e7b-33fe-49ef-8336-4c863b4f996f,pop rock
d6652e7b-33fe-49ef-8336-4c863b4f996f,rock
d6652e7b-33fe-49ef-8336-4c863b4f996f,singer-songwriter
01809552-4f87-45b0-afff-2c6f0730a3be,actors
01809552-4f87-45b0-afff-2c6f0730a3be,aln-sh
01809552-4f87-45b0-afff-2c6f0730a3be,best
01809552-4f87-45b0-afff-2c6f0730a3be,blue-eyed soul
01809552-4f87-45b0-afff-2c6f0730a3be,blues
01809552-4f87-45b0-afff-2c6f0730a3be,christmas music
01809552-4f87-45b0-afff-2c6f0730a3be,classic pop and rock
01809552-4f87-45b0-afff-2c6f0730a3be,country
01809552-4f87-45b0-afff-2c6f0730a3be,country rock
01809552-4f87-45b0-afff-2c6f0730a3be,eddie rubin
01809552-4f87-45b0-afff-2c6f0730a3be,film soundtrack
01809552-4f87-45b0-afff-2c6f0730a3be,flaming
01809552-4f87-45b0-afff-2c6f0730a3be,gospel
01809552-4f87-45b0-afff-2c6f0730a3be,gospel music
01809552-4f87-45b0-afff-2c6f0730a3be,guitarists
01809552-4f87-45b0-afff-2c6f0730a3be,https://musicbrainz.org/artist/01809552-4f87-45b0-afff-2c6f0730a3be
01809552-4f87-45b0-afff-2c6f0730a3be,if you talk in your sleep
01809552-4f87-45b0-afff-2c6f0730a3be,in the studio
01809552-4f87-45b0-afff-2c6f0730a3be,love
01809552-4f87-45b0-afff-2c6f0730a3be,oldies
01809552-4f87-45b0-afff-2c6f0730a3be,party
01809552-4f87-45b0-afff-2c6f0730a3be,pop
01809552-4f87-45b0-afff-2c6f0730a3be,pop rock
01809552-4f87-45b0-afff-2c6f0730a3be,pop/rock
01809552-4f87-45b0-afff-2c6f0730a3be,r&b
01809552-4f87-45b0-afff-2c6f0730a3be,rock
01809552-4f87-45b0-afff-2c6f0730a3be,rock & roll
01809552-4f87-45b0-afff-2c6f0730a3be,rock and roll
01809552-4f87-45b0-afff-2c6f0730a3be,rock musicians
01809552-4f87-45b0-afff-2c6f0730a3be,rock n roll
01809552-4f87-45b0-afff-2c6f0730a3be,rock-and-roll
01809552-4f87-45b0-afff-2c6f0730a3be,rockabilly
01809552-4f87-45b0-afff-2c6f0730a3be,singer
01809552-4f87-45b0-afff-2c6f0730a3be,singers
01809552-4f87-45b0-afff-2c6f0730a3be,soul
83b9cbe7-9857-49e2-ab8e-b57b01038103,acoustic rock
83b9cbe7-9857-49e2-ab8e-b57b01038103,alternative rock
83b9cbe7-9857-49e2-ab8e-b57b01038103,art rock
83b9cbe7-9857-49e2-ab8e-b57b01038103,bridge
83b9cbe7-9857-49e2-ab8e-b57b01038103,christmas singles
83b9cbe7-9857-49e2-ab8e-b57b01038103,classic rock
83b9cbe7-9857-49e2-ab8e-b57b01038103,experimental rock
83b9cbe7-9857-49e2-ab8e-b57b01038103,funk rock
83b9cbe7-9857-49e2-ab8e-b57b01038103,grunge
83b9cbe7-9857-49e2-ab8e-b57b01038103,hard rock
83b9cbe7-9857-49e2-ab8e-b57b01038103,immortality
83b9cbe7-9857-49e2-ab8e-b57b01038103,indie rock
83b9cbe7-9857-49e2-ab8e-b57b01038103,pop rock
83b9cbe7-9857-49e2-ab8e-b57b01038103,post-grunge
83b9cbe7-9857-49e2-ab8e-b57b01038103,rock
83b9cbe7-9857-49e2-ab8e-b57b01038103,rock and indie
83b9cbe7-9857-49e2-ab8e-b57b01038103,seattle
83b9cbe7-9857-49e2-ab8e-b57b01038103,twenty
83b9cbe7-9857-49e2-ab8e-b57b01038103,vyrzukhisuc-artiest
6faa7ca7-0d99-4a5e-bfa6-1fd5037520c6,blues
6faa7ca7-0d99-4a5e-bfa6-1fd5037520c6,blues rock
6faa7ca7-0d99-4a5e-bfa6-1fd5037520c6,classic rock
6faa7ca7-0d99-4a5e-bfa6-1fd5037520c6,country rock
6faa7ca7-0d99-4a5e-bfa6-1fd5037520c6,folk
6faa7ca7-0d99-4a5e-bfa6-1fd5037520c6,folk rock
6faa7ca7-0d99-4a5e-bfa6-1fd5037520c6,grateful dead
6faa7ca7-0d99-4a5e-bfa6-1fd5037520c6,grateful dead berkley
6faa7ca7-0d99-4a5e-bfa6-1fd5037520c6,jam
6faa7ca7-0d99-4a5e-bfa6-1fd5037520c6,jam band
6faa7ca7-0d99-4a5e-bfa6-1fd5037520c6,pop rock
6faa7ca7-0d99-4a5e-bfa6-1fd5037520c6,psychedelic
6faa7ca7-0d99-4a5e-bfa6-1fd5037520c6,psychedelic rock
6faa7ca7-0d99-4a5e-bfa6-1fd5037520c6,rnb
6faa7ca7-0d99-4a5e-bfa6-1fd5037520c6,rock
6faa7ca7-0d99-4a5e-bfa6-1fd5037520c6,rock and roll
6faa7ca7-0d99-4a5e-bfa6-1fd5037520c6,roots rock
e01646f2-2a04-450d-8bf2-0d993082e058,aln-sh
e01646f2-2a04-450d-8bf2-0d993082e058,alternative rock
e01646f2-2a04-450d-8bf2-0d993082e058,funk
e01646f2-2a04-450d-8bf2-0d993082e058,funk rock
e01646f2-2a04-450d-8bf2-0d993082e058,jam
e01646f2-2a04-450d-8bf2-0d993082e058,jam band
e01646f2-2a04-450d-8bf2-0d993082e058,jazz
e01646f2-2a04-450d-8bf2-0d993082e058,jazz fusion
e01646f2-2a04-450d-8bf2-0d993082e058,jazz rock
e01646f2-2a04-450d-8bf2-0d993082e058,jazz-rock
e01646f2-2a04-450d-8bf2-0d993082e058,progressive rock
e01646f2-2a04-450d-8bf2-0d993082e058,psychedelic rock
e01646f2-2a04-450d-8bf2-0d993082e058,rock
72c536dc-7137-4477-a521-567eeb840fa8,1 13 165900 150 7672 22647 34612 48720 59280 74602 87545 95495 107182 131087 141522 153710
72c536dc-7137-4477-a521-567eeb840fa8,1960s
72c536dc-7137-4477-a521-567eeb840fa8,1970s
72c536dc-7137-4477-a521-567eeb840fa8,1980s
72c536dc-7137-4477-a521-567eeb840fa8,1990s
72c536dc-7137-4477-a521-567eeb840fa8,2000s
72c536dc-7137-4477-a521-567eeb840fa8,album;live
72c536dc-7137-4477-a521-567eeb840fa8,blues
72c536dc-7137-4477-a521-567eeb840fa8,blues rock
72c536dc-7137-4477-a521-567eeb840fa8,bob dylan - where are you now my blue eyed son
72c536dc-7137-4477-a521-567eeb840fa8,classic pop and rock
72c536dc-7137-4477-a521-567eeb840fa8,classic rock
72c536dc-7137-4477-a521-567eeb840fa8,contemporary folk
72c536dc-7137-4477-a521-567eeb840fa8,country
72c536dc-7137-4477-a521-567eeb840fa8,country rock
72c536dc-7137-4477-a521-567eeb840fa8,dylan bootleg series
72c536dc-7137-4477-a521-567eeb840fa8,favoritos
72c536dc-7137-4477-a521-567eeb840fa8,folk
72c536dc-7137-4477-a521-567eeb840fa8,folk rock
72c536dc-7137-4477-a521-567eeb840fa8,gospel
72c536dc-7137-4477-a521-567eeb840fa8,greenwich village scene
72c536dc-7137-4477-a521-567eeb840fa8,icon
72c536dc-7137-4477-a521-567eeb840fa8,jazz
72c536dc-7137-4477-a521-567eeb840fa8,pledging my time
72c536dc-7137-4477-a521-567eeb840fa8,pop rock
72c536dc-7137-4477-a521-567eeb840fa8,pop/rock
72c536dc-7137-4477-a521-567eeb840fa8,rare
72c536dc-7137-4477-a521-567eeb840fa8,rock
72c536dc-7137-4477-a521-567eeb840fa8,roots rock
72c536dc-7137-4477-a521-567eeb840fa8,singer-songwriter
72c536dc-7137-4477-a521-567eeb840fa8,singer/songwriter
72c536dc-7137-4477-a521-567eeb840fa8,siple twist of fate
72c536dc-7137-4477-a521-567eeb840fa8,teater konsert
72c536dc-7137-4477-a521-567eeb840fa8,traditional pop
65f4f0c5-ef9e-490c-aee3-909e7ae6b2ab,80's
65f4f0c5-ef9e-490c-aee3-909e7ae6b2ab,80s
65f4f0c5-ef9e-490c-aee3-909e7ae6b2ab,80s metal
65f4f0c5-ef9e-490c-aee3-909e7ae6b2ab,80s thrash metal
65f4f0c5-ef9e-490c-aee3-909e7ae6b2ab,90's
65f4f0c5-ef9e-490c-aee3-909e7ae6b2ab,90s
65f4f0c5-ef9e-490c-aee3-909e7ae6b2ab,90s metal
65f4f0c5-ef9e-490c-aee3-909e7ae6b2ab,a bit overrated
65f4f0c5-ef9e-490c-aee3-909e7ae6b2ab,a filk artist
65f4f0c5-ef9e-490c-aee3-909e7ae6b2ab,alternative metal
65f4f0c5-ef9e-490c-aee3-909e7ae6b2ab,alternative rock
65f4f0c5-ef9e-490c-aee3-909e7ae6b2ab,amerikansk
65f4f0c5-ef9e-490c-aee3-909e7ae6b2ab,américain
65f4f0c5-ef9e-490c-aee3-909e7ae6b2ab,angry
65f4f0c5-ef9e-490c-aee3-909e7ae6b2ab,band
65f4f0c5-ef9e-490c-aee3-909e7ae6b2ab,bay area
65f4f0c5-ef9e-490c-aee3-909e7ae6b2ab,blues rock
65f4f0c5-ef9e-490c-aee3-909e7ae6b2ab,classic metal
65f4f0c5-ef9e-490c-aee3-909e7ae6b2ab,classic thrash metal
65f4f0c5-ef9e-490c-aee3-909e7ae6b2ab,crap
65f4f0c5-ef9e-490c-aee3-909e7ae6b2ab,destroyer
65f4f0c5-ef9e-490c-aee3-909e7ae6b2ab,douchebag metal
65f4f0c5-ef9e-490c-aee3-909e7ae6b2ab,energetic
65f4f0c5-ef9e-490c-aee3-909e7ae6b2ab,groove metal
65f4f0c5-ef9e-490c-aee3-909e7ae6b2ab,grunge
65f4f0c5-ef9e-490c-aee3-909e7ae6b2ab,hard rock
65f4f0c5-ef9e-490c-aee3-909e7ae6b2ab,hard'n'heavy
65f4f0c5-ef9e-490c-aee3-909e7ae6b2ab,heavy metal
65f4f0c5-ef9e-490c-aee3-909e7ae6b2ab,lame
65f4f0c5-ef9e-490c-aee3-909e7ae6b2ab,megadeth
65f4f0c5-ef9e-490c-aee3-909e7ae6b2ab,metal
65f4f0c5-ef9e-490c-aee3-909e7ae6b2ab,metallica
65f4f0c5-ef9e-490c-aee3-909e7ae6b2ab,michael moers
65f4f0c5-ef9e-490c-aee3-909e7ae6b2ab,nu metal
65f4f0c5-ef9e-490c-aee3-909e7ae6b2ab,old school thrash
65f4f0c5-ef9e-490c-aee3-909e7ae6b2ab,pessimistic
65f4f0c5-ef9e-490c-aee3-909e7ae6b2ab,political
65f4f0c5-ef9e-490c-aee3-909e7ae6b2ab,pompous asses
65f4f0c5-ef9e-490c-aee3-909e7ae6b2ab,pop metal
65f4f0c5-ef9e-490c-aee3-909e7ae6b2ab,progressive metal
65f4f0c5-ef9e-490c-aee3-909e7ae6b2ab,progressive thrash metal
65f4f0c5-ef9e-490c-aee3-909e7ae6b2ab,rock
65f4f0c5-ef9e-490c-aee3-909e7ae6b2ab,rock and indie
65f4f0c5-ef9e-490c-aee3-909e7ae6b2ab,seen live
65f4f0c5-ef9e-490c-aee3-909e7ae6b2ab,southern metal
65f4f0c5-ef9e-490c-aee3-909e7ae6b2ab,speed metal
65f4f0c5-ef9e-490c-aee3-909e7ae6b2ab,stopped being good after '88
65f4f0c5-ef9e-490c-aee3-909e7ae6b2ab,stopped being good after '97
65f4f0c5-ef9e-490c-aee3-909e7ae6b2ab,symphonic metal
65f4f0c5-ef9e-490c-aee3-909e7ae6b2ab,teen metal
65f4f0c5-ef9e-490c-aee3-909e7ae6b2ab,the unforgiving
65f4f0c5-ef9e-490c-aee3-909e7ae6b2ab,thrash
65f4f0c5-ef9e-490c-aee3-909e7ae6b2ab,thrash metal
65f4f0c5-ef9e-490c-aee3-909e7ae6b2ab,traditional heavy metal
65f4f0c5-ef9e-490c-aee3-909e7ae6b2ab,trash
65f4f0c5-ef9e-490c-aee3-909e7ae6b2ab,trash metal
65f4f0c5-ef9e-490c-aee3-909e7ae6b2ab,virtuoso
ba0d6274-db14-4ef5-b28d-657ebde1a396,90s
ba0d6274-db14-4ef5-b28d-657ebde1a396,alternative
ba0d6274-db14-4ef5-b28d-657ebde1a396,alternative metal
ba0d6274-db14-4ef5-b28d-657ebde1a396,alternative rock
ba0d6274-db14-4ef5-b28d-657ebde1a396,ambient
ba0d6274-db14-4ef5-b28d-657ebde1a396,américain
ba0d6274-db14-4ef5-b28d-657ebde1a396,art rock
ba0d6274-db14-4ef5-b28d-657ebde1a396,dream pop
ba0d6274-db14-4ef5-b28d-657ebde1a396,electronic
ba0d6274-db14-4ef5-b28d-657ebde1a396,grunge
ba0d6274-db14-4ef5-b28d-657ebde1a396,hard rock
ba0d6274-db14-4ef5-b28d-657ebde1a396,indie rock
ba0d6274-db14-4ef5-b28d-657ebde1a396,industrial rock
ba0d6274-db14-4ef5-b28d-657ebde1a396,neo-psychedelia
ba0d6274-db14-4ef5-b28d-657ebde1a396,permanent wave
ba0d6274-db14-4ef5-b28d-657ebde1a396,progressive rock
ba0d6274-db14-4ef5-b28d-657ebde1a396,psychedelic rock
ba0d6274-db14-4ef5-b28d-657ebde1a396,rock
ba0d6274-db14-4ef5-b28d-657ebde1a396,rock and indie
ba0d6274-db14-4ef5-b28d-657ebde1a396,shoegaze
ba0d6274-db14-4ef5-b28d-657ebde1a396,spacegrunge
ba0d6274-db14-4ef5-b28d-657ebde1a396,symphonic rock
ba0d6274-db14-4ef5-b28d-657ebde1a396,synth-pop
5b11f4ce-a62d-471e-81fc-a69a8278c7da,2008 universal fire victim
5b11f4ce-a62d-471e-81fc-a69a8278c7da,90
5b11f4ce-a62d-471e-81fc-a69a8278c7da,90s
5b11f4ce-a62d-471e-81fc-a69a8278c7da,acoustic rock
5b11f4ce-a62d-471e-81fc-a69a8278c7da,alternative
5b11f4ce-a62d-471e-81fc-a69a8278c7da,alternative metal
5b11f4ce-a62d-471e-81fc-a69a8278c7da,alternative rock
5b11f4ce-a62d-471e-81fc-a69a8278c7da,américain
5b11f4ce-a62d-471e-81fc-a69a8278c7da,band
5b11f4ce-a62d-471e-81fc-a69a8278c7da,cowpunk
5b11f4ce-a62d-471e-81fc-a69a8278c7da,experimental
5b11f4ce-a62d-471e-81fc-a69a8278c7da,grunge
5b11f4ce-a62d-471e-81fc-a69a8278c7da,hard rock
5b11f4ce-a62d-471e-81fc-a69a8278c7da,indie rock
5b11f4ce-a62d-471e-81fc-a69a8278c7da,kurt cobain
5b11f4ce-a62d-471e-81fc-a69a8278c7da,legendary
5b11f4ce-a62d-471e-81fc-a69a8278c7da,nirvana
5b11f4ce-a62d-471e-81fc-a69a8278c7da,noise rock
5b11f4ce-a62d-471e-81fc-a69a8278c7da,northwest
5b11f4ce-a62d-471e-81fc-a69a8278c7da,pigfuck
5b11f4ce-a62d-471e-81fc-a69a8278c7da,post-hardcore
5b11f4ce-a62d-471e-81fc-a69a8278c7da,punk
5b11f4ce-a62d-471e-81fc-a69a8278c7da,punk rock
5b11f4ce-a62d-471e-81fc-a69a8278c7da,rock
5b11f4ce-a62d-471e-81fc-a69a8278c7da,rock and indie
5b11f4ce-a62d-471e-81fc-a69a8278c7da,seattle
5b11f4ce-a62d-471e-81fc-a69a8278c7da,sludge metal
ebfc1398-8d96-47e3-82c3-f782abcdb13d,américain
ebfc1398-8d96-47e3-82c3-f782abcdb13d,b7005bb9-fcd9-4d06-8c39-c5ef11275ef1
ebfc1398-8d96-47e3-82c3-f782abcdb13d,baroque pop
ebfc1398-8d96-47e3-82c3-f782abcdb13d,classic pop and rock
ebfc1398-8d96-47e3-82c3-f782abcdb13d,classic rock
ebfc1398-8d96-47e3-82c3-f782abcdb13d,knebworth
ebfc1398-8d96-47e3-82c3-f782abcdb13d,pop
ebfc1398-8d96-47e3-82c3-f782abcdb13d,pop rock
ebfc1398-8d96-47e3-82c3-f782abcdb13d,pop/rock
ebfc1398-8d96-47e3-82c3-f782abcdb13d,progressive pop
ebfc1398-8d96-47e3-82c3-f782abcdb13d,psychedelic pop
ebfc1398-8d96-47e3-82c3-f782abcdb13d,psychedelic rock
ebfc1398-8d96-47e3-82c3-f782abcdb13d,rock
ebfc1398-8d96-47e3-82c3-f782abcdb13d,rock and roll
ebfc1398-8d96-47e3-82c3-f782abcdb13d,sunshine pop
ebfc1398-8d96-47e3-82c3-f782abcdb13d,surf
ebfc1398-8d96-47e3-82c3-f782abcdb13d,surf rock
ebfc1398-8d96-47e3-82c3-f782abcdb13d,today
ebfc1398-8d96-47e3-82c3-f782abcdb13d,vocal surf
d43d12a1-2dc9-4257-a2fd-0a3bb1081b86,arkansas country
d43d12a1-2dc9-4257-a2fd-0a3bb1081b86,blues
d43d12a1-2dc9-4257-a2fd-0a3bb1081b86,classic country
d43d12a1-2dc9-4257-a2fd-0a3bb1081b86,classic rock
d43d12a1-2dc9-4257-a2fd-0a3bb1081b86,composers
d43d12a1-2dc9-4257-a2fd-0a3bb1081b86,contemporary folk
d43d12a1-2dc9-4257-a2fd-0a3bb1081b86,country
d43d12a1-2dc9-4257-a2fd-0a3bb1081b86,country gospel
d43d12a1-2dc9-4257-a2fd-0a3bb1081b86,country music
d43d12a1-2dc9-4257-a2fd-0a3bb1081b86,country pop
d43d12a1-2dc9-4257-a2fd-0a3bb1081b86,cowboy
d43d12a1-2dc9-4257-a2fd-0a3bb1081b86,death by diabetes
d43d12a1-2dc9-4257-a2fd-0a3bb1081b86,favorite
d43d12a1-2dc9-4257-a2fd-0a3bb1081b86,folk
d43d12a1-2dc9-4257-a2fd-0a3bb1081b86,gospel
d43d12a1-2dc9-4257-a2fd-0a3bb1081b86,gospel music
d43d12a1-2dc9-4257-a2fd-0a3bb1081b86,guitarists
d43d12a1-2dc9-4257-a2fd-0a3bb1081b86,harmonica players
d43d12a1-2dc9-4257-a2fd-0a3bb1081b86,johnny cash rock island
d43d12a1-2dc9-4257-a2fd-0a3bb1081b86,little
d43d12a1-2dc9-4257-a2fd-0a3bb1081b86,lyricists
d43d12a1-2dc9-4257-a2fd-0a3bb1081b86,osteraker
d43d12a1-2dc9-4257-a2fd-0a3bb1081b86,outlaw country
d43d12a1-2dc9-4257-a2fd-0a3bb1081b86,rock
d43d12a1-2dc9-4257-a2fd-0a3bb1081b86,rock and roll
d43d12a1-2dc9-4257-a2fd-0a3bb1081b86,rockabilly
d43d12a1-2dc9-4257-a2fd-0a3bb1081b86,singer-songwriter
d43d12a1-2dc9-4257-a2fd-0a3bb1081b86,singers
d43d12a1-2dc9-4257-a2fd-0a3bb1081b86,spoken word
d43d12a1-2dc9-4257-a2fd-0a3bb1081b86,traditional country
d43d12a1-2dc9-4257-a2fd-0a3bb1081b86,traditional folk
d43d12a1-2dc9-4257-a2fd-0a3bb1081b86,traditional folk music
070d193a-845c-479f-980e-bef15710653e,00s
070d193a-845c-479f-980e-bef15710653e,70s
070d193a-845c-479f-980e-bef15710653e,80s
070d193a-845c-479f-980e-bef15710653e,90s
070d193a-845c-479f-980e-bef15710653e,adult contemporary r&b
070d193a-845c-479f-980e-bef15710653e,african
070d193a-845c-479f-980e-bef15710653e,afro house
070d193a-845c-479f-980e-bef15710653e,américain
070d193a-845c-479f-980e-bef15710653e,anniversary
070d193a-845c-479f-980e-bef15710653e,caribbean
070d193a-845c-479f-980e-bef15710653e,club
070d193a-845c-479f-980e-bef15710653e,composers
070d193a-845c-479f-980e-bef15710653e,contemporary pop/rock
070d193a-845c-479f-980e-bef15710653e,contemporary r&b
070d193a-845c-479f-980e-bef15710653e,dance
070d193a-845c-479f-980e-bef15710653e,dance-pop
070d193a-845c-479f-980e-bef15710653e,dance-rock
070d193a-845c-479f-980e-bef15710653e,deep house
070d193a-845c-479f-980e-bef15710653e,disco
070d193a-845c-479f-980e-bef15710653e,film soundtrack
070d193a-845c-479f-980e-bef15710653e,funk
070d193a-845c-479f-980e-bef15710653e,funk rock
070d193a-845c-479f-980e-bef15710653e,future bass
070d193a-845c-479f-980e-bef15710653e,house
070d193a-845c-479f-980e-bef15710653e,instrumentalists
070d193a-845c-479f-980e-bef15710653e,james scutt
070d193a-845c-479f-980e-bef15710653e,jazz
070d193a-845c-479f-980e-bef15710653e,minneapolis sound
070d193a-845c-479f-980e-bef15710653e,neo-psychedelia
070d193a-845c-479f-980e-bef15710653e,organic house
070d193a-845c-479f-980e-bef15710653e,pop
070d193a-845c-479f-980e-bef15710653e,pop and chart
070d193a-845c-479f-980e-bef15710653e,pop rock
070d193a-845c-479f-980e-bef15710653e,pop soul
070d193a-845c-479f-980e-bef15710653e,pop/rock
070d193a-845c-479f-980e-bef15710653e,popular music
070d193a-845c-479f-980e-bef15710653e,pretzelbodylogic
070d193a-845c-479f-980e-bef15710653e,prince revolution
070d193a-845c-479f-980e-bef15710653e,psychedelic pop
070d193a-845c-479f-980e-bef15710653e,psychedelic soul
070d193a-845c-479f-980e-bef15710653e,punk
070d193a-845c-479f-980e-bef15710653e,r&b
070d193a-845c-479f-980e-bef15710653e,rhythm and blues music
070d193a-845c-479f-980e-bef15710653e,robin
070d193a-845c-479f-980e-bef15710653e,rock
070d193a-845c-479f-980e-bef15710653e,rock music
070d193a-845c-479f-980e-bef15710653e,server name
070d193a-845c-479f-980e-bef15710653e,singers
070d193a-845c-479f-980e-bef15710653e,soul
070d193a-845c-479f-980e-bef15710653e,sound recording executives and producers
070d193a-845c-479f-980e-bef15710653e,synth funk
070d193a-845c-479f-980e-bef15710653e,trap
eea8a864-fcda-4602-9569-38ab446decd6,2008 universal fire victim
eea8a864-fcda-4602-9569-38ab446decd6,aa0003000
eea8a864-fcda-4602-9569-38ab446decd6,classic pop and rock
eea8a864-fcda-4602-9569-38ab446decd6,death by heart attack
eea8a864-fcda-4602-9569-38ab446decd6,dixieland
eea8a864-fcda-4602-9569-38ab446decd6,gospel
eea8a864-fcda-4602-9569-38ab446decd6,jazz
eea8a864-fcda-4602-9569-38ab446decd6,pop
eea8a864-fcda-4602-9569-38ab446decd6,sm
eea8a864-fcda-4602-9569-38ab446decd6,swing
eea8a864-fcda-4602-9569-38ab446decd6,traditional pop
eea8a864-fcda-4602-9569-38ab446decd6,vocal jazz
e1f1e33e-2e4c-4d43-b91b-7064068d3283,3a46633b-26ed-4418-a029-ab77de3ccfae
e1f1e33e-2e4c-4d43-b91b-7064068d3283,acoustic rock
e1f1e33e-2e4c-4d43-b91b-7064068d3283,alternative metal
e1f1e33e-2e4c-4d43-b91b-7064068d3283,aor
e1f1e33e-2e4c-4d43-b91b-7064068d3283,arena rock
e1f1e33e-2e4c-4d43-b91b-7064068d3283,classic pop and rock
e1f1e33e-2e4c-4d43-b91b-7064068d3283,classic rock
e1f1e33e-2e4c-4d43-b91b-7064068d3283,disco
e1f1e33e-2e4c-4d43-b91b-7064068d3283,glam
e1f1e33e-2e4c-4d43-b91b-7064068d3283,glam metal
e1f1e33e-2e4c-4d43-b91b-7064068d3283,glam rock
e1f1e33e-2e4c-4d43-b91b-7064068d3283,grunge
e1f1e33e-2e4c-4d43-b91b-7064068d3283,hard rock
e1f1e33e-2e4c-4d43-b91b-7064068d3283,heavy metal
e1f1e33e-2e4c-4d43-b91b-7064068d3283,metal
e1f1e33e-2e4c-4d43-b91b-7064068d3283,pop rock
e1f1e33e-2e4c-4d43-b91b-7064068d3283,rock
e1f1e33e-2e4c-4d43-b91b-7064068d3283,server name
e1f1e33e-2e4c-4d43-b91b-7064068d3283,super
e1f1e33e-2e4c-4d43-b91b-7064068d3283,vyrzukhisuc-artiest
54799c0e-eb45-4eea-996d-c4d71a63c499,2008 universal fire victim
54799c0e-eb45-4eea-996d-c4d71a63c499,aln-sh
54799c0e-eb45-4eea-996d-c4d71a63c499,ballads
54799c0e-eb45-4eea-996d-c4d71a63c499,big band
54799c0e-eb45-4eea-996d-c4d71a63c499,blues
54799c0e-eb45-4eea-996d-c4d71a63c499,classic pop and rock
54799c0e-eb45-4eea-996d-c4d71a63c499,death by diabetes
54799c0e-eb45-4eea-996d-c4d71a63c499,jazz
54799c0e-eb45-4eea-996d-c4d71a63c499,live
54799c0e-eb45-4eea-996d-c4d71a63c499,pop
54799c0e-eb45-4eea-996d-c4d71a63c499,sunshine
54799c0e-eb45-4eea-996d-c4d71a63c499,swing
54799c0e-eb45-4eea-996d-c4d71a63c499,traditional pop
54799c0e-eb45-4eea-996d-c4d71a63c499,vocal jazz
e20747e7-55a4-452e-8766-7b985585082d,art rock
e20747e7-55a4-452e-8766-7b985585082d,avant-garde
e20747e7-55a4-452e-8766-7b985585082d,avant-prog
e20747e7-55a4-452e-8766-7b985585082d,big band
e20747e7-55a4-452e-8766-7b985585082d,blues rock
e20747e7-55a4-452e-8766-7b985585082d,classical
e20747e7-55a4-452e-8766-7b985585082d,comedy rock
e20747e7-55a4-452e-8766-7b985585082d,composer
e20747e7-55a4-452e-8766-7b985585082d,death by prostate cancer
e20747e7-55a4-452e-8766-7b985585082d,doo-wop
e20747e7-55a4-452e-8766-7b985585082d,electronic
e20747e7-55a4-452e-8766-7b985585082d,experimental
e20747e7-55a4-452e-8766-7b985585082d,experimental rock
e20747e7-55a4-452e-8766-7b985585082d,field recordings
e20747e7-55a4-452e-8766-7b985585082d,film soundtrack
e20747e7-55a4-452e-8766-7b985585082d,jam band
e20747e7-55a4-452e-8766-7b985585082d,jazz
e20747e7-55a4-452e-8766-7b985585082d,jazz fusion
e20747e7-55a4-452e-8766-7b985585082d,jazz rock
e20747e7-55a4-452e-8766-7b985585082d,jazz-rock
e20747e7-55a4-452e-8766-7b985585082d,modern classical
e20747e7-55a4-452e-8766-7b985585082d,musique concrète
e20747e7-55a4-452e-8766-7b985585082d,orchestral
e20747e7-55a4-452e-8766-7b985585082d,pop rock
e20747e7-55a4-452e-8766-7b985585082d,pop/rock
e20747e7-55a4-452e-8766-7b985585082d,progressive rock
e20747e7-55a4-452e-8766-7b985585082d,psychedelic rock
e20747e7-55a4-452e-8766-7b985585082d,rhino
e20747e7-55a4-452e-8766-7b985585082d,rock
e20747e7-55a4-452e-8766-7b985585082d,rock & roll
e20747e7-55a4-452e-8766-7b985585082d,rock and indie
e20747e7-55a4-452e-8766-7b985585082d,rock opera
e20747e7-55a4-452e-8766-7b985585082d,satire
e20747e7-55a4-452e-8766-7b985585082d,server name
e20747e7-55a4-452e-8766-7b985585082d,sound collage
e20747e7-55a4-452e-8766-7b985585082d,speeches
e20747e7-55a4-452e-8766-7b985585082d,spoken word
e20747e7-55a4-452e-8766-7b985585082d,synclavier music
e20747e7-55a4-452e-8766-7b985585082d,vyrzukhisuc-artiest
e20747e7-55a4-452e-8766-7b985585082d,weird america
d59c4cda-11d9-48db-8bfe-b557ee602aed,10 cd
d59c4cda-11d9-48db-8bfe-b557ee602aed,1933
d59c4cda-11d9-48db-8bfe-b557ee602aed,2008 universal fire victim
d59c4cda-11d9-48db-8bfe-b557ee602aed,blues
d59c4cda-11d9-48db-8bfe-b557ee602aed,cotm candidate
d59c4cda-11d9-48db-8bfe-b557ee602aed,death by cirrhosis
d59c4cda-11d9-48db-8bfe-b557ee602aed,eddie rubin
d59c4cda-11d9-48db-8bfe-b557ee602aed,jazz
d59c4cda-11d9-48db-8bfe-b557ee602aed,legends
d59c4cda-11d9-48db-8bfe-b557ee602aed,rock and indie
d59c4cda-11d9-48db-8bfe-b557ee602aed,standards
d59c4cda-11d9-48db-8bfe-b557ee602aed,swing
d59c4cda-11d9-48db-8bfe-b557ee602aed,traditional pop
d59c4cda-11d9-48db-8bfe-b557ee602aed,vocal jazz
d59c4cda-11d9-48db-8bfe-b557ee602aed,vocalist
9e53f84d-ef44-4c16-9677-5fd4d78cbd7d,alt-country
9e53f84d-ef44-4c16-9677-5fd4d78cbd7d,alternative country
9e53f84d-ef44-4c16-9677-5fd4d78cbd7d,alternative country rock
9e53f84d-ef44-4c16-9677-5fd4d78cbd7d,alternative rock
9e53f84d-ef44-4c16-9677-5fd4d78cbd7d,folk
9e53f84d-ef44-4c16-9677-5fd4d78cbd7d,folk rock
9e53f84d-ef44-4c16-9677-5fd4d78cbd7d,indie rock
9e53f84d-ef44-4c16-9677-5fd4d78cbd7d,pop rock
9e53f84d-ef44-4c16-9677-5fd4d78cbd7d,rock
9e53f84d-ef44-4c16-9677-5fd4d78cbd7d,rock and indie
561d854a-6a28-4aa7-8c99-323e6ce46c2a,3356571013121
561d854a-6a28-4aa7-8c99-323e6ce46c2a,acting
561d854a-6a28-4aa7-8c99-323e6ce46c2a,bebop
561d854a-6a28-4aa7-8c99-323e6ce46c2a,classical
561d854a-6a28-4aa7-8c99-323e6ce46c2a,composers
561d854a-6a28-4aa7-8c99-323e6ce46c2a,composition
561d854a-6a28-4aa7-8c99-323e6ce46c2a,cool jazz
561d854a-6a28-4aa7-8c99-323e6ce46c2a,death by pneumonia
561d854a-6a28-4aa7-8c99-323e6ce46c2a,death by stroke
561d854a-6a28-4aa7-8c99-323e6ce46c2a,funk
561d854a-6a28-4aa7-8c99-323e6ce46c2a,fusion
561d854a-6a28-4aa7-8c99-323e6ce46c2a,george gershwin
561d854a-6a28-4aa7-8c99-323e6ce46c2a,had feet
561d854a-6a28-4aa7-8c99-323e6ce46c2a,hard bop
561d854a-6a28-4aa7-8c99-323e6ce46c2a,instrumental jazz
561d854a-6a28-4aa7-8c99-323e6ce46c2a,jazz
561d854a-6a28-4aa7-8c99-323e6ce46c2a,jazz and blues
561d854a-6a28-4aa7-8c99-323e6ce46c2a,jazz fusion
561d854a-6a28-4aa7-8c99-323e6ce46c2a,jazz musicians
561d854a-6a28-4aa7-8c99-323e6ce46c2a,jazz rock
561d854a-6a28-4aa7-8c99-323e6ce46c2a,jazz-funk
561d854a-6a28-4aa7-8c99-323e6ce46c2a,jazz-rock
561d854a-6a28-4aa7-8c99-323e6ce46c2a,midnight
561d854a-6a28-4aa7-8c99-323e6ce46c2a,miles davis
561d854a-6a28-4aa7-8c99-323e6ce46c2a,modal jazz
561d854a-6a28-4aa7-8c99-323e6ce46c2a,modal music
561d854a-6a28-4aa7-8c99-323e6ce46c2a,musical
561d854a-6a28-4aa7-8c99-323e6ce46c2a,post-bop
561d854a-6a28-4aa7-8c99-323e6ce46c2a,rock
561d854a-6a28-4aa7-8c99-323e6ce46c2a,the best of
561d854a-6a28-4aa7-8c99-323e6ce46c2a,third stream
561d854a-6a28-4aa7-8c99-323e6ce46c2a,trumpet
561d854a-6a28-4aa7-8c99-323e6ce46c2a,trumpeter
561d854a-6a28-4aa7-8c99-323e6ce46c2a,trumpeters
ea4dfa26-f633-4da6-a52a-f49ea4897b58,2008 universal fire victim
ea4dfa26-f633-4da6-a52a-f49ea4897b58,acoustic rock
ea4dfa26-f633-4da6-a52a-f49ea4897b58,alternative country
ea4dfa26-f633-4da6-a52a-f49ea4897b58,alternative rock
ea4dfa26-f633-4da6-a52a-f49ea4897b58,américain
ea4dfa26-f633-4da6-a52a-f49ea4897b58,athens
ea4dfa26-f633-4da6-a52a-f49ea4897b58,chamber pop
ea4dfa26-f633-4da6-a52a-f49ea4897b58,classic rock
ea4dfa26-f633-4da6-a52a-f49ea4897b58,college rock
ea4dfa26-f633-4da6-a52a-f49ea4897b58,electronic rock
ea4dfa26-f633-4da6-a52a-f49ea4897b58,folk rock
ea4dfa26-f633-4da6-a52a-f49ea4897b58,georgia
ea4dfa26-f633-4da6-a52a-f49ea4897b58,glam rock
ea4dfa26-f633-4da6-a52a-f49ea4897b58,grunge
ea4dfa26-f633-4da6-a52a-f49ea4897b58,indie
ea4dfa26-f633-4da6-a52a-f49ea4897b58,indie rock
ea4dfa26-f633-4da6-a52a-f49ea4897b58,jangle pop
ea4dfa26-f633-4da6-a52a-f49ea4897b58,neo-psychedelia
ea4dfa26-f633-4da6-a52a-f49ea4897b58,noise pop
ea4dfa26-f633-4da6-a52a-f49ea4897b58,pop rock
ea4dfa26-f633-4da6-a52a-f49ea4897b58,pop/rock
ea4dfa26-f633-4da6-a52a-f49ea4897b58,post-punk
ea4dfa26-f633-4da6-a52a-f49ea4897b58,power pop
ea4dfa26-f633-4da6-a52a-f49ea4897b58,rock
ea4dfa26-f633-4da6-a52a-f49ea4897b58,rock and indie
06fb1c8b-566e-4cb2-985b-b467c90781d4,27 club
06fb1c8b-566e-4cb2-985b-b467c90781d4,60's
06fb1c8b-566e-4cb2-985b-b467c90781d4,60s
06fb1c8b-566e-4cb2-985b-b467c90781d4,acid rock
06fb1c8b-566e-4cb2-985b-b467c90781d4,blues rock
06fb1c8b-566e-4cb2-985b-b467c90781d4,classic pop and rock
06fb1c8b-566e-4cb2-985b-b467c90781d4,classic rock
06fb1c8b-566e-4cb2-985b-b467c90781d4,death by choking
06fb1c8b-566e-4cb2-985b-b467c90781d4,death by overdose
06fb1c8b-566e-4cb2-985b-b467c90781d4,death by sleeping pills
06fb1c8b-566e-4cb2-985b-b467c90781d4,guitar god
06fb1c8b-566e-4cb2-985b-b467c90781d4,guitarist
06fb1c8b-566e-4cb2-985b-b467c90781d4,gypsy sun
06fb1c8b-566e-4cb2-985b-b467c90781d4,hard rock
06fb1c8b-566e-4cb2-985b-b467c90781d4,jam band
06fb1c8b-566e-4cb2-985b-b467c90781d4,jimi hendrix
06fb1c8b-566e-4cb2-985b-b467c90781d4,psychadelic
06fb1c8b-566e-4cb2-985b-b467c90781d4,psychedelic
06fb1c8b-566e-4cb2-985b-b467c90781d4,psychedelic rock
06fb1c8b-566e-4cb2-985b-b467c90781d4,psychedelic soul
06fb1c8b-566e-4cb2-985b-b467c90781d4,rock
06fb1c8b-566e-4cb2-985b-b467c90781d4,server name
06fb1c8b-566e-4cb2-985b-b467c90781d4,traffic
06fb1c8b-566e-4cb2-985b-b467c90781d4,vinyl
b59ac58d-036e-4bba-8112-c32a34c4575b,2008 universal fire victim
b59ac58d-036e-4bba-8112-c32a34c4575b,[r12065312]
b59ac58d-036e-4bba-8112-c32a34c4575b,blues
b59ac58d-036e-4bba-8112-c32a34c4575b,classic pop and rock
b59ac58d-036e-4bba-8112-c32a34c4575b,country
b59ac58d-036e-4bba-8112-c32a34c4575b,country gospel
b59ac58d-036e-4bba-8112-c32a34c4575b,honky tonk
b59ac58d-036e-4bba-8112-c32a34c4575b,jerry lee lewis
b59ac58d-036e-4bba-8112-c32a34c4575b,pop
b59ac58d-036e-4bba-8112-c32a34c4575b,rock
b59ac58d-036e-4bba-8112-c32a34c4575b,rock & roll
b59ac58d-036e-4bba-8112-c32a34c4575b,rock and roll
b59ac58d-036e-4bba-8112-c32a34c4575b,rockabilly
b59ac58d-036e-4bba-8112-c32a34c4575b,singer-songwriter
b59ac58d-036e-4bba-8112-c32a34c4575b,sun box
b59ac58d-036e-4bba-8112-c32a34c4575b,the best of jerry lee lewis
20244d07-534f-4eff-b4d4-930878889970,2000s
20244d07-534f-4eff-b4d4-930878889970,2010s
20244d07-534f-4eff-b4d4-930878889970,2020s
20244d07-534f-4eff-b4d4-930878889970,alternative pop
20244d07-534f-4eff-b4d4-930878889970,artist of the decade
20244d07-534f-4eff-b4d4-930878889970,chamber pop
20244d07-534f-4eff-b4d4-930878889970,contemporary country
20244d07-534f-4eff-b4d4-930878889970,country
20244d07-534f-4eff-b4d4-930878889970,country pop
20244d07-534f-4eff-b4d4-930878889970,country-pop
20244d07-534f-4eff-b4d4-930878889970,cultural icon
20244d07-534f-4eff-b4d4-930878889970,dance-pop
20244d07-534f-4eff-b4d4-930878889970,electropop
20244d07-534f-4eff-b4d4-930878889970,female vocals
20244d07-534f-4eff-b4d4-930878889970,fixme label mess
20244d07-534f-4eff-b4d4-930878889970,folk pop
20244d07-534f-4eff-b4d4-930878889970,hp
20244d07-534f-4eff-b4d4-930878889970,icon
20244d07-534f-4eff-b4d4-930878889970,indie folk
20244d07-534f-4eff-b4d4-930878889970,indie pop
20244d07-534f-4eff-b4d4-930878889970,late 2000s
20244d07-534f-4eff-b4d4-930878889970,list
20244d07-534f-4eff-b4d4-930878889970,loves planes
20244d07-534f-4eff-b4d4-930878889970,millennial
20244d07-534f-4eff-b4d4-930878889970,nuno
20244d07-534f-4eff-b4d4-930878889970,pop
20244d07-534f-4eff-b4d4-930878889970,pop rock
20244d07-534f-4eff-b4d4-930878889970,re-recording
20244d07-534f-4eff-b4d4-930878889970,relic inn
20244d07-534f-4eff-b4d4-930878889970,singer-songwriter
20244d07-534f-4eff-b4d4-930878889970,singer/songwriter
20244d07-534f-4eff-b4d4-930878889970,synth-pop
20244d07-534f-4eff-b4d4-930878889970,taylor-swift
20244d07-534f-4eff-b4d4-930878889970,teen pop
20244d07-534f-4eff-b4d4-930878889970,top 40
0bbbc496-c7b5-4b3f-bb6d-bd312827d6e5,adult standards
0bbbc496-c7b5-4b3f-bb6d-bd312827d6e5,baroque pop
0bbbc496-c7b5-4b3f-bb6d-bd312827d6e5,blue-eyed soul
0bbbc496-c7b5-4b3f-bb6d-bd312827d6e5,classic pop and rock
0bbbc496-c7b5-4b3f-bb6d-bd312827d6e5,classic rock
0bbbc496-c7b5-4b3f-bb6d-bd312827d6e5,country
0bbbc496-c7b5-4b3f-bb6d-bd312827d6e5,country pop
0bbbc496-c7b5-4b3f-bb6d-bd312827d6e5,death by heart attack
0bbbc496-c7b5-4b3f-bb6d-bd312827d6e5,folk rock
0bbbc496-c7b5-4b3f-bb6d-bd312827d6e5,greyhound
0bbbc496-c7b5-4b3f-bb6d-bd312827d6e5,mellow gold
0bbbc496-c7b5-4b3f-bb6d-bd312827d6e5,pop
0bbbc496-c7b5-4b3f-bb6d-bd312827d6e5,pop rock
0bbbc496-c7b5-4b3f-bb6d-bd312827d6e5,rock
0bbbc496-c7b5-4b3f-bb6d-bd312827d6e5,rock & roll
0bbbc496-c7b5-4b3f-bb6d-bd312827d6e5,rock and roll
0bbbc496-c7b5-4b3f-bb6d-bd312827d6e5,rock-and-roll
0bbbc496-c7b5-4b3f-bb6d-bd312827d6e5,rockabilly
0bbbc496-c7b5-4b3f-bb6d-bd312827d6e5,singer-songwriter
0bbbc496-c7b5-4b3f-bb6d-bd312827d6e5,the best of
0bbbc496-c7b5-4b3f-bb6d-bd312827d6e5,traditional pop
9a3bf45c-347d-4630-894d-7cf3e8e0b632,blues rock
9a3bf45c-347d-4630-894d-7cf3e8e0b632,classic pop and rock
9a3bf45c-347d-4630-894d-7cf3e8e0b632,classic rock
9a3bf45c-347d-4630-894d-7cf3e8e0b632,guitar
9a3bf45c-347d-4630-894d-7cf3e8e0b632,hard rock
9a3bf45c-347d-4630-894d-7cf3e8e0b632,jazz
9a3bf45c-347d-4630-894d-7cf3e8e0b632,jazz fusion
9a3bf45c-347d-4630-894d-7cf3e8e0b632,jazz rock
9a3bf45c-347d-4630-894d-7cf3e8e0b632,jazz-rock
9a3bf45c-347d-4630-894d-7cf3e8e0b632,latin
9a3bf45c-347d-4630-894d-7cf3e8e0b632,latin rock
9a3bf45c-347d-4630-894d-7cf3e8e0b632,mexican
9a3bf45c-347d-4630-894d-7cf3e8e0b632,pop rock
9a3bf45c-347d-4630-894d-7cf3e8e0b632,pop/rock
9a3bf45c-347d-4630-894d-7cf3e8e0b632,psychedelic rock
9a3bf45c-347d-4630-894d-7cf3e8e0b632,rock
9efff43b-3b29-4082-824e-bc82f646f93d,acid rock
9efff43b-3b29-4082-824e-bc82f646f93d,album rock
9efff43b-3b29-4082-824e-bc82f646f93d,am pop
9efff43b-3b29-4082-824e-bc82f646f93d,art rock
9efff43b-3b29-4082-824e-bc82f646f93d,blues rock
9efff43b-3b29-4082-824e-bc82f646f93d,classic pop and rock
9efff43b-3b29-4082-824e-bc82f646f93d,classic rock
9efff43b-3b29-4082-824e-bc82f646f93d,contemporary pop/rock
9efff43b-3b29-4082-824e-bc82f646f93d,gothic
9efff43b-3b29-4082-824e-bc82f646f93d,gothic rock
9efff43b-3b29-4082-824e-bc82f646f93d,hard rock
9efff43b-3b29-4082-824e-bc82f646f93d,nuno
9efff43b-3b29-4082-824e-bc82f646f93d,poetry
9efff43b-3b29-4082-824e-bc82f646f93d,pop
9efff43b-3b29-4082-824e-bc82f646f93d,pop rock
9efff43b-3b29-4082-824e-bc82f646f93d,proto-punk
9efff43b-3b29-4082-824e-bc82f646f93d,psychedelic
9efff43b-3b29-4082-824e-bc82f646f93d,psychedelic pop
9efff43b-3b29-4082-824e-bc82f646f93d,psychedelic rock
9efff43b-3b29-4082-824e-bc82f646f93d,rock
9efff43b-3b29-4082-824e-bc82f646f93d,rock and roll
9efff43b-3b29-4082-824e-bc82f646f93d,true classics
9efff43b-3b29-4082-824e-bc82f646f93d,whisky a go go
07e748f1-075e-428d-85dc-ce3be434e906,2011-09-03
07e748f1-075e-428d-85dc-ce3be434e906,acoustic rock
07e748f1-075e-428d-85dc-ce3be434e906,alternative rock
07e748f1-075e-428d-85dc-ce3be434e906,jam band
07e748f1-075e-428d-85dc-ce3be434e906,jazz rock
07e748f1-075e-428d-85dc-ce3be434e906,pop rock
07e748f1-075e-428d-85dc-ce3be434e906,rock
b0122194-c49a-46a1-ade7-84d1d76bd8e9,2008 universal fire victim
b0122194-c49a-46a1-ade7-84d1d76bd8e9,blues
b0122194-c49a-46a1-ade7-84d1d76bd8e9,blues rock
b0122194-c49a-46a1-ade7-84d1d76bd8e9,chigaco blues
b0122194-c49a-46a1-ade7-84d1d76bd8e9,country blues
b0122194-c49a-46a1-ade7-84d1d76bd8e9,delta blues
b0122194-c49a-46a1-ade7-84d1d76bd8e9,detroit blues
b0122194-c49a-46a1-ade7-84d1d76bd8e9,electric blues
b0122194-c49a-46a1-ade7-84d1d76bd8e9,fixme
b0122194-c49a-46a1-ade7-84d1d76bd8e9,rhythm & blues
b0122194-c49a-46a1-ade7-84d1d76bd8e9,rock and indie
b0122194-c49a-46a1-ade7-84d1d76bd8e9,singer-songwriter
3d2b98e5-556f-4451-a3ff-c50ea18d57cb,1970s
3d2b98e5-556f-4451-a3ff-c50ea18d57cb,1980s
3d2b98e5-556f-4451-a3ff-c50ea18d57cb,2008 universal fire victim
3d2b98e5-556f-4451-a3ff-c50ea18d57cb,70s
3d2b98e5-556f-4451-a3ff-c50ea18d57cb,80s
3d2b98e5-556f-4451-a3ff-c50ea18d57cb,album rock
3d2b98e5-556f-4451-a3ff-c50ea18d57cb,aor
3d2b98e5-556f-4451-a3ff-c50ea18d57cb,arena rock
3d2b98e5-556f-4451-a3ff-c50ea18d57cb,blues rock
3d2b98e5-556f-4451-a3ff-c50ea18d57cb,blues-rock
3d2b98e5-556f-4451-a3ff-c50ea18d57cb,classic pop and rock
3d2b98e5-556f-4451-a3ff-c50ea18d57cb,classic rock
3d2b98e5-556f-4451-a3ff-c50ea18d57cb,classic rock. blues rock
3d2b98e5-556f-4451-a3ff-c50ea18d57cb,contemporary pop/rock
3d2b98e5-556f-4451-a3ff-c50ea18d57cb,glam metal
3d2b98e5-556f-4451-a3ff-c50ea18d57cb,hard rock
3d2b98e5-556f-4451-a3ff-c50ea18d57cb,heavy metal
3d2b98e5-556f-4451-a3ff-c50ea18d57cb,medley a b
3d2b98e5-556f-4451-a3ff-c50ea18d57cb,metal
3d2b98e5-556f-4451-a3ff-c50ea18d57cb,pop rock
3d2b98e5-556f-4451-a3ff-c50ea18d57cb,pop-metal
3d2b98e5-556f-4451-a3ff-c50ea18d57cb,rock
3d2b98e5-556f-4451-a3ff-c50ea18d57cb,rock and roll
3d2b98e5-556f-4451-a3ff-c50ea18d57cb,roots rock
3d2b98e5-556f-4451-a3ff-c50ea18d57cb,soft rock
b7ffd2af-418f-4be2-bdd1-22f8b48613da,2008 universal fire victim
b7ffd2af-418f-4be2-bdd1-22f8b48613da,alternative
b7ffd2af-418f-4be2-bdd1-22f8b48613da,alternative dance
b7ffd2af-418f-4be2-bdd1-22f8b48613da,alternative metal
b7ffd2af-418f-4be2-bdd1-22f8b48613da,alternative rock
b7ffd2af-418f-4be2-bdd1-22f8b48613da,ambient music
b7ffd2af-418f-4be2-bdd1-22f8b48613da,américain
b7ffd2af-418f-4be2-bdd1-22f8b48613da,bootleg
b7ffd2af-418f-4be2-bdd1-22f8b48613da,creative commons
b7ffd2af-418f-4be2-bdd1-22f8b48613da,dance
b7ffd2af-418f-4be2-bdd1-22f8b48613da,dark ambient
b7ffd2af-418f-4be2-bdd1-22f8b48613da,electro-industrial
b7ffd2af-418f-4be2-bdd1-22f8b48613da,electronic
b7ffd2af-418f-4be2-bdd1-22f8b48613da,electronic rock
b7ffd2af-418f-4be2-bdd1-22f8b48613da,experimental rock
b7ffd2af-418f-4be2-bdd1-22f8b48613da,free culture
b7ffd2af-418f-4be2-bdd1-22f8b48613da,hip hop
b7ffd2af-418f-4be2-bdd1-22f8b48613da,indie rock
b7ffd2af-418f-4be2-bdd1-22f8b48613da,industrial
b7ffd2af-418f-4be2-bdd1-22f8b48613da,industrial metal
b7ffd2af-418f-4be2-bdd1-22f8b48613da,industrial rock
b7ffd2af-418f-4be2-bdd1-22f8b48613da,libre
b7ffd2af-418f-4be2-bdd1-22f8b48613da,n3
b7ffd2af-418f-4be2-bdd1-22f8b48613da,nu metal
b7ffd2af-418f-4be2-bdd1-22f8b48613da,pop
b7ffd2af-418f-4be2-bdd1-22f8b48613da,post-industrial
b7ffd2af-418f-4be2-bdd1-22f8b48613da,rock
b7ffd2af-418f-4be2-bdd1-22f8b48613da,rock and indie
b7ffd2af-418f-4be2-bdd1-22f8b48613da,synthpop
b7ffd2af-418f-4be2-bdd1-22f8b48613da,techno
2ce02909-598b-44ef-a456-151ba0a3bd70,2008 universal fire victim
2ce02909-598b-44ef-a456-151ba0a3bd70,aln-sh
2ce02909-598b-44ef-a456-151ba0a3bd70,blues
2ce02909-598b-44ef-a456-151ba0a3bd70,classic pop and rock
2ce02909-598b-44ef-a456-151ba0a3bd70,country
2ce02909-598b-44ef-a456-151ba0a3bd70,country blues
2ce02909-598b-44ef-a456-151ba0a3bd70,country soul
2ce02909-598b-44ef-a456-151ba0a3bd70,death by lung cancer
2ce02909-598b-44ef-a456-151ba0a3bd70,gospel
2ce02909-598b-44ef-a456-151ba0a3bd70,jazz
2ce02909-598b-44ef-a456-151ba0a3bd70,jazz blues
2ce02909-598b-44ef-a456-151ba0a3bd70,live in concert
2ce02909-598b-44ef-a456-151ba0a3bd70,piano blues
2ce02909-598b-44ef-a456-151ba0a3bd70,pop
2ce02909-598b-44ef-a456-151ba0a3bd70,r&b
2ce02909-598b-44ef-a456-151ba0a3bd70,rhythm & blues
2ce02909-598b-44ef-a456-151ba0a3bd70,rhythm and blues
2ce02909-598b-44ef-a456-151ba0a3bd70,rnb
2ce02909-598b-44ef-a456-151ba0a3bd70,soul
2ce02909-598b-44ef-a456-151ba0a3bd70,soul blues
2ce02909-598b-44ef-a456-151ba0a3bd70,soul jazz
2ce02909-598b-44ef-a456-151ba0a3bd70,the way i feel
2ce02909-598b-44ef-a456-151ba0a3bd70,vocal jazz
592a3b6d-c42b-4567-99c9-ecf63bd66499,2008 universal fire victim
592a3b6d-c42b-4567-99c9-ecf63bd66499,blues
592a3b6d-c42b-4567-99c9-ecf63bd66499,blues rock
592a3b6d-c42b-4567-99c9-ecf63bd66499,classic pop and rock
592a3b6d-c42b-4567-99c9-ecf63bd66499,classic rock
592a3b6d-c42b-4567-99c9-ecf63bd66499,jazz
592a3b6d-c42b-4567-99c9-ecf63bd66499,novelty
592a3b6d-c42b-4567-99c9-ecf63bd66499,rhythm & blues
592a3b6d-c42b-4567-99c9-ecf63bd66499,rhythm and blues
592a3b6d-c42b-4567-99c9-ecf63bd66499,rock
592a3b6d-c42b-4567-99c9-ecf63bd66499,rock & roll
592a3b6d-c42b-4567-99c9-ecf63bd66499,rock and roll
592a3b6d-c42b-4567-99c9-ecf63bd66499,rock n roll
592a3b6d-c42b-4567-99c9-ecf63bd66499,rock-and-roll
592a3b6d-c42b-4567-99c9-ecf63bd66499,rockabilly
592a3b6d-c42b-4567-99c9-ecf63bd66499,soul
eeb1195b-f213-4ce1-b28c-8565211f8e43,2008 universal fire victim
eeb1195b-f213-4ce1-b28c-8565211f8e43,acoustic rock
eeb1195b-f213-4ce1-b28c-8565211f8e43,aor
eeb1195b-f213-4ce1-b28c-8565211f8e43,arena rock
eeb1195b-f213-4ce1-b28c-8565211f8e43,art rock
eeb1195b-f213-4ce1-b28c-8565211f8e43,band
eeb1195b-f213-4ce1-b28c-8565211f8e43,classic pop and rock
eeb1195b-f213-4ce1-b28c-8565211f8e43,folk rock
eeb1195b-f213-4ce1-b28c-8565211f8e43,glam
eeb1195b-f213-4ce1-b28c-8565211f8e43,glam metal
eeb1195b-f213-4ce1-b28c-8565211f8e43,glam punk
eeb1195b-f213-4ce1-b28c-8565211f8e43,hard rock
eeb1195b-f213-4ce1-b28c-8565211f8e43,heavy metal
eeb1195b-f213-4ce1-b28c-8565211f8e43,industrial rock
eeb1195b-f213-4ce1-b28c-8565211f8e43,metal
eeb1195b-f213-4ce1-b28c-8565211f8e43,patience
eeb1195b-f213-4ce1-b28c-8565211f8e43,piano rock
eeb1195b-f213-4ce1-b28c-8565211f8e43,pop rock
eeb1195b-f213-4ce1-b28c-8565211f8e43,pop/rock
eeb1195b-f213-4ce1-b28c-8565211f8e43,punk rock
eeb1195b-f213-4ce1-b28c-8565211f8e43,rock
67f66c07-6e61-4026-ade5-7e782fad3a5d,acoustic rock
67f66c07-6e61-4026-ade5-7e782fad3a5d,alternative
67f66c07-6e61-4026-ade5-7e782fad3a5d,alternative rock
67f66c07-6e61-4026-ade5-7e782fad3a5d,everlong
67f66c07-6e61-4026-ade5-7e782fad3a5d,grunge
67f66c07-6e61-4026-ade5-7e782fad3a5d,hard rock
67f66c07-6e61-4026-ade5-7e782fad3a5d,indie rock
67f66c07-6e61-4026-ade5-7e782fad3a5d,nuno
67f66c07-6e61-4026-ade5-7e782fad3a5d,pop rock
67f66c07-6e61-4026-ade5-7e782fad3a5d,post-grunge
67f66c07-6e61-4026-ade5-7e782fad3a5d,rock
67f66c07-6e61-4026-ade5-7e782fad3a5d,rock and indie
67f66c07-6e61-4026-ade5-7e782fad3a5d,us
668fd73c-bf54-4310-a139-305517f05311,alternative country
668fd73c-bf54-4310-a139-305517f05311,blues
668fd73c-bf54-4310-a139-305517f05311,composer
668fd73c-bf54-4310-a139-305517f05311,country
668fd73c-bf54-4310-a139-305517f05311,country pop
668fd73c-bf54-4310-a139-305517f05311,country rock
668fd73c-bf54-4310-a139-305517f05311,farther
668fd73c-bf54-4310-a139-305517f05311,folk
668fd73c-bf54-4310-a139-305517f05311,outlaw country
668fd73c-bf54-4310-a139-305517f05311,reggae
668fd73c-bf54-4310-a139-305517f05311,rock
668fd73c-bf54-4310-a139-305517f05311,singer-songwriter
668fd73c-bf54-4310-a139-305517f05311,standards
5dcdb5eb-cb72-4e6e-9e63-b7bace604965,acoustic rock
5dcdb5eb-cb72-4e6e-9e63-b7bace604965,aor
5dcdb5eb-cb72-4e6e-9e63-b7bace604965,arena rock
5dcdb5eb-cb72-4e6e-9e63-b7bace604965,band
5dcdb5eb-cb72-4e6e-9e63-b7bace604965,bon jovi
5dcdb5eb-cb72-4e6e-9e63-b7bace604965,classic rock
5dcdb5eb-cb72-4e6e-9e63-b7bace604965,country rock
5dcdb5eb-cb72-4e6e-9e63-b7bace604965,glam metal
5dcdb5eb-cb72-4e6e-9e63-b7bace604965,glam rock
5dcdb5eb-cb72-4e6e-9e63-b7bace604965,hair band
5dcdb5eb-cb72-4e6e-9e63-b7bace604965,hard fm
5dcdb5eb-cb72-4e6e-9e63-b7bace604965,hard rock
5dcdb5eb-cb72-4e6e-9e63-b7bace604965,heartland rock
5dcdb5eb-cb72-4e6e-9e63-b7bace604965,heavy metal
5dcdb5eb-cb72-4e6e-9e63-b7bace604965,mainstream rock
5dcdb5eb-cb72-4e6e-9e63-b7bace604965,metal
5dcdb5eb-cb72-4e6e-9e63-b7bace604965,pop and chart
5dcdb5eb-cb72-4e6e-9e63-b7bace604965,pop rock
5dcdb5eb-cb72-4e6e-9e63-b7bace604965,rock
5dcdb5eb-cb72-4e6e-9e63-b7bace604965,soft rock
5dfdca28-9ddc-4853-933c-8bc97d87beec,alternative hard rock
5dfdca28-9ddc-4853-933c-8bc97d87beec,alternative metal
5dfdca28-9ddc-4853-933c-8bc97d87beec,alternative rock
5dfdca28-9ddc-4853-933c-8bc97d87beec,drum and bass
5dfdca28-9ddc-4853-933c-8bc97d87beec,heavy metal
5dfdca28-9ddc-4853-933c-8bc97d87beec,industrial
5dfdca28-9ddc-4853-933c-8bc97d87beec,industrial metal
5dfdca28-9ddc-4853-933c-8bc97d87beec,industrial rock
5dfdca28-9ddc-4853-933c-8bc97d87beec,metal
5dfdca28-9ddc-4853-933c-8bc97d87beec,nu metal
5dfdca28-9ddc-4853-933c-8bc97d87beec,rock
5dfdca28-9ddc-4853-933c-8bc97d87beec,rock and indie
091ec508-877f-4e3c-92a3-10903bbbc7ad,classic pop and rock
091ec508-877f-4e3c-92a3-10903bbbc7ad,close harmony
091ec508-877f-4e3c-92a3-10903bbbc7ad,country pop
091ec508-877f-4e3c-92a3-10903bbbc7ad,pop
091ec508-877f-4e3c-92a3-10903bbbc7ad,pop rock
091ec508-877f-4e3c-92a3-10903bbbc7ad,rock & roll
091ec508-877f-4e3c-92a3-10903bbbc7ad,rock and roll
091ec508-877f-4e3c-92a3-10903bbbc7ad,rockabilly
c0b2500e-0cef-4130-869d-732b23ed9df5,adult alternative pop/rock
c0b2500e-0cef-4130-869d-732b23ed9df5,aln-sh
c0b2500e-0cef-4130-869d-732b23ed9df5,alternative pop
c0b2500e-0cef-4130-869d-732b23ed9df5,alternative rock
c0b2500e-0cef-4130-869d-732b23ed9df5,alternative/indie rock
c0b2500e-0cef-4130-869d-732b23ed9df5,art pop
c0b2500e-0cef-4130-869d-732b23ed9df5,art rock
c0b2500e-0cef-4130-869d-732b23ed9df5,baroque pop
c0b2500e-0cef-4130-869d-732b23ed9df5,chamber pop
c0b2500e-0cef-4130-869d-732b23ed9df5,contemporary singer/songwriter
c0b2500e-0cef-4130-869d-732b23ed9df5,crossover prog
c0b2500e-0cef-4130-869d-732b23ed9df5,electronic
c0b2500e-0cef-4130-869d-732b23ed9df5,electronica
c0b2500e-0cef-4130-869d-732b23ed9df5,experimental
c0b2500e-0cef-4130-869d-732b23ed9df5,female vocalist
c0b2500e-0cef-4130-869d-732b23ed9df5,female vocals
c0b2500e-0cef-4130-869d-732b23ed9df5,indie rock
c0b2500e-0cef-4130-869d-732b23ed9df5,jazz
c0b2500e-0cef-4130-869d-732b23ed9df5,piano
c0b2500e-0cef-4130-869d-732b23ed9df5,piano pop rock
c0b2500e-0cef-4130-869d-732b23ed9df5,piano rock
c0b2500e-0cef-4130-869d-732b23ed9df5,pop
c0b2500e-0cef-4130-869d-732b23ed9df5,pop rock
c0b2500e-0cef-4130-869d-732b23ed9df5,rock
c0b2500e-0cef-4130-869d-732b23ed9df5,rock and indie
c0b2500e-0cef-4130-869d-732b23ed9df5,singer-songwriter
c0b2500e-0cef-4130-869d-732b23ed9df5,wip
f86f1f07-d182-45ce-ae93-ef610880ca72,2008 universal fire victim
f86f1f07-d182-45ce-ae93-ef610880ca72,blues
f86f1f07-d182-45ce-ae93-ef610880ca72,blues rock
f86f1f07-d182-45ce-ae93-ef610880ca72,classic pop and rock
f86f1f07-d182-45ce-ae93-ef610880ca72,death by heart failure
f86f1f07-d182-45ce-ae93-ef610880ca72,delta blues
f86f1f07-d182-45ce-ae93-ef610880ca72,electric blues
f86f1f07-d182-45ce-ae93-ef610880ca72,psychedelic rock
dcb03ce3-67a5-4eb3-b2d1-2a12d93a38f3,2008 universal fire victim
dcb03ce3-67a5-4eb3-b2d1-2a12d93a38f3,blues
dcb03ce3-67a5-4eb3-b2d1-2a12d93a38f3,blues rock
dcb03ce3-67a5-4eb3-b2d1-2a12d93a38f3,electric blues
dcb03ce3-67a5-4eb3-b2d1-2a12d93a38f3,filmore
dcb03ce3-67a5-4eb3-b2d1-2a12d93a38f3,jazz and blues
dcb03ce3-67a5-4eb3-b2d1-2a12d93a38f3,live
dcb03ce3-67a5-4eb3-b2d1-2a12d93a38f3,rhythm & blues
dcb03ce3-67a5-4eb3-b2d1-2a12d93a38f3,soul
dcb03ce3-67a5-4eb3-b2d1-2a12d93a38f3,soul blues
dcb03ce3-67a5-4eb3-b2d1-2a12d93a38f3,urban blues
8bfac288-ccc5-448d-9573-c33ea2aa5c30,00s
8bfac288-ccc5-448d-9573-c33ea2aa5c30,10s
8bfac288-ccc5-448d-9573-c33ea2aa5c30,80s
8bfac288-ccc5-448d-9573-c33ea2aa5c30,90s
8bfac288-ccc5-448d-9573-c33ea2aa5c30,alternative
8bfac288-ccc5-448d-9573-c33ea2aa5c30,alternative rock
8bfac288-ccc5-448d-9573-c33ea2aa5c30,crossover
8bfac288-ccc5-448d-9573-c33ea2aa5c30,dvd
8bfac288-ccc5-448d-9573-c33ea2aa5c30,funk
8bfac288-ccc5-448d-9573-c33ea2aa5c30,funk metal
8bfac288-ccc5-448d-9573-c33ea2aa5c30,funk rock
8bfac288-ccc5-448d-9573-c33ea2aa5c30,funk rock tributo
8bfac288-ccc5-448d-9573-c33ea2aa5c30,hard rock
8bfac288-ccc5-448d-9573-c33ea2aa5c30,heavy metal
8bfac288-ccc5-448d-9573-c33ea2aa5c30,indie rock
8bfac288-ccc5-448d-9573-c33ea2aa5c30,live
8bfac288-ccc5-448d-9573-c33ea2aa5c30,metal
8bfac288-ccc5-448d-9573-c33ea2aa5c30,pop and chart
8bfac288-ccc5-448d-9573-c33ea2aa5c30,pop rock
8bfac288-ccc5-448d-9573-c33ea2aa5c30,psychedelic rock
8bfac288-ccc5-448d-9573-c33ea2aa5c30,punk rock
8bfac288-ccc5-448d-9573-c33ea2aa5c30,rap
8bfac288-ccc5-448d-9573-c33ea2aa5c30,rap rock
8bfac288-ccc5-448d-9573-c33ea2aa5c30,rock
b2cc8903-0077-4bef-8454-ac5cef53d126,pop rock
b2cc8903-0077-4bef-8454-ac5cef53d126,rock & roll
b2cc8903-0077-4bef-8454-ac5cef53d126,surf rock
b2cc8903-0077-4bef-8454-ac5cef53d126,swamp rock
b6b2bb8d-54a9-491f-9607-7b546023b433,4ad
b6b2bb8d-54a9-491f-9607-7b546023b433,acoustic rock
b6b2bb8d-54a9-491f-9607-7b546023b433,alternative rock
b6b2bb8d-54a9-491f-9607-7b546023b433,américain
b6b2bb8d-54a9-491f-9607-7b546023b433,indie rock
b6b2bb8d-54a9-491f-9607-7b546023b433,noise pop
b6b2bb8d-54a9-491f-9607-7b546023b433,noise rock
b6b2bb8d-54a9-491f-9607-7b546023b433,post-hardcore
b6b2bb8d-54a9-491f-9607-7b546023b433,punk rock
b6b2bb8d-54a9-491f-9607-7b546023b433,rock
b6b2bb8d-54a9-491f-9607-7b546023b433,rock and indie
b6b2bb8d-54a9-491f-9607-7b546023b433,rock groups
b6b2bb8d-54a9-491f-9607-7b546023b433,rock music
b6b2bb8d-54a9-491f-9607-7b546023b433,surf rock
b6b2bb8d-54a9-491f-9607-7b546023b433,surfer music
5e6c760b-42e0-4df4-a221-0269355da00a,adult standards
5e6c760b-42e0-4df4-a221-0269355da00a,big band
5e6c760b-42e0-4df4-a221-0269355da00a,christmas music
5e6c760b-42e0-4df4-a221-0269355da00a,classic pop and rock
5e6c760b-42e0-4df4-a221-0269355da00a,country pop
5e6c760b-42e0-4df4-a221-0269355da00a,easy listening
5e6c760b-42e0-4df4-a221-0269355da00a,pop
5e6c760b-42e0-4df4-a221-0269355da00a,standards
5e6c760b-42e0-4df4-a221-0269355da00a,traditional pop
5e6c760b-42e0-4df4-a221-0269355da00a,vocal jazz
b925a474-d245-4217-bc13-2e153d82bebb,funk rock
b925a474-d245-4217-bc13-2e153d82bebb,indie groove
b925a474-d245-4217-bc13-2e153d82bebb,indie rock
b925a474-d245-4217-bc13-2e153d82bebb,jam band
b925a474-d245-4217-bc13-2e153d82bebb,rock
4580d83b-093e-4241-91fb-2dd71f5f1f3f,2008 universal fire victim
4580d83b-093e-4241-91fb-2dd71f5f1f3f,adult contemporary
4580d83b-093e-4241-91fb-2dd71f5f1f3f,baroque pop
4580d83b-093e-4241-91fb-2dd71f5f1f3f,christmas music
4580d83b-093e-4241-91fb-2dd71f5f1f3f,classic pop and rock
4580d83b-093e-4241-91fb-2dd71f5f1f3f,classical
4580d83b-093e-4241-91fb-2dd71f5f1f3f,country pop
4580d83b-093e-4241-91fb-2dd71f5f1f3f,easy listening
4580d83b-093e-4241-91fb-2dd71f5f1f3f,orchestral
4580d83b-093e-4241-91fb-2dd71f5f1f3f,pop
4580d83b-093e-4241-91fb-2dd71f5f1f3f,pop rock
4580d83b-093e-4241-91fb-2dd71f5f1f3f,rock
4580d83b-093e-4241-91fb-2dd71f5f1f3f,soft rock
f27ec8db-af05-4f36-916e-3d57f91ecf5e,américain
f27ec8db-af05-4f36-916e-3d57f91ecf5e,blues
f27ec8db-af05-4f36-916e-3d57f91ecf5e,boogie
f27ec8db-af05-4f36-916e-3d57f91ecf5e,chanteur
f27ec8db-af05-4f36-916e-3d57f91ecf5e,classic pop and rock
f27ec8db-af05-4f36-916e-3d57f91ecf5e,composer
f27ec8db-af05-4f36-916e-3d57f91ecf5e,compositeur
f27ec8db-af05-4f36-916e-3d57f91ecf5e,contemporary r&b
f27ec8db-af05-4f36-916e-3d57f91ecf5e,contemporary rnb
f27ec8db-af05-4f36-916e-3d57f91ecf5e,cool
f27ec8db-af05-4f36-916e-3d57f91ecf5e,cultural icon
f27ec8db-af05-4f36-916e-3d57f91ecf5e,dance
f27ec8db-af05-4f36-916e-3d57f91ecf5e,dance-pop
f27ec8db-af05-4f36-916e-3d57f91ecf5e,death by drug overdose
f27ec8db-af05-4f36-916e-3d57f91ecf5e,disco
f27ec8db-af05-4f36-916e-3d57f91ecf5e,folk pop
f27ec8db-af05-4f36-916e-3d57f91ecf5e,funk
f27ec8db-af05-4f36-916e-3d57f91ecf5e,hip hop
f27ec8db-af05-4f36-916e-3d57f91ecf5e,lyricist
f27ec8db-af05-4f36-916e-3d57f91ecf5e,michael-jackson
f27ec8db-af05-4f36-916e-3d57f91ecf5e,motown
f27ec8db-af05-4f36-916e-3d57f91ecf5e,new jack swing
f27ec8db-af05-4f36-916e-3d57f91ecf5e,parolier
f27ec8db-af05-4f36-916e-3d57f91ecf5e,pop
f27ec8db-af05-4f36-916e-3d57f91ecf5e,pop rap
f27ec8db-af05-4f36-916e-3d57f91ecf5e,pop rock
f27ec8db-af05-4f36-916e-3d57f91ecf5e,pop soul
f27ec8db-af05-4f36-916e-3d57f91ecf5e,post-disco
f27ec8db-af05-4f36-916e-3d57f91ecf5e,r&b
f27ec8db-af05-4f36-916e-3d57f91ecf5e,rhythm and blues
f27ec8db-af05-4f36-916e-3d57f91ecf5e,rnb
f27ec8db-af05-4f36-916e-3d57f91ecf5e,rock
f27ec8db-af05-4f36-916e-3d57f91ecf5e,singer
f27ec8db-af05-4f36-916e-3d57f91ecf5e,soul
79239441-bfd5-4981-a70c-55c3f15c1287,80s
79239441-bfd5-4981-a70c-55c3f15c1287,adult contemporary
79239441-bfd5-4981-a70c-55c3f15c1287,adult contemporary music
79239441-bfd5-4981-a70c-55c3f15c1287,américain
79239441-bfd5-4981-a70c-55c3f15c1287,arabic
79239441-bfd5-4981-a70c-55c3f15c1287,art pop
79239441-bfd5-4981-a70c-55c3f15c1287,bubblegum pop
79239441-bfd5-4981-a70c-55c3f15c1287,chanteur
79239441-bfd5-4981-a70c-55c3f15c1287,club
79239441-bfd5-4981-a70c-55c3f15c1287,contemporary pop/rock
79239441-bfd5-4981-a70c-55c3f15c1287,contemporary r&b
79239441-bfd5-4981-a70c-55c3f15c1287,country pop
79239441-bfd5-4981-a70c-55c3f15c1287,dance
79239441-bfd5-4981-a70c-55c3f15c1287,dance music
79239441-bfd5-4981-a70c-55c3f15c1287,dance-pop
79239441-bfd5-4981-a70c-55c3f15c1287,downtempo
79239441-bfd5-4981-a70c-55c3f15c1287,easy listening
79239441-bfd5-4981-a70c-55c3f15c1287,edm
79239441-bfd5-4981-a70c-55c3f15c1287,electronic
79239441-bfd5-4981-a70c-55c3f15c1287,electronica
79239441-bfd5-4981-a70c-55c3f15c1287,electropop
79239441-bfd5-4981-a70c-55c3f15c1287,female vocals
79239441-bfd5-4981-a70c-55c3f15c1287,folk music
79239441-bfd5-4981-a70c-55c3f15c1287,greatest hits
79239441-bfd5-4981-a70c-55c3f15c1287,jazz
79239441-bfd5-4981-a70c-55c3f15c1287,multiple ipi
79239441-bfd5-4981-a70c-55c3f15c1287,new wave
79239441-bfd5-4981-a70c-55c3f15c1287,nuno
79239441-bfd5-4981-a70c-55c3f15c1287,pop
79239441-bfd5-4981-a70c-55c3f15c1287,pop and chart
79239441-bfd5-4981-a70c-55c3f15c1287,pop rock
79239441-bfd5-4981-a70c-55c3f15c1287,secret
79239441-bfd5-4981-a70c-55c3f15c1287,singer
79239441-bfd5-4981-a70c-55c3f15c1287,synth-pop
79239441-bfd5-4981-a70c-55c3f15c1287,tell me
79239441-bfd5-4981-a70c-55c3f15c1287,trip hop
