case_id,policy_id,cluster,t,state,next_state,action,group,item_id,reward,cost,x1,x2,target_prob,behavior_prob,source_id
public-001,P0,0,0,0,3,0,0,0,0.287264754401,0.626110358291,0.250000000000,0.000000000000,0.171141635940,0.160000000000,538515
public-001,P0,0,1,3,0,0,1,1,0.594462564306,0.401637324626,0.135075576467,0.056448003224,0.147300338299,0.265000000000,538524
public-001,P0,0,2,0,2,2,0,2,0.641007316847,0.796832882660,-0.104036709137,0.000000000000,0.149810162550,0.230000000000,538524
public-001,P0,0,3,2,1,2,0,3,0.303029376121,0.876033536804,-0.247498124150,0.363718970730,0.150600346417,0.160000000000,538593
public-001,P0,0,4,1,2,2,1,4,0.950667709099,0.734356301229,-0.163410905216,0.336588393923,0.196962998065,0.265000000000,538635
public-001,P0,0,5,2,0,0,0,5,0.834307575745,0.393584926784,0.070915546366,0.363718970730,0.144853960956,0.230000000000,538533
public-001,P0,0,6,0,3,0,0,6,0.805070670171,0.357894606161,0.240042571663,0.000000000000,0.168634346907,0.160000000000,538525
public-001,P0,0,7,3,0,0,1,7,0.541446561591,0.350093647314,0.188475563586,0.056448003224,0.148246804926,0.265000000000,538596
public-001,P0,1,0,1,2,1,0,10,0.170347047101,0.771302189058,0.350000000000,0.336588393923,0.283453334526,0.265000000000,538566
public-001,P0,1,1,2,0,3,1,11,0.771895847722,1.143793343328,0.235075576467,0.363718970730,0.198506749699,0.230000000000,538524
public-001,P0,1,2,0,3,2,1,12,0.286860422345,1.101320357681,-0.004036709137,0.000000000000,0.172607361199,0.265000000000,538558
public-001,P0,1,3,3,0,3,0,13,0.588500670620,1.118373714993,-0.147498124150,0.056448003224,0.249431823753,0.265000000000,538626
public-001,P0,1,4,0,2,1,1,14,0.741394707231,0.658748442652,-0.063410905216,0.000000000000,0.170949017188,0.230000000000,538566
public-001,P0,1,5,2,1,0,1,15,0.751974396466,0.538553640251,0.170915546366,0.363718970730,0.166896955014,0.265000000000,538626
public-001,P0,1,6,1,2,1,0,16,0.658058944087,0.664957319316,0.340042571663,0.336588393923,0.279300637065,0.265000000000,538566
public-001,P0,1,7,2,0,3,1,17,0.991203480599,1.149610814009,0.288475563586,0.363718970730,0.199782239057,0.230000000000,538566
public-001,P0,2,0,2,0,2,0,20,-0.078822443243,1.021508977145,0.450000000000,0.363718970730,0.246016101664,0.230000000000,538635
public-001,P0,2,1,0,3,1,0,21,0.544725527648,0.848727035097,0.335075576467,0.000000000000,0.228714298566,0.265000000000,538566
public-001,P0,2,2,3,0,1,1,22,0.469111859668,1.031890005999,0.095963290863,0.056448003224,0.149810162550,0.230000000000,538524
public-001,P0,2,3,0,2,0,0,23,0.734797911079,0.679431084577,-0.047498124150,0.000000000000,0.216487997975,0.230000000000,538524
public-001,P0,2,4,2,1,3,0,24,0.786811688220,1.284460100967,0.036589094784,0.363718970730,0.196962998065,0.265000000000,538566
public-001,P0,2,5,1,2,3,1,25,0.441711996729,1.369195795270,0.270915546366,0.336588393923,0.144853960956,0.230000000000,538566
public-001,P0,2,6,2,0,2,0,26,0.336923002180,1.200947526080,0.440042571663,0.363718970730,0.242411873679,0.230000000000,538558
public-001,P0,2,7,0,3,1,0,27,0.774488097166,0.882850093118,0.388475563586,0.000000000000,0.230183884131,0.265000000000,538524
public-001,P0,3,0,3,2,3,0,30,-0.108277750916,1.404223730228,0.550000000000,0.056448003224,0.208578868802,0.195000000000,538629
public-001,P0,3,1,2,3,3,1,31,0.279661946993,1.408456694393,0.435075576467,0.363718970730,0.138091651964,0.160000000000,538625
public-001,P0,3,2,3,1,1,0,32,0.452419907139,1.035621416582,0.195963290863,0.056448003224,0.172607361199,0.265000000000,538637
public-001,P0,3,3,1,0,1,0,33,0.271000373824,1.079890280967,0.052501875850,0.336588393923,0.183544172196,0.195000000000,538524
public-001,P0,3,4,0,1,1,1,34,1.157922639677,1.003507166785,0.136589094784,0.000000000000,0.118921055435,0.160000000000,538518
public-001,P0,3,5,1,3,3,0,35,0.463690440022,1.353974305490,0.370915546366,0.336588393923,0.166896955014,0.265000000000,538629
public-001,P0,3,6,3,2,3,0,36,0.622543060834,1.495546261435,0.540042571663,0.056448003224,0.205523110293,0.195000000000,538524
public-001,P0,3,7,2,3,3,1,37,1.047789628538,1.361792864710,0.488475563586,0.363718970730,0.138978948909,0.160000000000,538566
public-001,P1,0,0,1,2,2,1,100,0.393843919650,0.801246608624,0.250000000000,0.256588393923,0.446962018021,0.265000000000,538524
public-001,P1,0,1,2,0,0,0,101,0.232690843648,0.548640711875,0.135075576467,0.283718970730,0.175481760600,0.230000000000,538567
public-001,P1,0,2,0,3,3,0,102,0.497841970557,1.063732116470,-0.104036709137,-0.080000000000,0.261746528270,0.265000000000,538625
public-001,P1,0,3,3,0,0,1,103,0.683068163463,0.382259408749,-0.247498124150,-0.023551996776,0.449833936977,0.265000000000,538566
public-001,P1,0,4,0,2,2,0,104,0.189366412970,0.880063853038,-0.163410905216,-0.080000000000,0.277149651951,0.230000000000,538629
public-001,P1,0,5,2,1,1,0,105,0.579394123737,0.783560752306,0.070915546366,0.283718970730,0.256416735133,0.265000000000,538625
public-001,P1,0,6,1,2,2,1,106,0.752141823146,0.815448221298,0.240042571663,0.256588393923,0.449878890555,0.265000000000,538637
public-001,P1,0,7,2,0,0,0,107,0.185764903403,0.592216570319,0.188475563586,0.283718970730,0.182189443413,0.230000000000,538524
public-001,P1,1,0,2,0,3,1,110,-0.079442765918,1.281390387037,0.350000000000,0.283718970730,0.387929298659,0.230000000000,538566
public-001,P1,1,1,0,3,2,1,111,0.365072223027,0.977296467961,0.235075576467,-0.080000000000,0.313934895853,0.265000000000,538524
public-001,P1,1,2,3,0,2,0,112,0.486051256140,0.862825980906,-0.004036709137,-0.023551996776,0.227176232084,0.230000000000,538626
public-001,P1,1,3,0,2,1,1,113,0.602664946972,0.727036704367,-0.147498124150,-0.080000000000,0.390421907565,0.230000000000,538524
public-001,P1,1,4,2,1,0,1,114,0.548883687342,0.475046235415,-0.063410905216,0.283718970730,0.205656671896,0.265000000000,538634
public-001,P1,1,5,1,2,0,0,115,0.644974882367,0.504742224254,0.170915546366,0.256588393923,0.222550373889,0.230000000000,538635
public-001,P1,1,6,2,0,3,1,116,0.837549951747,1.080248040024,0.340042571663,0.283718970730,0.390460923878,0.230000000000,538566
public-001,P1,1,7,0,3,2,1,117,0.690288398657,0.996574703723,0.288475563586,-0.080000000000,0.325934864955,0.265000000000,538566
public-001,P1,2,0,3,2,0,1,120,0.433683344480,0.630333202865,0.450000000000,-0.023551996776,0.328896579298,0.195000000000,538524
public-001,P1,2,1,2,3,0,0,121,-0.049978457100,0.603367664899,0.335075576467,0.283718970730,0.122074268243,0.160000000000,538524
public-001,P1,2,2,3,1,2,1,122,0.302645713334,1.153428817353,0.095963290863,-0.023551996776,0.261746528270,0.265000000000,538524
public-001,P1,2,3,1,0,2,1,123,0.500569607217,1.089295765471,-0.047498124150,0.256588393923,0.331009878153,0.195000000000,538566
public-001,P1,2,4,0,1,2,0,124,0.432767232297,1.072209179961,0.036589094784,-0.080000000000,0.192799757879,0.160000000000,538597
public-001,P1,2,5,1,3,0,1,125,0.536128912121,0.614344725639,0.270915546366,0.256588393923,0.256416735133,0.265000000000,538524
public-001,P1,2,6,3,2,0,1,126,1.059204386701,0.724905912948,0.440042571663,-0.023551996776,0.331042957201,0.195000000000,538625
public-001,P1,2,7,2,3,0,0,127,0.507022210728,0.722924230769,0.388475563586,0.283718970730,0.126740482374,0.160000000000,538630
public-001,P1,3,0,0,1,1,1,130,0.282685607765,0.998924930711,0.550000000000,-0.080000000000,0.269863859937,0.160000000000,538566
public-001,P1,3,1,1,3,3,0,131,0.171274852333,1.398820851959,0.435075576467,0.256588393923,0.313934895853,0.265000000000,538524
public-001,P1,3,2,3,2,2,0,132,0.307918211617,1.239680474657,0.195963290863,-0.023551996776,0.158035639710,0.160000000000,538636
public-001,P1,3,3,2,3,3,1,133,0.507278853618,1.403075413155,0.052501875850,0.283718970730,0.271597848741,0.160000000000,538566
public-001,P1,3,4,3,1,1,0,134,0.173300881214,1.084628211747,0.136589094784,-0.023551996776,0.319324598988,0.265000000000,538566
public-001,P1,3,5,1,0,0,0,135,0.464608823640,0.761672357751,0.370915546366,0.256588393923,0.154817651401,0.160000000000,538566
public-001,P1,3,6,0,1,1,1,136,1.103213734502,1.018129952563,0.540042571663,-0.080000000000,0.271624990524,0.160000000000,538566
public-001,P1,3,7,1,3,3,0,137,0.531759656314,1.307388748969,0.488475563586,0.256588393923,0.325934864955,0.265000000000,538566
public-001,P2,0,0,2,0,0,0,200,-0.053639719868,0.628320716590,0.250000000000,0.203718970730,0.572131528323,0.230000000000,538630
public-001,P2,0,1,0,3,3,0,201,0.068707813353,0.956402634803,0.135075576467,-0.160000000000,0.511514834093,0.265000000000,538636
public-001,P2,0,2,3,0,3,1,202,-0.060461893543,0.939103284449,-0.104036709137,-0.103551996776,0.376549227017,0.230000000000,538524
public-001,P2,0,3,0,2,2,0,203,0.175031655211,0.879818631463,-0.247498124150,-0.160000000000,0.541939014363,0.230000000000,538636
public-001,P2,0,4,2,1,1,0,204,0.401671831696,0.683841495557,-0.163410905216,0.203718970730,0.551009942359,0.265000000000,538566
public-001,P2,0,5,1,2,1,1,205,0.362362792736,0.785430497446,0.070915546366,0.176588393923,0.343092582024,0.230000000000,538524
public-001,P2,0,6,2,0,0,0,206,0.448584127008,0.500540204254,0.240042571663,0.203718970730,0.604868911899,0.230000000000,538636
public-001,P2,0,7,0,3,3,0,207,0.130048461605,1.111623969394,0.188475563586,-0.160000000000,0.486522698381,0.265000000000,538566
public-001,P2,1,0,3,2,1,0,210,-0.168214714798,0.664601332827,0.350000000000,-0.103551996776,0.485068034883,0.195000000000,538566
public-001,P2,1,1,2,3,1,1,211,0.265368996477,0.691868166755,0.235075576467,0.203718970730,0.308839145113,0.160000000000,538518
public-001,P2,1,2,3,1,3,0,212,0.223328667122,1.016395419306,-0.004036709137,-0.103551996776,0.433850196346,0.265000000000,538566
public-001,P2,1,3,1,0,3,0,213,-0.013197909981,1.193267050740,-0.147498124150,0.176588393923,0.459470033916,0.195000000000,538533
public-001,P2,1,4,0,1,3,1,214,0.063551866633,1.219953595699,-0.063410905216,-0.160000000000,0.332685248217,0.160000000000,538566
public-001,P2,1,5,1,3,1,0,215,0.347541309157,0.688653059969,0.170915546366,0.176588393923,0.395302322767,0.265000000000,538634
public-001,P2,1,6,3,2,1,0,216,0.471515318793,0.819500017238,0.340042571663,-0.103551996776,0.512823642697,0.195000000000,538566
public-001,P2,1,7,2,3,1,1,217,0.130940073708,0.897411111475,0.288475563586,0.203718970730,0.293749553740,0.160000000000,538576
public-001,P2,2,0,0,1,2,0,220,-0.219170839904,1.029884326461,0.450000000000,-0.160000000000,0.398004541442,0.160000000000,538592
public-001,P2,2,1,1,3,0,1,221,0.032986938187,0.828760411970,0.335075576467,0.176588393923,0.329434183080,0.265000000000,538566
public-001,P2,2,2,3,2,3,1,222,-0.046960960415,1.349462560648,0.095963290863,-0.103551996776,0.261947288360,0.160000000000,538637
public-001,P2,2,3,2,3,0,0,223,0.469712461795,0.710585320415,-0.047498124150,0.203718970730,0.377001053470,0.160000000000,538566
public-001,P2,2,4,3,1,2,1,224,0.190021552888,1.036661661082,0.036589094784,-0.103551996776,0.551009942359,0.265000000000,538524
public-001,P2,2,5,1,0,1,1,225,0.688003377919,1.015720146649,0.270915546366,0.176588393923,0.238673100538,0.160000000000,538592
public-001,P2,2,6,0,1,2,0,226,0.681936689112,1.096097954964,0.440042571663,-0.160000000000,0.420778373495,0.160000000000,538566
public-001,P2,2,7,1,3,0,1,227,0.186843386405,0.867901254340,0.388475563586,0.176588393923,0.313338337441,0.265000000000,538641
public-001,P2,3,0,1,3,3,0,230,-0.235206601383,1.355432746564,0.550000000000,0.176588393923,0.659195021764,0.265000000000,538524
public-001,P2,3,1,3,2,2,0,231,-0.332222657825,1.077599690692,0.435075576467,-0.103551996776,0.308839145113,0.160000000000,538558
public-001,P2,3,2,2,3,2,1,232,0.137815101167,1.345131196384,0.195963290863,0.203718970730,0.433850196346,0.265000000000,538518
public-001,P2,3,3,3,1,1,0,233,0.366754230161,0.989919158119,0.052501875850,-0.103551996776,0.624407994809,0.265000000000,538630
public-001,P2,3,4,1,0,0,0,234,0.266866859703,0.813612871678,0.136589094784,0.176588393923,0.214261416609,0.160000000000,538566
public-001,P2,3,5,0,1,0,1,235,0.347987034335,0.901669648350,0.370915546366,-0.160000000000,0.395302322767,0.265000000000,538635
public-001,P2,3,6,1,3,3,0,236,0.602171641913,1.353546509893,0.540042571663,0.176588393923,0.696914181101,0.265000000000,538524
public-001,P2,3,7,3,2,2,0,237,0.542984435856,1.289248484911,0.488475563586,-0.103551996776,0.293749553740,0.160000000000,538524
public-001,P3,0,0,3,2,2,1,300,-0.530782776236,0.896622137025,0.250000000000,-0.183551996776,0.708007975839,0.195000000000,538641
public-001,P3,0,1,2,3,2,0,301,0.068313337456,0.962835130202,0.135075576467,0.123718970730,0.536100945751,0.160000000000,538566
public-001,P3,0,2,3,1,0,1,302,0.389574233769,0.362764984055,-0.104036709137,-0.183551996776,0.630683399486,0.265000000000,538524
public-001,P3,0,3,1,0,0,1,303,0.160769637436,0.362594736864,-0.247498124150,0.096588393923,0.735071147046,0.195000000000,538524
public-001,P3,0,4,0,1,0,0,304,0.529536253904,0.457236502752,-0.163410905216,-0.240000000000,0.343164332281,0.160000000000,538524
public-001,P3,0,5,1,3,2,1,305,0.355344771104,0.734720717953,0.070915546366,0.096588393923,0.612337473014,0.265000000000,538558
public-001,P3,0,6,3,2,2,1,306,0.065978211220,0.951697861892,0.240042571663,-0.183551996776,0.768677896559,0.195000000000,538518
public-001,P3,0,7,2,3,2,0,307,-0.016088307148,0.961799884482,0.188475563586,0.123718970730,0.517644104787,0.160000000000,538630
public-001,P3,1,0,0,1,3,1,310,-0.188885111491,1.044265993423,0.350000000000,-0.240000000000,0.580929621201,0.160000000000,538524
public-001,P3,1,1,1,3,1,0,311,-0.316442778310,0.887938716812,0.235075576467,0.096588393923,0.887917191400,0.265000000000,538517
public-001,P3,1,2,3,2,0,0,312,0.550098438357,0.700945119201,-0.004036709137,-0.183551996776,0.380789977048,0.160000000000,538524
public-001,P3,1,3,2,3,1,1,313,0.339947486302,0.778642435973,-0.147498124150,0.123718970730,0.603135300141,0.160000000000,538518
public-001,P3,1,4,3,1,3,0,314,0.230974579623,1.164928648622,-0.063410905216,-0.183551996776,0.882505875031,0.265000000000,538517
public-001,P3,1,5,1,0,2,0,315,0.370225167487,1.088996670120,0.170915546366,0.096588393923,0.369713191254,0.160000000000,538566
public-001,P3,1,6,0,1,3,1,316,0.229113588113,1.066549746245,0.340042571663,-0.240000000000,0.630710068972,0.160000000000,538634
public-001,P3,1,7,1,3,1,0,317,0.211850239669,0.858063820811,0.288475563586,0.096588393923,0.857348048554,0.265000000000,538533
public-001,P3,2,0,1,3,0,1,320,-0.289479962644,0.666959908791,0.450000000000,0.096588393923,0.962164685114,0.265000000000,538518
public-001,P3,2,1,3,2,3,1,321,-0.009035346560,1.407211620468,0.335075576467,-0.183551996776,0.536100945751,0.160000000000,538525
public-001,P3,2,2,2,3,3,0,322,0.433437754913,1.163296585766,0.095963290863,0.123718970730,0.630683399486,0.265000000000,538524
public-001,P3,2,3,3,1,2,1,323,0.383297279410,1.134203034916,-0.047498124150,-0.183551996776,0.998942840858,0.265000000000,538639
public-001,P3,2,4,1,0,1,1,324,0.138869285749,0.946311775894,0.036589094784,0.096588393923,0.532833735868,0.160000000000,538532
public-001,P3,2,5,0,1,1,0,325,0.690161231244,0.923326716121,0.270915546366,-0.240000000000,0.612337473014,0.265000000000,538625
public-001,P3,2,6,1,3,0,1,326,0.551438626704,0.736929797602,0.440042571663,0.096588393923,1.044613551735,0.265000000000,538524
public-001,P3,2,7,3,2,3,1,327,-0.010254124084,1.368192287374,0.388475563586,-0.183551996776,0.517644104787,0.160000000000,538566
public-001,P3,3,0,2,1,1,1,330,-0.628759348660,0.932201074922,0.550000000000,0.123718970730,0.835086330476,0.230000000000,538625
public-001,P3,3,1,1,2,1,0,331,-0.483295889970,1.037074601107,0.435075576467,0.096588393923,0.653373027634,0.195000000000,538636
public-001,P3,3,2,2,0,3,1,332,0.491457586259,1.389006923326,0.195963290863,0.123718970730,0.380789977048,0.160000000000,538524
public-001,P3,3,3,0,3,3,1,333,0.100978237307,1.291343776270,0.052501875850,-0.240000000000,0.867006993952,0.230000000000,538566
public-001,P3,3,4,3,0,3,0,334,-0.009354962690,1.469753234189,0.136589094784,-0.183551996776,0.649391115589,0.195000000000,538638
public-001,P3,3,5,0,2,1,1,335,0.806639301543,1.038217678182,0.370915546366,-0.240000000000,0.369713191254,0.160000000000,538638
public-001,P3,3,6,2,1,1,1,336,0.470641965071,0.983494504540,0.540042571663,0.123718970730,0.906645724147,0.230000000000,538566
public-001,P3,3,7,1,2,1,0,337,0.369653258797,1.152255205751,0.488475563586,0.096588393923,0.630878752710,0.195000000000,538524
public-002,P0,0,0,1,0,1,0,1000,0.146443490902,0.591055651258,0.250000000000,0.336588393923,0.247354641664,0.230000000000,538524
public-002,P0,0,1,0,1,1,1,1001,0.846539749598,0.797816319812,0.135075576467,0.000000000000,0.158267898800,0.195000000000,538634
public-002,P0,0,2,1,3,3,0,1002,0.178096291088,0.969850797180,-0.104036709137,0.336588393923,0.096992108120,0.160000000000,538635
public-002,P0,0,3,3,2,3,0,1003,0.817905979711,0.959190541139,-0.247498124150,0.056448003224,0.213015592435,0.230000000000,538566
public-002,P0,0,4,2,3,3,1,1004,1.254188294401,1.106655206563,-0.163410905216,0.363718970730,0.153031888112,0.195000000000,538566
public-002,P0,0,5,3,1,1,0,1005,0.874142776255,0.786664342621,0.070915546366,0.056448003224,0.108606661254,0.160000000000,538524
public-002,P0,0,6,1,0,1,0,1006,0.566146819108,0.808663178613,0.240042571663,0.336588393923,0.248943999273,0.230000000000,538630
public-002,P0,0,7,0,1,1,1,1007,0.502616119264,0.566790066692,0.188475563586,0.000000000000,0.161736592128,0.195000000000,538541
public-002,P0,1,0,2,3,2,0,1010,0.244529128405,1.040270268047,0.350000000000,0.363718970730,0.209713717933,0.195000000000,538566
public-002,P0,1,1,3,1,0,1,1011,0.600671710333,0.679231369298,0.235075576467,0.056448003224,0.083635110659,0.160000000000,538597
public-002,P0,1,2,1,0,3,1,1012,0.446616057780,1.218295333528,-0.004036709137,0.336588393923,0.118209131772,0.195000000000,538524
public-002,P0,1,3,0,1,0,0,1013,0.783157804196,0.724093572983,-0.147498124150,0.000000000000,0.180600176195,0.195000000000,538625
public-002,P0,1,4,1,3,2,1,1014,0.850581234516,1.092885650961,-0.063410905216,0.336588393923,0.125564626143,0.160000000000,538630
public-002,P0,1,5,3,2,1,1,1015,0.635756371360,0.688841608646,0.170915546366,0.056448003224,0.132364368403,0.195000000000,538636
public-002,P0,1,6,2,3,2,0,1016,0.323462501564,1.106453924892,0.340042571663,0.363718970730,0.211061216775,0.195000000000,538524
public-002,P0,1,7,3,1,0,1,1017,0.505126599964,0.710600959211,0.288475563586,0.056448003224,0.085468107448,0.160000000000,538636
public-002,P0,2,0,3,1,3,0,1020,0.224739828911,1.183737954023,0.450000000000,0.056448003224,0.172072794201,0.160000000000,538566
public-002,P0,2,1,1,0,2,0,1021,0.412612160701,1.117412557401,0.335075576467,0.336588393923,0.158267898800,0.195000000000,538566
public-002,P0,2,2,0,1,2,1,1022,0.730795520603,1.206361521601,0.095963290863,0.000000000000,0.096992108120,0.160000000000,538566
public-002,P0,2,3,1,3,1,0,1023,0.855452677026,0.878449207974,-0.047498124150,0.336588393923,0.148184759955,0.160000000000,538566
public-002,P0,2,4,3,2,0,0,1024,1.007664441478,0.762987892786,0.036589094784,0.056448003224,0.098558109531,0.195000000000,538566
public-002,P0,2,5,2,3,0,1,1025,0.785747909323,0.827397928322,0.270915546366,0.363718970730,0.108606661254,0.160000000000,538518
public-002,P0,2,6,3,1,3,0,1026,0.804501603481,1.240732354307,0.440042571663,0.056448003224,0.173178434277,0.160000000000,538566
public-002,P0,2,7,1,0,2,0,1027,0.875318691779,1.079005947285,0.388475563586,0.336588393923,0.161736592128,0.195000000000,538533
public-002,P0,3,0,0,3,0,0,1030,0.434091264478,0.757936941574,0.550000000000,0.000000000000,0.284995565396,0.265000000000,538576
public-002,P0,3,1,3,0,0,1,1031,0.674284399171,0.843580622886,0.435075576467,0.056448003224,0.120225471572,0.230000000000,538566
public-002,P0,3,2,0,2,2,0,1032,0.208910706445,1.222357939928,0.195963290863,0.000000000000,0.118209131772,0.195000000000,538524
public-002,P0,3,3,2,1,2,0,1033,0.611780220475,1.080497612357,0.052501875850,0.363718970730,0.245431008675,0.265000000000,538535
public-002,P0,3,4,1,2,2,1,1034,1.225346344696,1.238360802788,0.136589094784,0.336588393923,0.180499150081,0.230000000000,538592
public-002,P0,3,5,2,0,0,0,1035,0.755492454350,0.836320540357,0.370915546366,0.363718970730,0.132364368403,0.195000000000,538566
public-002,P0,3,6,0,3,0,0,1036,0.807475786357,0.886925023801,0.540042571663,0.000000000000,0.286826781771,0.265000000000,538637
public-002,P0,3,7,3,0,0,1,1037,0.536530385799,0.949850955205,0.488475563586,0.056448003224,0.122860404457,0.230000000000,538566
public-002,P1,0,0,2,3,3,1,1100,0.560942556341,0.989115054424,0.250000000000,0.283718970730,0.287854561830,0.195000000000,538533
public-002,P1,0,1,3,1,1,0,1101,0.232227749445,0.654067678641,0.135075576467,-0.023551996776,0.196924533247,0.160000000000,538566
public-002,P1,0,2,1,0,0,0,1102,0.096971493531,0.517744760058,-0.104036709137,0.256588393923,0.213182417269,0.195000000000,538634
public-002,P1,0,3,0,1,1,1,1103,0.854457726069,0.778351972552,-0.247498124150,-0.080000000000,0.292796512072,0.195000000000,538566
public-002,P1,0,4,1,3,3,0,1104,0.556215868644,0.965201461304,-0.163410905216,0.256588393923,0.192914672895,0.160000000000,538576
public-002,P1,0,5,3,2,2,0,1105,0.270887861016,0.944918335432,0.070915546366,-0.023551996776,0.213203721380,0.195000000000,538566
public-002,P1,0,6,2,3,3,1,1106,1.037392800667,1.018588181756,0.240042571663,0.283718970730,0.298857626140,0.195000000000,538524
public-002,P1,0,7,3,1,1,0,1107,0.200963106766,0.804202724729,0.188475563586,-0.023551996776,0.189633798391,0.160000000000,538535
public-002,P1,1,0,3,1,0,1,1110,0.491889155063,0.576478561079,0.350000000000,-0.023551996776,0.236188358425,0.160000000000,538566
public-002,P1,1,1,1,0,3,1,1111,0.399471152867,1.215384491532,0.235075576467,0.256588393923,0.240001774894,0.195000000000,538524
public-002,P1,1,2,0,1,3,0,1112,0.141284159082,1.228939063831,-0.004036709137,-0.080000000000,0.174918906477,0.160000000000,538592
public-002,P1,1,3,1,3,2,1,1113,0.912859191985,0.900512718047,-0.147498124150,0.256588393923,0.240243291956,0.160000000000,538566
public-002,P1,1,4,3,2,1,1,1114,0.248873151819,0.689646748634,-0.063410905216,-0.023551996776,0.235114757591,0.195000000000,538641
public-002,P1,1,5,2,3,1,0,1115,0.421504591945,0.768748314017,0.170915546366,0.283718970730,0.174936386774,0.160000000000,538566
public-002,P1,1,6,3,1,0,1,1116,0.489921765551,0.674412151679,0.340042571663,-0.023551996776,0.245216513756,0.160000000000,538524
public-002,P1,1,7,1,0,3,1,1117,0.388811628470,1.012646167197,0.288475563586,0.256588393923,0.231116191789,0.195000000000,538524
public-002,P1,2,0,0,3,1,1,1120,0.584484886868,0.773235468406,0.450000000000,-0.080000000000,0.391186968641,0.265000000000,538630
public-002,P1,2,1,3,0,1,0,1121,0.047849742495,0.831277161707,0.335075576467,-0.023551996776,0.283079016542,0.230000000000,538566
public-002,P1,2,2,0,2,3,1,1122,0.311171495402,1.176888549133,0.095963290863,-0.080000000000,0.213182417269,0.195000000000,538635
public-002,P1,2,3,2,1,3,1,1123,0.789121029701,1.309131560949,-0.047498124150,0.283718970730,0.397902952302,0.265000000000,538524
public-002,P1,2,4,1,2,3,0,1124,0.488523719122,1.251829905199,0.036589094784,0.256588393923,0.277314842287,0.230000000000,538524
public-002,P1,2,5,2,0,1,1,1125,0.391560674294,0.917263559477,0.270915546366,0.283718970730,0.213203721380,0.195000000000,538517
public-002,P1,2,6,0,3,1,1,1126,0.583729214790,0.789615043319,0.440042571663,-0.080000000000,0.406139850908,0.265000000000,538524
public-002,P1,2,7,3,0,1,0,1127,0.524356142182,0.878622055093,0.388475563586,-0.023551996776,0.272598585188,0.230000000000,538518
public-002,P1,3,0,1,2,2,1,1130,0.590983048726,1.289844840883,0.550000000000,0.256588393923,0.339520765236,0.230000000000,538533
public-002,P1,3,1,2,0,0,0,1131,0.506571414490,0.793813328532,0.435075576467,0.283718970730,0.154569884157,0.195000000000,538524
public-002,P1,3,2,0,3,3,0,1132,0.412136428911,1.433812200024,0.195963290863,-0.080000000000,0.251445928060,0.230000000000,538629
public-002,P1,3,3,3,0,0,1,1133,0.743857938234,0.784782506646,0.052501875850,-0.023551996776,0.345349732187,0.230000000000,538566
public-002,P1,3,4,0,2,2,0,1134,0.655077450910,1.084845087806,0.136589094784,-0.080000000000,0.235114757591,0.195000000000,538518
public-002,P1,3,5,2,1,1,0,1135,0.751756747680,0.910925291584,0.370915546366,0.283718970730,0.251471055987,0.230000000000,538525
public-002,P1,3,6,1,2,2,1,1136,0.842453348141,1.091608443457,0.540042571663,0.256588393923,0.352498738524,0.230000000000,538524
public-002,P1,3,7,2,0,0,0,1137,0.545938054502,0.961139589461,0.488475563586,0.283718970730,0.148847245014,0.195000000000,538639
public-002,P2,0,0,3,1,1,0,1200,0.173536449506,0.542461884938,0.250000000000,-0.103551996776,0.384837272219,0.160000000000,538518
public-002,P2,0,1,1,0,0,0,1201,0.058370032585,0.523494517238,0.135075576467,0.176588393923,0.256202728012,0.195000000000,538517
public-002,P2,0,2,0,1,0,1,1202,0.343696452858,0.517312847472,-0.104036709137,-0.160000000000,0.242802409221,0.160000000000,538566
public-002,P2,0,3,1,3,3,0,1203,0.473513611725,0.960447672100,-0.247498124150,0.176588393923,0.414551346413,0.160000000000,538634
public-002,P2,0,4,3,2,2,0,1204,0.464474318751,0.880848629861,-0.163410905216,-0.103551996776,0.362462339848,0.195000000000,538533
public-002,P2,0,5,2,3,2,1,1205,0.681460847703,0.725438237014,0.070915546366,0.203718970730,0.270996597735,0.160000000000,538524
public-002,P2,0,6,3,1,1,0,1206,0.040551849814,0.554285744236,0.240042571663,-0.103551996776,0.366034483535,0.160000000000,538629
public-002,P2,0,7,1,0,0,0,1207,-0.016050079164,0.420094012818,0.188475563586,0.176588393923,0.267604363142,0.195000000000,538566
public-002,P2,1,0,0,3,2,0,1210,-0.263765454195,0.853489142916,0.350000000000,-0.160000000000,0.637386732113,0.265000000000,538639
public-002,P2,1,1,3,0,2,1,1211,-0.213118791104,0.937596646724,0.235075576467,-0.103551996776,0.469209229707,0.230000000000,538532
public-002,P2,1,2,0,2,0,0,1212,0.053819577528,0.713856200916,-0.004036709137,-0.160000000000,0.295915436238,0.195000000000,538625
public-002,P2,1,3,2,1,0,0,1213,0.059549389819,0.572387823983,-0.147498124150,0.203718970730,0.686600667496,0.265000000000,538524
public-002,P2,1,4,1,2,0,1,1214,0.085594383543,0.628066299413,-0.063410905216,0.176588393923,0.275338246516,0.230000000000,538566
public-002,P2,1,5,2,0,2,0,1215,0.095341656458,0.833761223543,0.170915546366,0.203718970730,0.330277103489,0.195000000000,538524
public-002,P2,1,6,0,3,2,0,1216,0.205840690739,0.997749771413,0.340042571663,-0.160000000000,0.606244613356,0.265000000000,538566
public-002,P2,1,7,3,0,2,1,1217,0.184676699248,1.022184267179,0.288475563586,-0.103551996776,0.490090164419,0.230000000000,538524
public-002,P2,2,0,1,2,3,0,1220,-0.083338436762,1.223375048020,0.450000000000,0.176588393923,0.553203578815,0.230000000000,538566
public-002,P2,2,1,2,0,1,1,1221,-0.102885276368,0.846950043186,0.335075576467,0.203718970730,0.397807825186,0.195000000000,538638
public-002,P2,2,2,0,3,0,1,1222,0.487777029468,0.694657011495,0.095963290863,-0.160000000000,0.349028463256,0.230000000000,538638
public-002,P2,2,3,3,0,1,0,1223,0.019585679739,0.939151249402,-0.047498124150,-0.103551996776,0.595917560468,0.230000000000,538566
public-002,P2,2,4,0,2,3,1,1224,0.249669021603,1.173284796867,0.036589094784,-0.160000000000,0.362462339848,0.195000000000,538524
public-002,P2,2,5,2,1,2,1,1225,0.227250170286,1.049724853893,0.270915546366,0.203718970730,0.389557609244,0.230000000000,538533
public-002,P2,2,6,1,2,3,0,1226,0.098756099854,1.226705324223,0.440042571663,0.176588393923,0.526174570082,0.230000000000,538566
public-002,P2,2,7,2,0,1,1,1227,0.060791734985,0.971690255678,0.388475563586,0.203718970730,0.415511226355,0.195000000000,538524
public-002,P2,3,0,2,0,0,0,1230,0.064968762890,0.973466429230,0.550000000000,0.203718970730,0.469020425517,0.195000000000,538638
public-002,P2,3,1,0,3,3,0,1231,0.229771614254,1.488295685447,0.435075576467,-0.160000000000,0.469209229707,0.230000000000,538524
public-002,P2,3,2,3,0,3,1,1232,0.145084401282,1.268568093949,0.195963290863,-0.103551996776,0.295915436238,0.195000000000,538566
public-002,P2,3,3,0,2,2,0,1233,0.649498299295,1.323262670162,0.052501875850,-0.160000000000,0.505234453440,0.195000000000,538524
public-002,P2,3,4,2,1,1,0,1234,0.221177951290,1.145321888173,0.136589094784,0.203718970730,0.427519682897,0.230000000000,538625
public-002,P2,3,5,1,2,1,1,1235,0.708210947495,1.021661088197,0.370915546366,0.176588393923,0.330277103489,0.195000000000,538634
public-002,P2,3,6,2,0,0,0,1236,0.145793054595,0.711675195170,0.540042571663,0.203718970730,0.446104526809,0.195000000000,538533
public-002,P2,3,7,0,3,3,0,1237,0.031316192804,1.481112601904,0.488475563586,-0.160000000000,0.490090164419,0.230000000000,538524
public-002,P3,0,0,0,3,3,1,1300,-0.000648284942,0.994213745721,0.250000000000,-0.240000000000,1.106412950892,0.265000000000,538524
public-002,P3,0,1,3,0,3,0,1301,0.087794005291,1.094286508703,0.135075576467,-0.183551996776,0.682084448858,0.230000000000,538566
public-002,P3,0,2,0,2,1,1,1302,0.490950591661,0.803166817237,-0.104036709137,-0.240000000000,0.473412590785,0.195000000000,538518
public-002,P3,0,3,2,1,1,1,1303,0.435961333019,0.595082581115,-0.247498124150,0.123718970730,1.099670035483,0.265000000000,538523
public-002,P3,0,4,1,2,1,0,1304,0.185876259428,0.588005023165,-0.163410905216,0.096588393923,0.662243319130,0.230000000000,538638
public-002,P3,0,5,2,0,3,1,1305,0.545468667492,1.102830205420,0.070915546366,0.123718970730,0.495056561466,0.195000000000,538524
public-002,P3,0,6,0,3,3,1,1306,0.537051238031,0.918380270192,0.240042571663,-0.240000000000,1.068321453318,0.265000000000,538566
public-002,P3,0,7,3,0,3,0,1307,0.123533973955,1.127586381296,0.188475563586,-0.183551996776,0.657692173640,0.230000000000,538524
public-002,P3,1,0,1,2,0,1,1310,0.009421391492,0.603272152681,0.350000000000,0.096588393923,0.960282938510,0.230000000000,538524
public-002,P3,1,1,2,0,2,0,1311,-0.226697202013,0.884706183934,0.235075576467,0.123718970730,0.578288989249,0.195000000000,538566
public-002,P3,1,2,0,3,1,0,1312,0.150789754717,0.863690587280,-0.004036709137,-0.240000000000,0.558384081439,0.230000000000,538524
public-002,P3,1,3,3,0,2,1,1313,0.088117288326,0.983966653000,-0.147498124150,-0.183551996776,0.954430596834,0.230000000000,538566
public-002,P3,1,4,0,2,0,0,1314,-0.027887761937,0.645468340780,-0.063410905216,-0.240000000000,0.361605301487,0.195000000000,538518
public-002,P3,1,5,2,1,3,0,1315,0.361155338905,1.162736969213,0.170915546366,0.123718970730,0.583912867370,0.230000000000,538524
public-002,P3,1,6,1,2,0,1,1316,0.000035110296,0.712859546858,0.340042571663,0.096588393923,0.927222393446,0.230000000000,538631
public-002,P3,1,7,2,0,2,0,1317,-0.104102185260,1.007890548360,0.288475563586,0.123718970730,0.557608582000,0.195000000000,538524
public-002,P3,2,0,2,0,1,1,1320,-0.089273109859,1.022242055942,0.450000000000,0.123718970730,0.814152926128,0.195000000000,538645
public-002,P3,2,1,0,3,0,1,1321,0.135309682219,0.713391154296,0.335075576467,-0.240000000000,0.439287227319,0.230000000000,538524
public-002,P3,2,2,3,0,0,0,1322,0.649083940279,0.687727267044,0.095963290863,-0.183551996776,0.473412590785,0.195000000000,538566
public-002,P3,2,3,0,2,3,1,1323,0.050548168734,1.282234623205,-0.047498124150,-0.240000000000,0.809191158186,0.195000000000,538541
public-002,P3,2,4,2,1,2,1,1324,0.550902435528,1.189099656422,0.036589094784,0.123718970730,0.662243319130,0.230000000000,538591
public-002,P3,2,5,1,2,2,0,1325,0.725225775428,0.983267271582,0.270915546366,0.096588393923,0.495056561466,0.195000000000,538597
public-002,P3,2,6,2,0,1,1,1326,0.389731421540,1.013776304988,0.440042571663,0.123718970730,0.786123333574,0.195000000000,538524
public-002,P3,2,7,0,3,0,1,1327,-0.077746692756,0.697202029329,0.388475563586,-0.240000000000,0.423577713686,0.230000000000,538566
public-002,P3,3,0,3,2,2,1,1330,-0.357111526595,1.339090883741,0.550000000000,-0.183551996776,0.668022913746,0.160000000000,538524
public-002,P3,3,1,2,3,2,0,1331,-0.214956565212,1.192352624116,0.435075576467,0.123718970730,0.785879908467,0.265000000000,538537
public-002,P3,3,2,3,1,0,1,1332,0.135865900063,0.802040181367,0.195963290863,-0.183551996776,0.558384081439,0.230000000000,538635
public-002,P3,3,3,1,0,0,1,1333,0.396116043823,0.943580798073,0.052501875850,0.096588393923,0.663951719537,0.160000000000,538566
public-002,P3,3,4,0,1,0,0,1334,0.272792335841,0.903581074512,0.136589094784,-0.240000000000,0.491412332790,0.265000000000,538525
public-002,P3,3,5,1,3,2,1,1335,0.903961101245,1.248331131455,0.370915546366,0.096588393923,0.583912867370,0.230000000000,538524
public-002,P3,3,6,3,2,2,1,1336,0.331503101277,1.345587552585,0.540042571663,-0.183551996776,0.645024273701,0.160000000000,538518
public-002,P3,3,7,2,3,2,0,1337,0.340364573054,1.305905446597,0.488475563586,0.123718970730,0.757775765281,0.265000000000,538524
public-003,P0,0,0,2,1,2,0,2000,0.331099349650,0.883116244570,0.250000000000,0.363718970730,0.161816570989,0.160000000000,538566
public-003,P0,0,1,1,2,2,1,2001,0.602037077425,0.822141194691,0.135075576467,0.336588393923,0.200173727372,0.265000000000,538641
public-003,P0,0,2,2,0,0,0,2002,0.610515581615,0.376656378162,-0.104036709137,0.363718970730,0.137189799787,0.230000000000,538566
public-003,P0,0,3,0,3,0,0,2003,0.455766413702,0.450703801076,-0.247498124150,0.000000000000,0.156463158822,0.160000000000,538524
public-003,P0,0,4,3,0,0,1,2004,1.043969346829,0.439658697898,-0.163410905216,0.056448003224,0.144356906992,0.265000000000,538524
public-003,P0,0,5,0,2,2,0,2005,0.444654122580,0.884819743415,0.070915546366,0.000000000000,0.160329002342,0.230000000000,538524
public-003,P0,0,6,2,1,2,0,2006,0.208887676342,0.939309160290,0.240042571663,0.363718970730,0.165363039126,0.160000000000,538558
public-003,P0,0,7,1,2,2,1,2007,0.454619169566,0.948988544297,0.188475563586,0.336588393923,0.203610353820,0.265000000000,538518
public-003,P0,1,0,3,0,3,0,2010,0.021274829544,1.105028552811,0.350000000000,0.056448003224,0.268008695701,0.265000000000,538524
public-003,P0,1,1,0,2,1,1,2011,0.510229618614,0.664180964740,0.235075576467,0.000000000000,0.173735687908,0.230000000000,538524
public-003,P0,1,2,2,1,0,1,2012,0.803835004636,0.510198509822,-0.004036709137,0.363718970730,0.158066508450,0.265000000000,538517
public-003,P0,1,3,1,2,1,0,2013,0.639877692343,0.701228586715,-0.147498124150,0.336588393923,0.259142106799,0.265000000000,538524
public-003,P0,1,4,2,0,3,1,2014,0.950759686751,1.125195962303,-0.063410905216,0.363718970730,0.194540085477,0.230000000000,538518
public-003,P0,1,5,0,3,2,1,2015,0.335382134291,1.055613955363,0.170915546366,0.000000000000,0.184726894003,0.265000000000,538517
public-003,P0,1,6,3,0,3,0,2016,0.339390183262,1.071894168019,0.340042571663,0.056448003224,0.273882533553,0.265000000000,538566
public-003,P0,1,7,0,2,1,1,2017,0.701397839967,0.754784229598,0.288475563586,0.000000000000,0.176718420296,0.230000000000,538634
public-003,P0,2,0,0,2,0,0,2020,0.165210095770,0.592687930979,0.450000000000,0.000000000000,0.232611320797,0.230000000000,538566
public-003,P0,2,1,2,1,3,0,2021,0.559560778037,1.368428471831,0.335075576467,0.363718970730,0.200173727372,0.265000000000,538518
public-003,P0,2,2,1,2,3,1,2022,0.744160993735,1.292845990898,0.095963290863,0.336588393923,0.137189799787,0.230000000000,538525
public-003,P0,2,3,2,0,2,0,2023,0.477498481917,1.058032723669,-0.047498124150,0.363718970730,0.224915790806,0.230000000000,538524
public-003,P0,2,4,0,3,1,0,2024,0.803216032040,0.832837806927,0.036589094784,0.000000000000,0.224144011528,0.265000000000,538639
public-003,P0,2,5,3,0,1,1,2025,0.869102246802,0.838942943674,0.270915546366,0.056448003224,0.160329002342,0.230000000000,538532
public-003,P0,2,6,0,2,0,0,2026,0.550803089135,0.695861485939,0.440042571663,0.000000000000,0.237709368744,0.230000000000,538625
public-003,P0,2,7,2,1,3,0,2027,0.373228283158,1.346342353951,0.388475563586,0.363718970730,0.203610353820,0.265000000000,538524
public-003,P0,3,0,1,0,1,0,2030,0.086158528563,1.055302408028,0.550000000000,0.336588393923,0.197213945893,0.195000000000,538524
public-003,P0,3,1,0,1,1,1,2031,0.899006342533,1.164953698368,0.435075576467,0.000000000000,0.120859608979,0.160000000000,538625
public-003,P0,3,2,1,3,3,0,2032,0.503606696995,1.363459927366,0.195963290863,0.336588393923,0.158066508450,0.265000000000,538636
public-003,P0,3,3,3,2,3,0,2033,0.756195190395,1.339931117604,0.052501875850,0.056448003224,0.190689474814,0.195000000000,538524
public-003,P0,3,4,2,3,3,1,2034,1.149535513692,1.340193381016,0.136589094784,0.363718970730,0.135332233375,0.160000000000,538566
public-003,P0,3,5,3,1,1,0,2035,0.900539443954,1.163577176035,0.370915546366,0.056448003224,0.184726894003,0.265000000000,538638
public-003,P0,3,6,1,0,1,0,2036,0.699202735891,1.054947101664,0.540042571663,0.336588393923,0.201536203935,0.195000000000,538638
public-003,P0,3,7,0,1,1,1,2037,0.671799077564,1.128430020048,0.488475563586,0.000000000000,0.122934553250,0.160000000000,538566
public-003,P1,0,0,3,0,0,1,2100,0.294960655060,0.412046543012,0.250000000000,-0.023551996776,0.406415723866,0.265000000000,538524
public-003,P1,0,1,0,2,2,0,2101,0.610364329572,0.832072598149,0.135075576467,-0.080000000000,0.313320919957,0.230000000000,538566
public-003,P1,0,2,2,1,1,0,2102,0.349292021303,0.641638309037,-0.104036709137,0.283718970730,0.256263993339,0.265000000000,538524
public-003,P1,0,3,1,2,2,1,2103,0.718558214727,0.758266343705,-0.247498124150,0.256588393923,0.398140115588,0.265000000000,538566
public-003,P1,0,4,2,0,0,0,2104,0.846652264334,0.582328599402,-0.163410905216,0.283718970730,0.201810249573,0.230000000000,538524
public-003,P1,0,5,0,3,3,0,2105,0.766140648555,0.993481682313,0.070915546366,-0.080000000000,0.261568856038,0.265000000000,538625
public-003,P1,0,6,3,0,0,1,2106,0.583534825765,0.370003337850,0.240042571663,-0.023551996776,0.391368998936,0.265000000000,538636
public-003,P1,0,7,0,2,2,0,2107,0.335260494411,0.790274092887,0.188475563586,-0.080000000000,0.311411419117,0.230000000000,538524
public-003,P1,1,0,0,2,1,1,2110,0.437676385650,0.915913003724,0.350000000000,-0.080000000000,0.352738175431,0.230000000000,538566
public-003,P1,1,1,2,1,0,1,2111,0.380248674593,0.490052218284,0.235075576467,0.283718970730,0.232497270626,0.265000000000,538524
public-003,P1,1,2,1,2,0,0,2112,0.410699915277,0.634617209290,-0.004036709137,0.256588393923,0.222417805540,0.230000000000,538533
public-003,P1,1,3,2,0,3,1,2113,0.549646825027,1.167110129046,-0.147498124150,0.283718970730,0.345555572020,0.230000000000,538566
public-003,P1,1,4,0,3,2,1,2114,0.526286930379,0.839858539909,-0.063410905216,-0.080000000000,0.361036266477,0.265000000000,538524
public-003,P1,1,5,3,0,2,0,2115,0.238458633121,0.921119116002,0.170915546366,-0.023551996776,0.227022025995,0.230000000000,538566
public-003,P1,1,6,0,2,1,1,2116,0.871138065227,0.727646884841,0.340042571663,-0.080000000000,0.339678753793,0.230000000000,538518
public-003,P1,1,7,2,1,0,1,2117,0.372147344866,0.664388675009,0.288475563586,0.283718970730,0.231080340874,0.265000000000,538523
public-003,P1,2,0,1,0,2,1,2120,0.438485140198,0.988734829937,0.450000000000,0.256588393923,0.299060626996,0.195000000000,538524
public-003,P1,2,1,0,1,2,0,2121,0.250270827199,1.010871351058,0.335075576467,-0.080000000000,0.217962379101,0.160000000000,538625
public-003,P1,2,2,1,3,0,1,2122,0.739276567365,0.821139960128,0.095963290863,0.256588393923,0.256263993339,0.265000000000,538634
public-003,P1,2,3,3,2,0,1,2123,0.521490160152,0.827093482288,-0.047498124150,-0.023551996776,0.292971028452,0.195000000000,538533
public-003,P1,2,4,2,3,0,0,2124,0.595506084850,0.711019569183,0.036589094784,0.283718970730,0.140389738834,0.160000000000,538524
public-003,P1,2,5,3,1,2,1,2125,0.798012742775,1.171536604096,0.270915546366,-0.023551996776,0.261568856038,0.265000000000,538566
public-003,P1,2,6,1,0,2,1,2126,0.649602705864,1.085459958690,0.440042571663,0.256588393923,0.287988508651,0.195000000000,538524
public-003,P1,2,7,0,1,2,0,2127,-0.012838001777,1.211001986733,0.388475563586,-0.080000000000,0.216634030690,0.160000000000,538566
public-003,P1,3,0,2,3,3,1,2130,0.200386599677,1.456264600110,0.550000000000,0.283718970730,0.245383078560,0.160000000000,538524
public-003,P1,3,1,3,1,1,0,2131,0.594165297313,0.900604618528,0.435075576467,-0.023551996776,0.361000190385,0.265000000000,538566
public-003,P1,3,2,1,0,0,0,2132,0.450157412499,0.795759655586,0.195963290863,0.256588393923,0.154725429941,0.160000000000,538524
public-003,P1,3,3,0,1,1,1,2133,0.802318774932,1.014821157672,0.052501875850,-0.080000000000,0.240386484883,0.160000000000,538524
public-003,P1,3,4,1,3,3,0,2134,0.774537066884,1.482258587953,0.136589094784,0.256588393923,0.361036266477,0.265000000000,538645
public-003,P1,3,5,3,2,2,0,2135,0.504954733612,1.126391747885,0.370915546366,-0.023551996776,0.157928365910,0.160000000000,538524
public-003,P1,3,6,2,3,3,1,2136,0.801784205130,1.445161829038,0.540042571663,0.283718970730,0.236298263508,0.160000000000,538566
public-003,P1,3,7,3,1,1,0,2137,0.575919634040,1.121784280633,0.488475563586,-0.023551996776,0.358800113331,0.265000000000,538541
public-003,P2,0,0,0,2,2,0,2200,0.240421385609,0.825615016427,0.250000000000,-0.160000000000,0.584670702914,0.230000000000,538566
public-003,P2,0,1,2,1,1,0,2201,0.447204533884,0.631064656176,0.135075576467,0.203718970730,0.501099153433,0.265000000000,538518
public-003,P2,0,2,1,2,1,1,2202,0.263492195769,0.564448667690,-0.104036709137,0.176588393923,0.383792612904,0.230000000000,538524
public-003,P2,0,3,2,0,0,0,2203,0.626263157437,0.414701297797,-0.247498124150,0.203718970730,0.532722328726,0.230000000000,538631
public-003,P2,0,4,0,3,3,0,2204,0.171139415920,0.955459430808,-0.163410905216,-0.160000000000,0.559286730900,0.265000000000,538524
public-003,P2,0,5,3,0,3,1,2205,0.125944077985,0.920743353265,0.070915546366,-0.103551996776,0.338875586981,0.230000000000,538566
public-003,P2,0,6,0,2,2,0,2206,0.555303788281,0.764347437303,0.240042571663,-0.160000000000,0.610689949772,0.230000000000,538524
public-003,P2,0,7,2,1,1,0,2207,0.040342021766,0.728861695972,0.188475563586,0.203718970730,0.483324028924,0.265000000000,538524
public-003,P2,1,0,1,0,3,0,2210,-0.130373312778,1.086318738796,0.350000000000,0.176588393923,0.495699074210,0.195000000000,538541
public-003,P2,1,1,0,1,3,1,2211,-0.122609855209,1.278962278532,0.235075576467,-0.160000000000,0.302550432261,0.160000000000,538591
public-003,P2,1,2,1,3,1,0,2212,0.230951155553,0.867909790737,-0.004036709137,0.176588393923,0.442195836607,0.265000000000,538597
public-003,P2,1,3,3,2,1,0,2213,0.127173409370,0.689871693770,-0.147498124150,-0.103551996776,0.451655887398,0.195000000000,538524
public-003,P2,1,4,2,3,1,1,2214,0.294274864953,0.896334511830,-0.063410905216,0.203718970730,0.337682554506,0.160000000000,538566
public-003,P2,1,5,3,1,3,0,2215,0.337673659489,1.040282915443,0.170915546366,-0.103551996776,0.390443611087,0.265000000000,538566
public-003,P2,1,6,1,0,3,0,2216,0.175310618355,1.200253019003,0.340042571663,0.176588393923,0.517758870459,0.195000000000,538634
public-003,P2,1,7,0,1,3,1,2217,0.280619106824,1.188261865623,0.288475563586,-0.160000000000,0.291818281614,0.160000000000,538636
public-003,P2,2,0,2,3,0,0,2220,0.218264779066,0.854278123069,0.450000000000,0.203718970730,0.406727445506,0.160000000000,538566
public-003,P2,2,1,3,1,2,1,2221,0.328684834135,0.977344859628,0.335075576467,-0.103551996776,0.501099153433,0.265000000000,538525
public-003,P2,2,2,1,0,1,1,2222,0.458908444446,0.909450882485,0.095963290863,0.176588393923,0.266986165499,0.160000000000,538524
public-003,P2,2,3,0,1,2,0,2223,0.322991064911,1.020866596722,-0.047498124150,-0.160000000000,0.370589446070,0.160000000000,538518
public-003,P2,2,4,1,3,0,1,2224,0.470012807587,0.684694379838,0.036589094784,0.176588393923,0.360201024528,0.265000000000,538524
public-003,P2,2,5,3,2,3,1,2225,0.195770583302,1.209367245182,0.270915546366,-0.103551996776,0.235739538769,0.160000000000,538524
public-003,P2,2,6,2,3,0,0,2226,0.037398604211,0.818427734807,0.440042571663,0.203718970730,0.424827791146,0.160000000000,538566
public-003,P2,2,7,3,1,2,1,2227,0.386990355251,1.055267933680,0.388475563586,-0.103551996776,0.483324028924,0.265000000000,538627
public-003,P2,3,0,3,1,1,0,2230,0.257585807886,1.168369701170,0.550000000000,-0.103551996776,0.673642331619,0.265000000000,538626
public-003,P2,3,1,1,0,0,0,2231,0.115472391757,0.927949264309,0.435075576467,0.176588393923,0.194853497591,0.160000000000,538566
public-003,P2,3,2,0,1,0,1,2232,0.138817506642,0.816648592359,0.195963290863,-0.160000000000,0.442195836607,0.265000000000,538635
public-003,P2,3,3,1,3,3,0,2233,0.155410727770,1.484851592163,0.052501875850,0.176588393923,0.613788770054,0.265000000000,538626
public-003,P2,3,4,3,2,2,0,2234,0.262480170322,1.219859506374,0.136589094784,-0.103551996776,0.337682554506,0.160000000000,538525
public-003,P2,3,5,2,3,2,1,2235,0.082519352407,1.268353005613,0.370915546366,0.203718970730,0.390443611087,0.265000000000,538524
public-003,P2,3,6,3,1,1,0,2236,0.316205670580,0.930064110195,0.540042571663,-0.103551996776,0.703621029085,0.265000000000,538625
public-003,P2,3,7,1,0,0,0,2237,0.305301297656,0.926398770713,0.488475563586,0.176588393923,0.187941601698,0.160000000000,538566
public-003,P3,0,0,1,0,0,1,2300,-0.217170451115,0.455688426777,0.250000000000,0.096588393923,0.720592453059,0.195000000000,538627
public-003,P3,0,1,0,1,0,0,2301,0.043973562064,0.521786561462,0.135075576467,-0.240000000000,0.311731284757,0.160000000000,538524
public-003,P3,0,2,1,3,2,1,2302,0.340034101131,0.851012962365,-0.104036709137,0.096588393923,0.708227554025,0.265000000000,538533
public-003,P3,0,3,3,2,2,1,2303,0.177355275575,0.728993327418,-0.247498124150,-0.183551996776,0.699631165397,0.195000000000,538524
public-003,P3,0,4,2,3,2,0,2304,0.522495753972,0.861841810221,-0.163410905216,0.123718970730,0.506156686414,0.160000000000,538626
public-003,P3,0,5,3,1,0,1,2305,0.322168293223,0.372823016076,0.070915546366,-0.183551996776,0.688037925361,0.265000000000,538566
public-003,P3,0,6,1,0,0,1,2306,0.348556186699,0.398935938880,0.240042571663,0.096588393923,0.694823078805,0.195000000000,538635
public-003,P3,0,7,0,1,0,0,2307,-0.284883931751,0.508043262824,0.188475563586,-0.240000000000,0.338587606916,0.160000000000,538626
public-003,P3,1,0,2,3,1,1,2310,-0.174649119150,0.892140175778,0.350000000000,0.123718970730,0.591255346099,0.160000000000,538566
public-003,P3,1,1,3,1,3,0,2311,0.199856825183,1.171007629678,0.235075576467,-0.183551996776,0.801670407878,0.265000000000,538541
public-003,P3,1,2,1,0,2,0,2312,0.207157822317,0.858773646237,-0.004036709137,0.096588393923,0.427609089223,0.160000000000,538518
public-003,P3,1,3,0,1,3,1,2313,0.540083659554,1.243987336035,-0.147498124150,-0.240000000000,0.574056340838,0.160000000000,538566
public-003,P3,1,4,1,3,1,0,2314,0.407009409978,0.841727020314,-0.063410905216,0.096588393923,0.838322011873,0.265000000000,538524
public-003,P3,1,5,3,2,0,0,2315,0.495390065284,0.704388629056,0.170915546366,-0.183551996776,0.415419124746,0.160000000000,538524
public-003,P3,1,6,2,3,1,1,2316,0.347640795824,0.815373421085,0.340042571663,0.123718970730,0.570111244148,0.160000000000,538629
public-003,P3,1,7,3,1,3,0,2317,0.264012265458,1.187221969322,0.288475563586,-0.183551996776,0.870736041622,0.265000000000,538626
public-003,P3,2,0,3,1,2,1,2320,0.004126488686,1.087278101544,0.450000000000,-0.183551996776,0.979266666977,0.265000000000,538566
public-003,P3,2,1,1,0,1,1,2321,0.171853268352,0.840311300821,0.335075576467,0.096588393923,0.484027416078,0.160000000000,538524
public-003,P3,2,2,0,1,1,0,2322,0.290052372474,0.945050258793,0.095963290863,-0.240000000000,0.708227554025,0.265000000000,538638
public-003,P3,2,3,1,3,0,1,2323,0.024073080759,0.695375088424,-0.047498124150,0.096588393923,0.950780814513,0.265000000000,538566
public-003,P3,2,4,3,2,3,1,2324,0.349690199976,1.153392542033,0.036589094784,-0.183551996776,0.506156686414,0.160000000000,538591
public-003,P3,2,5,2,3,3,0,2325,0.327838280057,1.335890433304,0.270915546366,0.123718970730,0.688037925361,0.265000000000,538633
public-003,P3,2,6,3,1,2,1,2326,0.183037665538,1.039276839998,0.440042571663,-0.183551996776,0.944246748120,0.265000000000,538625
public-003,P3,2,7,1,0,1,1,2327,-0.285437380851,0.872435844659,0.388475563586,0.096588393923,0.525727421357,0.160000000000,538566
public-003,P3,3,0,0,3,3,1,2330,-0.062600029292,1.456409837018,0.550000000000,-0.240000000000,0.849929560018,0.230000000000,538518
public-003,P3,3,1,3,0,3,0,2331,0.059201798513,1.307123184059,0.435075576467,-0.183551996776,0.589908413344,0.195000000000,538523
public-003,P3,3,2,0,2,1,1,2332,0.526798513378,0.941800000292,0.195963290863,-0.240000000000,0.427609089223,0.160000000000,538524
public-003,P3,3,3,2,1,1,1,2333,0.209320085582,1.076339352234,0.052501875850,0.123718970730,0.825205989955,0.230000000000,538629
public-003,P3,3,4,1,2,1,0,2334,0.309565774401,1.097136151929,0.136589094784,0.096588393923,0.616878461567,0.195000000000,538625
public-003,P3,3,5,2,0,3,1,2335,0.580181303446,1.349514788721,0.370915546366,0.123718970730,0.415419124746,0.160000000000,538635
public-003,P3,3,6,0,3,3,1,2336,0.301604971396,1.421834717170,0.540042571663,-0.240000000000,0.819534913463,0.230000000000,538566
public-003,P3,3,7,3,0,3,0,2337,0.321152814978,1.495610965847,0.488475563586,-0.183551996776,0.640730294779,0.195000000000,538524
public-004,P0,0,0,3,2,3,0,3000,0.174021190260,1.146438025124,0.250000000000,0.056448003224,0.216487997975,0.230000000000,538566
public-004,P0,0,1,2,3,3,1,3001,0.713218315056,1.158636941555,0.135075576467,0.363718970730,0.144935036312,0.195000000000,538524
public-004,P0,0,2,3,1,1,0,3002,0.649239912853,0.653299842053,-0.104036709137,0.056448003224,0.100767972839,0.160000000000,538566
public-004,P0,0,3,1,0,1,0,3003,0.680000184212,0.801820873595,-0.247498124150,0.336588393923,0.242411873679,0.230000000000,538518
public-004,P0,0,4,0,1,1,1,3004,0.785981423542,0.543929335292,-0.163410905216,0.000000000000,0.169380593983,0.195000000000,538523
public-004,P0,0,5,1,3,3,0,3005,0.354942220620,1.053958622879,0.070915546366,0.336588393923,0.106499819898,0.160000000000,538638
public-004,P0,0,6,3,2,3,0,3006,0.643754642907,0.925052088022,0.240042571663,0.056448003224,0.220204711398,0.230000000000,538524
public-004,P0,0,7,2,3,3,1,3007,0.304498963118,1.117781403622,0.188475563586,0.363718970730,0.144459666214,0.195000000000,538566
public-004,P0,1,0,0,1,0,0,3010,0.212712865480,0.638971314217,0.350000000000,0.000000000000,0.183544172196,0.195000000000,538533
public-004,P0,1,1,1,3,2,1,3011,0.881880165686,0.927786402683,0.235075576467,0.336588393923,0.118921055435,0.160000000000,538524
public-004,P0,1,2,3,2,1,1,3012,0.851775256711,0.811881894151,-0.004036709137,0.056448003224,0.122810966897,0.195000000000,538566
public-004,P0,1,3,2,3,2,0,3013,0.956758716722,0.981302803024,-0.147498124150,0.363718970730,0.205523110293,0.195000000000,538524
public-004,P0,1,4,3,1,0,1,3014,1.032273610326,0.480893898991,-0.063410905216,0.056448003224,0.089507504861,0.160000000000,538566
public-004,P0,1,5,1,0,3,1,3015,0.281437258264,1.220304534860,0.170915546366,0.336588393923,0.129796655501,0.195000000000,538518
public-004,P0,1,6,0,1,0,0,3016,0.505357296340,0.522214248265,0.340042571663,0.000000000000,0.186695298794,0.195000000000,538524
public-004,P0,1,7,1,3,2,1,3017,0.621014726668,0.851180878661,0.288475563586,0.336588393923,0.118531008175,0.160000000000,538631
public-004,P0,2,0,1,3,1,0,3020,0.538563957327,0.926628017716,0.450000000000,0.336588393923,0.150600346417,0.160000000000,538524
public-004,P0,2,1,3,2,0,0,3021,0.822605781842,0.654911344206,0.335075576467,0.056448003224,0.093343442076,0.195000000000,538645
public-004,P0,2,2,2,3,0,1,3022,0.624234170606,0.664807900388,0.095963290863,0.363718970730,0.100767972839,0.160000000000,538524
public-004,P0,2,3,3,1,3,0,3023,0.746818177413,1.376430914893,-0.047498124150,0.056448003224,0.168634346907,0.160000000000,538566
public-004,P0,2,4,1,0,2,0,3024,1.223888301361,1.187304806956,0.036589094784,0.336588393923,0.169380593983,0.195000000000,538541
public-004,P0,2,5,0,1,2,1,3025,0.822201982638,0.973326270030,0.270915546366,0.000000000000,0.106499819898,0.160000000000,538591
public-004,P0,2,6,1,3,1,0,3026,0.540897276428,1.006531387876,0.440042571663,0.336588393923,0.153185886190,0.160000000000,538597
public-004,P0,2,7,3,2,0,0,3027,0.578163012213,0.607772526338,0.388475563586,0.056448003224,0.093037286419,0.195000000000,538524
public-004,P0,3,0,2,1,2,0,3030,0.547331252979,1.101192733887,0.550000000000,0.363718970730,0.249431823753,0.265000000000,538636
public-004,P0,3,1,1,2,2,1,3031,0.665728344839,1.249268277071,0.435075576467,0.336588393923,0.170949017188,0.230000000000,538524
public-004,P0,3,2,2,0,0,0,3032,0.359587710252,0.936318348274,0.195963290863,0.363718970730,0.122810966897,0.195000000000,538537
public-004,P0,3,3,0,3,0,0,3033,0.616366515565,0.958113833225,0.052501875850,0.000000000000,0.279300637065,0.265000000000,538635
public-004,P0,3,4,3,0,0,1,3034,0.792365972957,0.749221131414,0.136589094784,0.056448003224,0.128667038238,0.230000000000,538566
public-004,P0,3,5,0,2,2,0,3035,0.633043792147,1.284682168268,0.370915546366,0.000000000000,0.129796655501,0.195000000000,538525
public-004,P0,3,6,2,1,2,0,3036,0.626268827474,1.227771645150,0.540042571663,0.363718970730,0.253714124001,0.265000000000,538524
public-004,P0,3,7,1,2,2,1,3037,0.824537713754,1.148905876330,0.488475563586,0.336588393923,0.170388324252,0.230000000000,538518
public-004,P1,0,0,0,1,1,1,3100,0.565710979891,0.619086733690,0.250000000000,-0.080000000000,0.331009878153,0.195000000000,538524
public-004,P1,0,1,1,3,3,0,3101,0.361317798549,0.929189650975,0.135075576467,0.256588393923,0.192799757879,0.160000000000,538566
public-004,P1,0,2,3,2,2,0,3102,0.426718275498,0.926071126466,-0.104036709137,-0.023551996776,0.188684012645,0.195000000000,538566
public-004,P1,0,3,2,3,3,1,3103,1.077947557949,1.062659853534,-0.247498124150,0.283718970730,0.331042957201,0.195000000000,538634
public-004,P1,0,4,3,1,1,0,3104,0.715793511376,0.607100080096,-0.163410905216,-0.023551996776,0.196790861860,0.160000000000,538636
public-004,P1,0,5,1,0,0,0,3105,0.440688893996,0.369270933987,0.070915546366,0.256588393923,0.185475088425,0.195000000000,538524
public-004,P1,0,6,0,1,1,1,3106,0.363082612095,0.607647576459,0.240042571663,-0.080000000000,0.328992573849,0.195000000000,538537
public-004,P1,0,7,1,3,3,0,3107,0.299907063311,1.132557837910,0.188475563586,0.256588393923,0.201233456761,0.160000000000,538635
public-004,P1,1,0,1,3,2,1,3110,0.288577755311,0.877136952613,0.350000000000,0.256588393923,0.271597848741,0.160000000000,538518
public-004,P1,1,1,3,2,1,1,3111,0.417757522409,0.737008181365,0.235075576467,-0.023551996776,0.234974704915,0.195000000000,538524
public-004,P1,1,2,2,3,1,0,3112,0.208450675727,0.880549195225,-0.004036709137,0.283718970730,0.154817651401,0.160000000000,538524
public-004,P1,1,3,3,1,0,1,3113,0.976884113860,0.515991297780,-0.147498124150,-0.023551996776,0.271624990524,0.160000000000,538566
public-004,P1,1,4,1,0,3,1,3114,0.503874611856,1.263660847607,-0.063410905216,0.256588393923,0.239838862892,0.195000000000,538627
public-004,P1,1,5,0,1,3,0,3115,0.465811883937,1.091954475836,0.170915546366,-0.080000000000,0.152184687938,0.160000000000,538524
public-004,P1,1,6,1,3,2,1,3116,0.334510364374,0.883211122971,0.340042571663,0.256588393923,0.269942624696,0.160000000000,538533
public-004,P1,1,7,3,2,1,1,3117,0.459634325317,0.696162888870,0.288475563586,-0.023551996776,0.245253275428,0.195000000000,538524
public-004,P1,2,0,2,1,3,1,3120,0.805934691162,1.299139844318,0.450000000000,0.283718970730,0.449833936977,0.265000000000,538626
public-004,P1,2,1,1,2,3,0,3121,0.602648546604,1.387063569239,0.335075576467,0.256588393923,0.277149651951,0.230000000000,538525
public-004,P1,2,2,2,0,1,1,3122,0.185160505430,0.857554918341,0.095963290863,0.283718970730,0.188684012645,0.195000000000,538524
public-004,P1,2,3,0,3,1,1,3123,0.725999656542,0.836558130284,-0.047498124150,-0.080000000000,0.449878890555,0.265000000000,538625
public-004,P1,2,4,3,0,1,0,3124,0.738244313510,0.939755858706,0.036589094784,-0.023551996776,0.282886863923,0.230000000000,538566
public-004,P1,2,5,0,2,3,1,3125,0.382481346204,1.252427579422,0.270915546366,-0.080000000000,0.185475088425,0.195000000000,538541
public-004,P1,2,6,2,1,3,1,3126,0.568297972023,1.156924720313,0.440042571663,0.283718970730,0.447092472153,0.265000000000,538518
public-004,P1,2,7,1,2,3,0,3127,-0.059561156830,1.150851650752,0.388475563586,0.256588393923,0.289273094094,0.230000000000,538566
public-004,P1,3,0,3,0,0,1,3130,0.847876821317,0.889255583885,0.550000000000,-0.023551996776,0.390421907565,0.230000000000,538626
public-004,P1,3,1,0,2,2,0,3131,0.576323292548,1.349599682118,0.435075576467,-0.080000000000,0.234974704915,0.195000000000,538523
public-004,P1,3,2,2,1,1,0,3132,0.333381796964,1.167541468753,0.195963290863,0.283718970730,0.222550373889,0.230000000000,538566
public-004,P1,3,3,1,2,2,1,3133,0.984640986397,1.328803992341,0.052501875850,0.256588393923,0.390460923878,0.230000000000,538635
public-004,P1,3,4,2,0,0,0,3134,0.554428996768,0.767164875573,0.136589094784,0.283718970730,0.154464962893,0.195000000000,538566
public-004,P1,3,5,0,3,3,0,3135,0.500196447114,1.379941635383,0.370915546366,-0.080000000000,0.218765488911,0.230000000000,538524
public-004,P1,3,6,3,0,0,1,3136,0.741310094491,0.856309744449,0.540042571663,-0.023551996776,0.388042523001,0.230000000000,538638
public-004,P1,3,7,0,2,2,0,3137,0.136576573367,1.208130966444,0.488475563586,-0.080000000000,0.245253275428,0.195000000000,538566
public-004,P2,0,0,1,3,3,0,3200,0.352296595898,0.941192317175,0.250000000000,0.176588393923,0.377001053470,0.160000000000,538566
public-004,P2,0,1,3,2,2,0,3201,0.002644519406,0.876971581503,0.135075576467,-0.103551996776,0.405460146264,0.195000000000,538524
public-004,P2,0,2,2,3,2,1,3202,0.434335273703,0.888879923203,-0.104036709137,0.203718970730,0.238673100538,0.160000000000,538524
public-004,P2,0,3,3,1,1,0,3203,0.374078331381,0.727282050273,-0.247498124150,-0.103551996776,0.420778373495,0.160000000000,538629
public-004,P2,0,4,1,0,0,0,3204,0.195066031436,0.424363297539,-0.163410905216,0.176588393923,0.230569720004,0.195000000000,538626
public-004,P2,0,5,0,1,0,1,3205,0.184576034442,0.433208264976,0.070915546366,-0.160000000000,0.273604570186,0.160000000000,538523
public-004,P2,0,6,1,3,3,0,3206,0.040080919025,1.096100182392,0.240042571663,0.176588393923,0.363627970280,0.160000000000,538566
public-004,P2,0,7,3,2,2,0,3207,-0.004103546928,0.962859580148,0.188475563586,-0.103551996776,0.416960922915,0.195000000000,538635
public-004,P2,1,0,2,1,0,0,3210,0.301141790091,0.550705864595,0.350000000000,0.203718970730,0.624407994809,0.265000000000,538566
public-004,P2,1,1,1,2,0,1,3211,0.557807952415,0.588463321740,0.235075576467,0.176588393923,0.308000786375,0.230000000000,538591
public-004,P2,1,2,2,0,2,0,3212,0.410952253822,1.013203728714,-0.004036709137,0.203718970730,0.290882841281,0.195000000000,538633
public-004,P2,1,3,0,3,2,0,3213,0.206596679322,0.854067968406,-0.147498124150,-0.160000000000,0.696914181101,0.265000000000,538625
public-004,P2,1,4,3,0,2,1,3214,0.607529322667,0.867547202223,-0.063410905216,-0.103551996776,0.422264983501,0.230000000000,538566
public-004,P2,1,5,0,2,0,0,3215,0.270816865219,0.538794488541,0.170915546366,-0.160000000000,0.333455569915,0.195000000000,538566
public-004,P2,1,6,2,1,0,0,3216,-0.052910387718,0.641349531436,0.340042571663,0.203718970730,0.602258825776,0.265000000000,538566
public-004,P2,1,7,1,2,0,1,3217,-0.050782734940,0.710211715946,0.288475563586,0.176588393923,0.316737152415,0.230000000000,538566
public-004,P2,2,0,3,0,1,0,3220,-0.155468571797,0.814067218684,0.450000000000,-0.103551996776,0.541939014363,0.230000000000,538629
public-004,P2,2,1,0,2,3,1,3221,0.393892880324,1.253055619805,0.335075576467,-0.160000000000,0.405460146264,0.195000000000,538625
public-004,P2,2,2,2,1,2,1,3222,0.244884461253,1.203384967797,0.095963290863,0.203718970730,0.343092582024,0.230000000000,538635
public-004,P2,2,3,1,2,3,0,3223,0.661167269440,1.301014725705,-0.047498124150,0.176588393923,0.604868911899,0.230000000000,538566
public-004,P2,2,4,2,0,1,1,3224,0.166462651772,0.967055938986,0.036589094784,0.203718970730,0.358007268620,0.195000000000,538524
public-004,P2,2,5,0,3,0,1,3225,0.140562375311,0.771594853361,0.270915546366,-0.160000000000,0.393306569643,0.230000000000,538518
public-004,P2,2,6,3,0,1,0,3226,-0.047987902219,0.835226432580,0.440042571663,-0.103551996776,0.522715207277,0.230000000000,538592
public-004,P2,2,7,0,2,3,1,3227,0.217926012833,1.184771200219,0.388475563586,-0.160000000000,0.416960922915,0.195000000000,538524
public-004,P2,3,0,0,2,2,0,3230,0.178924397532,1.072688236398,0.550000000000,-0.160000000000,0.459470033916,0.195000000000,538524
public-004,P2,3,1,2,1,1,0,3231,-0.047014396242,1.132111518133,0.435075576467,0.203718970730,0.478235044312,0.230000000000,538634
public-004,P2,3,2,1,2,1,1,3232,0.516782677587,1.003169973552,0.195963290863,0.176588393923,0.290882841281,0.195000000000,538567
public-004,P2,3,3,2,0,0,0,3233,0.521999911726,0.961238746298,0.052501875850,0.203718970730,0.512823642697,0.195000000000,538566
public-004,P2,3,4,0,3,3,0,3234,0.455898968801,1.519814642568,0.136589094784,-0.160000000000,0.422264983501,0.230000000000,538566
public-004,P2,3,5,3,0,3,1,3235,0.629137113239,1.408614920311,0.370915546366,-0.103551996776,0.333455569915,0.195000000000,538524
public-004,P2,3,6,0,2,2,0,3236,0.207619825336,1.230233673112,0.540042571663,-0.160000000000,0.443171588778,0.195000000000,538518
public-004,P2,3,7,2,1,1,0,3237,-0.211739376148,1.049170471720,0.488475563586,0.203718970730,0.491800062926,0.230000000000,538635
public-004,P3,0,0,2,1,1,1,3300,-0.031928132329,0.782492895827,0.250000000000,0.123718970730,0.998942840858,0.265000000000,538524
public-004,P3,0,1,1,2,1,0,3301,0.222751180784,0.713982898020,0.135075576467,0.096588393923,0.765948495310,0.230000000000,538524
public-004,P3,0,2,2,0,3,1,3302,0.828853690068,1.078434684836,-0.104036709137,0.123718970730,0.450587951840,0.195000000000,538635
public-004,P3,0,3,0,3,3,1,3303,0.011309774689,0.941719597894,-0.247498124150,-0.240000000000,1.044613551735,0.265000000000,538637
public-004,P3,0,4,3,0,3,0,3304,0.585815801723,0.894714783314,-0.163410905216,-0.183551996776,0.744113400632,0.230000000000,538524
public-004,P3,0,5,0,2,1,1,3305,0.398112074990,0.612337806238,0.070915546366,-0.240000000000,0.447491368960,0.195000000000,538634
public-004,P3,0,6,2,1,1,1,3306,0.288953899715,0.653531774112,0.240042571663,0.123718970730,1.085003919949,0.265000000000,538567
public-004,P3,0,7,1,2,1,0,3307,0.026121064359,0.791582082893,0.188475563586,0.096588393923,0.713010012385,0.230000000000,538566
public-004,P3,1,0,3,0,2,1,3310,0.286474290172,0.997672800988,0.350000000000,-0.183551996776,0.867006993952,0.230000000000,538635
public-004,P3,1,1,0,2,0,0,3311,-0.029628173688,0.518229074031,0.235075576467,-0.240000000000,0.418231529967,0.195000000000,538527
public-004,P3,1,2,2,1,3,0,3312,0.355685108230,1.052838227871,-0.004036709137,0.123718970730,0.531462712427,0.230000000000,538518
public-004,P3,1,3,1,2,0,1,3313,0.387221198667,0.564755427116,-0.147498124150,0.096588393923,0.906645724147,0.230000000000,538645
public-004,P3,1,4,2,0,2,0,3314,0.398565527586,1.075599872181,-0.063410905216,0.123718970730,0.630878752710,0.195000000000,538635
public-004,P3,1,5,0,3,1,0,3315,0.768208341588,0.879684234846,0.170915546366,-0.240000000000,0.527810332619,0.230000000000,538524
public-004,P3,1,6,3,0,2,1,3316,0.387507658304,0.886465026244,0.340042571663,-0.183551996776,0.941701515428,0.230000000000,538520
public-004,P3,1,7,0,2,0,0,3317,0.078020321983,0.721530923413,0.288475563586,-0.240000000000,0.389325483616,0.195000000000,538558
public-004,P3,2,0,0,2,3,1,3320,-0.062261810386,1.293406657043,0.450000000000,-0.240000000000,0.735071147046,0.195000000000,538524
public-004,P3,2,1,2,1,2,1,3321,0.184410092197,1.148163006430,0.335075576467,0.123718970730,0.765948495310,0.230000000000,538566
public-004,P3,2,2,1,2,2,0,3322,0.482062913536,1.082894164309,0.095963290863,0.096588393923,0.450587951840,0.195000000000,538524
public-004,P3,2,3,2,0,1,1,3323,0.180806020134,0.857488316678,-0.047498124150,0.123718970730,0.768677896559,0.195000000000,538524
public-004,P3,2,4,0,3,0,1,3324,0.153910112773,0.734080933295,0.036589094784,-0.240000000000,0.479236131423,0.230000000000,538636
public-004,P3,2,5,3,0,0,0,3325,0.453635521587,0.615394982590,0.270915546366,-0.183551996776,0.447491368960,0.195000000000,538524
public-004,P3,2,6,0,2,3,1,3326,0.103722667442,1.394777511211,0.440042571663,-0.240000000000,0.798399110906,0.195000000000,538566
public-004,P3,2,7,2,1,2,1,3327,-0.208442362356,0.952415627344,0.388475563586,0.123718970730,0.713010012385,0.230000000000,538566
public-004,P3,3,0,1,0,0,1,3330,-0.249569170617,0.970100460318,0.550000000000,0.096588393923,0.603135300141,0.160000000000,538637
public-004,P3,3,1,0,1,0,0,3331,-0.145042943645,0.929468921027,0.435075576467,-0.240000000000,0.568365925340,0.265000000000,538524
public-004,P3,3,2,1,3,2,1,3332,0.443148487787,1.153144138391,0.195963290863,0.096588393923,0.531462712427,0.230000000000,538635
public-004,P3,3,3,3,2,2,1,3333,-0.007483886016,1.233832461706,0.052501875850,-0.183551996776,0.630710068972,0.160000000000,538524
public-004,P3,3,4,2,3,2,0,3334,0.415044768820,1.346856663380,0.136589094784,0.123718970730,0.857348048554,0.265000000000,538625
public-004,P3,3,5,3,1,0,1,3335,0.462067002670,0.947385369281,0.370915546366,-0.183551996776,0.527810332619,0.230000000000,538524
public-004,P3,3,6,1,0,0,1,3336,0.342431971449,0.767836955127,0.540042571663,0.096588393923,0.655096706385,0.160000000000,538566
public-004,P3,3,7,0,1,0,0,3337,0.141200655361,0.890011301447,0.488475563586,-0.240000000000,0.529083349530,0.265000000000,538576
public-005,P0,0,0,0,3,0,0,4000,0.745817989004,0.515769526878,0.250000000000,0.000000000000,0.148184759955,0.160000000000,538566
public-005,P0,0,1,3,0,0,1,4001,0.649620817894,0.462579656265,0.135075576467,0.056448003224,0.133937943722,0.265000000000,538627
public-005,P0,0,2,0,2,2,0,4002,0.601903263082,0.782210518465,-0.104036709137,0.000000000000,0.156122075552,0.230000000000,538524
public-005,P0,0,3,2,1,2,0,4003,0.947337636657,0.843227774977,-0.247498124150,0.363718970730,0.173178434277,0.160000000000,538533
public-005,P0,0,4,1,2,2,1,4004,0.954474330107,0.924155373347,-0.163410905216,0.336588393923,0.219795881610,0.265000000000,538524
public-005,P0,0,5,2,0,0,0,4005,0.198949755172,0.605305413511,0.070915546366,0.363718970730,0.141819854234,0.230000000000,538626
public-005,P0,0,6,0,3,0,0,4006,0.520672861646,0.475363997062,0.240042571663,0.000000000000,0.147698731140,0.160000000000,538566
public-005,P0,0,7,3,0,0,1,4007,0.477353110371,0.454803722226,0.188475563586,0.056448003224,0.131210642856,0.265000000000,538635
public-005,P0,1,0,1,2,1,0,4010,0.550188475975,0.744873740030,0.350000000000,0.336588393923,0.245431008675,0.265000000000,538625
public-005,P0,1,1,2,0,3,1,4011,0.856463822091,1.235667318472,0.235075576467,0.363718970730,0.180499150081,0.230000000000,538566
public-005,P0,1,2,0,3,2,1,4012,0.735419688190,1.088360359334,-0.004036709137,0.000000000000,0.179879782702,0.265000000000,538541
public-005,P0,1,3,3,0,3,0,4013,0.844236397272,1.174407759119,-0.147498124150,0.056448003224,0.286826781771,0.265000000000,538518
public-005,P0,1,4,0,2,1,1,4014,0.597574987514,0.743129920146,-0.063410905216,0.000000000000,0.190766236869,0.230000000000,538566
public-005,P0,1,5,2,1,0,1,4015,0.491486202599,0.535951187993,0.170915546366,0.363718970730,0.163401136400,0.265000000000,538524
public-005,P0,1,6,1,2,1,0,4016,0.598305222414,0.901043929948,0.340042571663,0.336588393923,0.244626023451,0.265000000000,538524
public-005,P0,1,7,2,0,3,1,4017,0.216726395038,1.260290704693,0.288475563586,0.363718970730,0.176823750305,0.230000000000,538629
public-005,P0,2,0,2,0,2,0,4020,0.533659416577,0.967310528904,0.450000000000,0.363718970730,0.213015592435,0.230000000000,538635
public-005,P0,2,1,0,3,1,0,4021,0.977924376996,0.800007044013,0.335075576467,0.000000000000,0.207966412049,0.265000000000,538566
public-005,P0,2,2,3,0,1,1,4022,0.583714929000,0.797833329700,0.095963290863,0.056448003224,0.156122075552,0.230000000000,538524
public-005,P0,2,3,0,2,0,0,4023,0.489100117849,0.791706223797,-0.047498124150,0.000000000000,0.248943999273,0.230000000000,538638
public-005,P0,2,4,2,1,3,0,4024,1.085858046777,1.219749808366,0.036589094784,0.363718970730,0.219795881610,0.265000000000,538566
public-005,P0,2,5,1,2,3,1,4025,0.694327747029,1.333010062590,0.270915546366,0.336588393923,0.141819854234,0.230000000000,538591
public-005,P0,2,6,2,0,2,0,4026,0.168257333646,1.195381789522,0.440042571663,0.363718970730,0.212316926014,0.230000000000,538633
public-005,P0,2,7,0,3,1,0,4027,0.403347587007,0.965561955271,0.388475563586,0.000000000000,0.203731712307,0.265000000000,538625
public-005,P0,3,0,3,2,3,0,4030,0.634698798136,1.453861117463,0.550000000000,0.056448003224,0.180600176195,0.195000000000,538566
public-005,P0,3,1,2,3,3,1,4031,1.192256244686,1.254059024602,0.435075576467,0.363718970730,0.125564626143,0.160000000000,538518
public-005,P0,3,2,3,1,1,0,4032,0.368624327478,1.133055294363,0.195963290863,0.056448003224,0.179879782702,0.265000000000,538523
public-005,P0,3,3,1,0,1,0,4033,0.436942679750,0.904567247968,0.052501875850,0.336588393923,0.211061216775,0.195000000000,538524
public-005,P0,3,4,0,1,1,1,4034,0.967348357964,1.001741919757,0.136589094784,0.000000000000,0.132706947387,0.160000000000,538629
public-005,P0,3,5,1,3,3,0,4035,0.323278441963,1.290950141040,0.370915546366,0.336588393923,0.163401136400,0.265000000000,538625
public-005,P0,3,6,3,2,3,0,4036,0.235699838261,1.390189411545,0.540042571663,0.056448003224,0.180007828577,0.195000000000,538635
public-005,P0,3,7,2,3,3,1,4037,0.403385125866,1.341627392764,0.488475563586,0.363718970730,0.123007826299,0.160000000000,538566
public-005,P1,0,0,1,2,2,1,4100,0.476918622987,0.921903728646,0.250000000000,0.256588393923,0.397902952302,0.265000000000,538625
public-005,P1,0,1,2,0,0,0,4101,0.241213523969,0.374848634165,0.135075576467,0.283718970730,0.178600858540,0.230000000000,538566
public-005,P1,0,2,0,3,3,0,4102,0.801737370543,0.974712391391,-0.104036709137,-0.080000000000,0.289738390594,0.265000000000,538566
public-005,P1,0,3,3,0,0,1,4103,0.510515119122,0.549270644335,-0.247498124150,-0.023551996776,0.406139850908,0.265000000000,538566
public-005,P1,0,4,0,2,2,0,4104,0.402455793495,0.813914890239,-0.163410905216,-0.080000000000,0.272598585188,0.230000000000,538566
public-005,P1,0,5,2,1,1,0,4105,0.527275106744,0.604321223473,0.070915546366,0.283718970730,0.287943835659,0.265000000000,538518
public-005,P1,0,6,1,2,2,1,4106,0.521443861962,0.936940835106,0.240042571663,0.256588393923,0.415308543061,0.265000000000,538523
public-005,P1,0,7,2,0,0,0,4107,0.243659764051,0.459056699610,0.188475563586,0.283718970730,0.173405544660,0.230000000000,538524
public-005,P1,1,0,2,0,3,1,4110,0.841985192112,1.069279426463,0.350000000000,0.283718970730,0.345349732187,0.230000000000,538566
public-005,P1,1,1,0,3,2,1,4111,0.651693715621,1.078514354055,0.235075576467,-0.080000000000,0.319514926982,0.265000000000,538524
public-005,P1,1,2,3,0,2,0,4112,0.391727211705,1.100663779667,-0.004036709137,-0.023551996776,0.251471055987,0.230000000000,538518
public-005,P1,1,3,0,2,1,1,4113,0.833541514901,0.832927016469,-0.147498124150,-0.080000000000,0.352498738524,0.230000000000,538592
public-005,P1,1,4,2,1,0,1,4114,0.321026251180,0.574111977653,-0.063410905216,0.283718970730,0.202279589379,0.265000000000,538524
public-005,P1,1,5,1,2,0,0,4115,0.552143794886,0.600175192054,0.170915546366,0.256588393923,0.249913517742,0.230000000000,538524
public-005,P1,1,6,2,0,3,1,4116,0.623086727525,1.268835794524,0.340042571663,0.283718970730,0.360456471336,0.230000000000,538635
public-005,P1,1,7,0,3,2,1,4117,-0.247266096465,0.843609390844,0.288475563586,-0.080000000000,0.310220568891,0.265000000000,538637
public-005,P1,2,0,3,2,0,1,4120,0.422764196191,0.849011545372,0.450000000000,-0.023551996776,0.292796512072,0.195000000000,538566
public-005,P1,2,1,2,3,0,0,4121,0.627480690145,0.685899138248,0.335075576467,0.283718970730,0.124244075506,0.160000000000,538566
public-005,P1,2,2,3,1,2,1,4122,0.335184078612,1.032164482459,0.095963290863,-0.023551996776,0.289738390594,0.265000000000,538524
public-005,P1,2,3,1,0,2,1,4123,0.646550316160,1.225284141111,-0.047498124150,0.256588393923,0.298857626140,0.195000000000,538518
public-005,P1,2,4,0,1,2,0,4124,0.701454234171,1.150640956770,0.036589094784,-0.080000000000,0.189633798391,0.160000000000,538635
public-005,P1,2,5,1,3,0,1,4125,0.502217341626,0.750947122695,0.270915546366,0.256588393923,0.287943835659,0.265000000000,538527
public-005,P1,2,6,3,2,0,1,4126,0.471824325175,0.732532375033,0.440042571663,-0.023551996776,0.305604399611,0.195000000000,538518
public-005,P1,2,7,2,3,0,0,4127,-0.025097005064,0.722197687035,0.388475563586,0.283718970730,0.120629944112,0.160000000000,538645
public-005,P1,3,0,0,1,1,1,4130,0.532072968636,1.016380313540,0.550000000000,-0.080000000000,0.240243291956,0.160000000000,538558
public-005,P1,3,1,1,3,3,0,4131,0.151154627210,1.491843933522,0.435075576467,0.256588393923,0.319514926982,0.265000000000,538525
public-005,P1,3,2,3,2,2,0,4132,0.755326973152,1.159961807540,0.195963290863,-0.023551996776,0.174936386774,0.160000000000,538524
public-005,P1,3,3,2,3,3,1,4133,0.787606143314,1.401503770324,0.052501875850,0.283718970730,0.245216513756,0.160000000000,538634
public-005,P1,3,4,3,1,1,0,4134,0.745891763844,0.944751761938,0.136589094784,-0.023551996776,0.314080978586,0.265000000000,538524
public-005,P1,3,5,1,0,0,0,4135,0.145201424950,0.735491517281,0.370915546366,0.256588393923,0.173852881907,0.160000000000,538566
public-005,P1,3,6,0,1,1,1,4136,0.667905828286,0.893727968218,0.540042571663,-0.080000000000,0.250752327886,0.160000000000,538524
public-005,P1,3,7,1,3,3,0,4137,-0.104610711714,1.528680514461,0.488475563586,0.256588393923,0.310220568891,0.265000000000,538524
public-005,P2,0,0,2,0,0,0,4200,0.309001188882,0.398040539933,0.250000000000,0.203718970730,0.595917560468,0.230000000000,538645
public-005,P2,0,1,0,3,3,0,4201,0.214784662213,1.097388965805,0.135075576467,-0.160000000000,0.492577025947,0.265000000000,538635
public-005,P2,0,2,3,0,3,1,4202,0.160130473542,1.134795900017,-0.104036709137,-0.103551996776,0.389557609244,0.230000000000,538524
public-005,P2,0,3,0,2,2,0,4203,0.689256915735,0.783749038800,-0.247498124150,-0.160000000000,0.526174570082,0.230000000000,538520
public-005,P2,0,4,2,1,1,0,4204,0.214209312317,0.598832407045,-0.163410905216,0.203718970730,0.564669102483,0.265000000000,538558
public-005,P2,0,5,1,2,1,1,4205,0.149000291666,0.780601473927,0.070915546366,0.176588393923,0.336647631340,0.230000000000,538525
public-005,P2,0,6,2,0,0,0,4206,-0.068904910022,0.602416388081,0.240042571663,0.203718970730,0.612820614513,0.230000000000,538524
public-005,P2,0,7,0,3,3,0,4207,-0.336473586365,1.046309805706,0.188475563586,-0.160000000000,0.483179160560,0.265000000000,538634
public-005,P2,1,0,3,2,1,0,4210,0.124913717355,0.672926681098,0.350000000000,-0.103551996776,0.505234453440,0.195000000000,538524
public-005,P2,1,1,2,3,1,1,4211,0.102025608565,0.715608293856,0.235075576467,0.203718970730,0.297404996798,0.160000000000,538636
public-005,P2,1,2,3,1,3,0,4212,0.676236372004,1.213803140344,-0.004036709137,-0.103551996776,0.448838114998,0.265000000000,538524
public-005,P2,1,3,1,0,3,0,4213,0.106788681511,1.259196295656,-0.147498124150,0.176588393923,0.446104526809,0.195000000000,538566
public-005,P2,1,4,0,1,3,1,4214,0.356445455037,1.160592561497,-0.063410905216,-0.160000000000,0.340932288292,0.160000000000,538566
public-005,P2,1,5,1,3,1,0,4215,0.203741552357,0.732325065252,0.170915546366,0.176588393923,0.387876618718,0.265000000000,538597
public-005,P2,1,6,3,2,1,0,4216,0.128110176206,0.796856988838,0.340042571663,-0.103551996776,0.519565303609,0.195000000000,538524
public-005,P2,1,7,2,3,1,1,4217,0.014613493860,0.680920803957,0.288475563586,0.203718970730,0.291730813923,0.160000000000,538638
public-005,P2,2,0,0,1,2,0,4220,0.421081963881,1.124232126030,0.450000000000,-0.160000000000,0.414551346413,0.160000000000,538524
public-005,P2,2,1,1,3,0,1,4221,0.155221068339,0.791309121449,0.335075576467,0.176588393923,0.317237544898,0.265000000000,538625
public-005,P2,2,2,3,2,3,1,4222,0.630440951792,1.359994120037,0.095963290863,-0.103551996776,0.270996597735,0.160000000000,538524
public-005,P2,2,3,2,3,0,0,4223,0.660337053475,0.738313135799,-0.047498124150,0.203718970730,0.366034483535,0.160000000000,538566
public-005,P2,2,4,3,1,2,1,4224,0.519778674202,1.087817322360,0.036589094784,-0.103551996776,0.564669102483,0.265000000000,538576
public-005,P2,2,5,1,0,1,1,4225,0.180369105177,0.780974771631,0.270915546366,0.176588393923,0.234189656585,0.160000000000,538518
public-005,P2,2,6,0,1,2,0,4226,0.082529691695,1.071031818088,0.440042571663,-0.160000000000,0.426309992705,0.160000000000,538529
public-005,P2,2,7,1,3,0,1,4227,-0.175090695300,0.831361193264,0.388475563586,0.176588393923,0.311184977309,0.265000000000,538524
public-005,P2,3,0,1,3,3,0,4230,0.501848658331,1.344703686889,0.550000000000,0.176588393923,0.686600667496,0.265000000000,538566
public-005,P2,3,1,3,2,2,0,4231,0.082326158191,1.079021196185,0.435075576467,-0.103551996776,0.297404996798,0.160000000000,538529
public-005,P2,3,2,2,3,2,1,4232,0.505707129770,1.081837871373,0.195963290863,0.203718970730,0.448838114998,0.265000000000,538527
public-005,P2,3,3,3,1,1,0,4233,0.411739610315,0.940397319685,0.052501875850,-0.103551996776,0.606244613356,0.265000000000,538566
public-005,P2,3,4,1,0,0,0,4234,0.418757126659,0.916505037301,0.136589094784,0.176588393923,0.219572810783,0.160000000000,538566
public-005,P2,3,5,0,1,0,1,4235,0.471827347205,0.749911136558,0.370915546366,-0.160000000000,0.387876618718,0.265000000000,538558
public-005,P2,3,6,1,3,3,0,4236,-0.127310434827,1.514590475255,0.540042571663,0.176588393923,0.706075925417,0.265000000000,538524
public-005,P2,3,7,3,2,2,0,4237,-0.342848101338,1.079029221042,0.488475563586,-0.103551996776,0.291730813923,0.160000000000,538638
public-005,P3,0,0,3,2,2,1,4300,-0.063594926749,0.913113591427,0.250000000000,-0.183551996776,0.809191158186,0.195000000000,538524
public-005,P3,0,1,2,3,2,0,4301,0.356666162256,0.913323967379,0.135075576467,0.123718970730,0.460691004612,0.160000000000,538566
public-005,P3,0,2,3,1,0,1,4302,0.667125402252,0.508637722818,-0.104036709137,-0.183551996776,0.672769173274,0.265000000000,538524
public-005,P3,0,3,1,0,0,1,4303,0.215963374368,0.398887575473,-0.247498124150,0.096588393923,0.786123333574,0.195000000000,538524
public-005,P3,0,4,0,1,0,0,4304,0.165674812752,0.602885437138,-0.163410905216,-0.240000000000,0.294662757347,0.160000000000,538566
public-005,P3,0,5,1,3,2,1,4305,0.172167354581,0.767678632825,0.070915546366,0.096588393923,0.698782041465,0.265000000000,538529
public-005,P3,0,6,3,2,2,1,4306,0.239517027274,0.761240491606,0.240042571663,-0.183551996776,0.753263961288,0.195000000000,538527
public-005,P3,0,7,2,3,2,0,4307,-0.524437284999,0.846574106305,0.188475563586,0.123718970730,0.465780010565,0.160000000000,538566
public-005,P3,1,0,0,1,3,1,4310,0.115686921544,1.150606887737,0.350000000000,-0.240000000000,0.663951719537,0.160000000000,538638
public-005,P3,1,1,1,3,1,0,4311,0.222204862440,0.905449803028,0.235075576467,0.096588393923,0.763019476389,0.265000000000,538524
public-005,P3,1,2,3,2,0,0,4312,0.408751363846,0.603826580905,-0.004036709137,-0.183551996776,0.406200255562,0.160000000000,538566
public-005,P3,1,3,2,3,1,1,4313,0.119313315606,0.908803329161,-0.147498124150,0.123718970730,0.645024273701,0.160000000000,538518
public-005,P3,1,4,3,1,3,0,4314,0.517694264665,1.230651801118,-0.063410905216,-0.183551996776,0.757775765281,0.265000000000,538626
public-005,P3,1,5,1,0,2,0,4315,0.381542441682,1.075496641630,0.170915546366,0.096588393923,0.421906138243,0.160000000000,538566
public-005,P3,1,6,0,1,3,1,4316,0.062977101646,1.024456479250,0.340042571663,-0.240000000000,0.618062737467,0.160000000000,538626
public-005,P3,1,7,1,3,1,0,4317,-0.031346027472,0.872052804410,0.288475563586,0.096588393923,0.771448142498,0.265000000000,538521
public-005,P3,2,0,1,3,0,1,4320,0.305714574381,0.694360902872,0.450000000000,0.096588393923,1.099670035483,0.265000000000,538630
public-005,P3,2,1,3,2,3,1,4321,0.327212028713,1.158966264760,0.335075576467,-0.183551996776,0.460691004612,0.160000000000,538524
public-005,P3,2,2,2,3,3,0,4322,0.559615017536,1.286848524277,0.095963290863,0.123718970730,0.672769173274,0.265000000000,538524
public-005,P3,2,3,3,1,2,1,4323,0.347488763903,1.055509118604,-0.047498124150,-0.183551996776,1.068321453318,0.265000000000,538635
public-005,P3,2,4,1,0,1,1,4324,0.303779368093,1.046800059923,0.036589094784,0.096588393923,0.457524990359,0.160000000000,538524
public-005,P3,2,5,0,1,1,0,4325,0.496501981336,1.002922938439,0.270915546366,-0.240000000000,0.698782041465,0.265000000000,538637
public-005,P3,2,6,1,3,0,1,4326,-0.029512474813,0.796782044023,0.440042571663,0.096588393923,1.023666408930,0.265000000000,538566
public-005,P3,2,7,3,2,3,1,4327,-0.130655568432,1.367181228204,0.388475563586,-0.183551996776,0.465780010565,0.160000000000,538566
public-005,P3,3,0,2,1,1,1,4330,0.267331916689,1.054966835713,0.550000000000,0.123718970730,0.954430596834,0.230000000000,538629
public-005,P3,3,1,1,2,1,0,4331,0.229067952044,1.032924997984,0.435075576467,0.096588393923,0.561467161871,0.195000000000,538524
public-005,P3,3,2,2,0,3,1,4332,0.577784005944,1.521086380380,0.195963290863,0.123718970730,0.406200255562,0.160000000000,538532
public-005,P3,3,3,0,3,3,1,4333,0.066914757025,1.410412740113,0.052501875850,-0.240000000000,0.927222393446,0.230000000000,538566
public-005,P3,3,4,3,0,3,0,4334,0.482176171142,1.471015417118,0.136589094784,-0.183551996776,0.557608582000,0.195000000000,538566
public-005,P3,3,5,0,2,1,1,4335,0.373232450477,1.123610826935,0.370915546366,-0.240000000000,0.421906138243,0.160000000000,538626
public-005,P3,3,6,2,1,1,1,4336,0.022456914487,0.965018055547,0.540042571663,0.123718970730,0.888465185109,0.230000000000,538518
public-005,P3,3,7,1,2,1,0,4337,-0.190692118403,1.134048183361,0.488475563586,0.096588393923,0.567669387876,0.195000000000,538524
public-006,P0,0,0,1,0,1,0,5000,0.809338860405,0.685176208850,0.250000000000,0.336588393923,0.224915790806,0.230000000000,538592
public-006,P0,0,1,0,1,1,1,5001,1.030259866833,0.770802635369,0.135075576467,0.000000000000,0.164936159426,0.195000000000,538524
public-006,P0,0,2,1,3,3,0,5002,0.560249356137,1.090264995570,-0.104036709137,0.336588393923,0.111533219021,0.160000000000,538524
public-006,P0,0,3,3,2,3,0,5003,0.527559583876,1.111654091870,-0.247498124150,0.056448003224,0.237709368744,0.230000000000,538635
public-006,P0,0,4,2,3,3,1,5004,0.898356950531,0.947817064391,-0.163410905216,0.363718970730,0.149826486773,0.195000000000,538637
public-006,P0,0,5,3,1,1,0,5005,0.313641125385,0.604100084021,0.070915546366,0.056448003224,0.095123362202,0.160000000000,538524
public-006,P0,0,6,1,0,1,0,5006,0.406885215521,0.762012893798,0.240042571663,0.336588393923,0.220335960670,0.230000000000,538634
public-006,P0,0,7,0,1,1,1,5007,0.379428813331,0.802357945935,0.188475563586,0.000000000000,0.161840765287,0.195000000000,538567
public-006,P0,1,0,2,3,2,0,5010,0.783485525994,0.870632231743,0.350000000000,0.363718970730,0.190689474814,0.195000000000,538518
public-006,P0,1,1,3,1,0,1,5011,0.633427363723,0.621476231362,0.235075576467,0.056448003224,0.087158887240,0.160000000000,538635
public-006,P0,1,2,1,0,3,1,5012,0.448392377478,1.181492037567,-0.004036709137,0.336588393923,0.135931110681,0.195000000000,538527
public-006,P0,1,3,0,1,0,0,5013,0.731126023476,0.560446636798,-0.147498124150,0.000000000000,0.201536203935,0.195000000000,538518
public-006,P0,1,4,1,3,2,1,5014,0.677190573239,0.856403564989,-0.063410905216,0.336588393923,0.122934553250,0.160000000000,538645
public-006,P0,1,5,3,2,1,1,5015,0.493594098557,0.656937745188,0.170915546366,0.056448003224,0.115931597684,0.195000000000,538635
public-006,P0,1,6,2,3,2,0,5016,0.300994886417,0.933240810229,0.340042571663,0.363718970730,0.186806575350,0.195000000000,538524
public-006,P0,1,7,3,1,0,1,5017,0.284406202093,0.532762292626,0.288475563586,0.056448003224,0.085523156727,0.160000000000,538520
public-006,P0,2,0,3,1,3,0,5020,0.545510782445,1.227829409270,0.450000000000,0.056448003224,0.156463158822,0.160000000000,538634
public-006,P0,2,1,1,0,2,0,5021,0.986005559396,1.079949544200,0.335075576467,0.336588393923,0.164936159426,0.195000000000,538524
public-006,P0,2,2,0,1,2,1,5022,0.538182836710,1.220035852915,0.095963290863,0.000000000000,0.111533219021,0.160000000000,538566
public-006,P0,2,3,1,3,1,0,5023,0.409567055858,0.781407233133,-0.047498124150,0.336588393923,0.165363039126,0.160000000000,538524
public-006,P0,2,4,3,2,0,0,5024,0.905532572851,0.664223676723,0.036589094784,0.056448003224,0.096493714325,0.195000000000,538524
public-006,P0,2,5,2,3,0,1,5025,0.427937637105,0.651938109344,0.270915546366,0.363718970730,0.095123362202,0.160000000000,538636
public-006,P0,2,6,3,1,3,0,5026,0.366682365225,1.215045626509,0.440042571663,0.056448003224,0.153277190031,0.160000000000,538524
public-006,P0,2,7,1,0,2,0,5027,0.114042546960,1.154802683608,0.388475563586,0.336588393923,0.161840765287,0.195000000000,538566
public-006,P0,3,0,0,3,0,0,5030,0.389436478690,0.718299544935,0.550000000000,0.000000000000,0.259142106799,0.265000000000,538638
public-006,P0,3,1,3,0,0,1,5031,0.968108656512,0.849863831826,0.435075576467,0.056448003224,0.125290900408,0.230000000000,538637
public-006,P0,3,2,0,2,2,0,5032,0.409948436134,1.312638654848,0.195963290863,0.000000000000,0.135931110681,0.195000000000,538524
public-006,P0,3,3,2,1,2,0,5033,0.551296274050,1.311135597116,0.052501875850,0.363718970730,0.273882533553,0.265000000000,538635
public-006,P0,3,4,1,2,2,1,5034,0.592706494483,1.156486883163,0.136589094784,0.336588393923,0.176718420296,0.230000000000,538524
public-006,P0,3,5,2,0,0,0,5035,0.627192616943,0.817953040199,0.370915546366,0.363718970730,0.115931597684,0.195000000000,538625
public-006,P0,3,6,0,3,0,0,5036,-0.042144705100,0.857539159642,0.540042571663,0.000000000000,0.253865345989,0.265000000000,538524
public-006,P0,3,7,3,0,0,1,5037,0.581429732600,0.799770299283,0.488475563586,0.056448003224,0.122939537794,0.230000000000,538566
public-006,P1,0,0,2,3,3,1,5100,0.412578711040,0.938794143645,0.250000000000,0.283718970730,0.292971028452,0.195000000000,538566
public-006,P1,0,1,3,1,1,0,5101,0.221305500454,0.666447100185,0.135075576467,-0.023551996776,0.217984160892,0.160000000000,538566
public-006,P1,0,2,1,0,0,0,5102,0.744314307914,0.415806090990,-0.104036709137,0.256588393923,0.192475195952,0.195000000000,538597
public-006,P1,0,3,0,1,1,1,5103,0.982202334288,0.647975965758,-0.247498124150,-0.080000000000,0.287988508651,0.195000000000,538524
public-006,P1,0,4,1,3,3,0,5104,0.361478666760,1.076739417492,-0.163410905216,0.256588393923,0.216634030690,0.160000000000,538638
public-006,P1,0,5,3,2,2,0,5105,0.479665097026,0.923278924325,0.070915546366,-0.023551996776,0.196820363793,0.195000000000,538637
public-006,P1,0,6,2,3,3,1,5106,0.689928511108,1.000880839645,0.240042571663,0.283718970730,0.284448804859,0.195000000000,538524
public-006,P1,0,7,3,1,1,0,5107,0.076087816112,0.539073337058,0.188475563586,-0.023551996776,0.214043334305,0.160000000000,538635
public-006,P1,1,0,3,1,0,1,5110,0.619855948425,0.574640444863,0.350000000000,-0.023551996776,0.240386484883,0.160000000000,538566
public-006,P1,1,1,1,0,3,1,5111,0.683948152576,1.218860239362,0.235075576467,0.256588393923,0.265668196087,0.195000000000,538576
public-006,P1,1,2,0,1,3,0,5112,0.845174054166,1.078093554108,-0.004036709137,-0.080000000000,0.157928365910,0.160000000000,538518
public-006,P1,1,3,1,3,2,1,5113,0.509521358299,0.981351996625,-0.147498124150,0.256588393923,0.236298263508,0.160000000000,538529
public-006,P1,1,4,3,2,1,1,5114,0.632058380371,0.792498161041,-0.063410905216,-0.023551996776,0.264022724904,0.195000000000,538524
public-006,P1,1,5,2,3,1,0,5115,0.555594637720,0.844579040085,0.170915546366,0.283718970730,0.161493631830,0.160000000000,538566
public-006,P1,1,6,3,1,0,1,5116,0.484652679651,0.706044433134,0.340042571663,-0.023551996776,0.233393891167,0.160000000000,538524
public-006,P1,1,7,1,0,3,1,5117,-0.010089325209,1.092868521071,0.288475563586,0.256588393923,0.260865313684,0.195000000000,538524
public-006,P1,2,0,0,3,1,1,5120,0.795816496688,0.925498446752,0.450000000000,-0.080000000000,0.398140115588,0.265000000000,538566
public-006,P1,2,1,3,0,1,0,5121,0.617496730786,0.969020653715,0.335075576467,-0.023551996776,0.313352231282,0.230000000000,538566
public-006,P1,2,2,0,2,3,1,5122,0.849395909099,1.299594877522,0.095963290863,-0.080000000000,0.192475195952,0.195000000000,538558
public-006,P1,2,3,2,1,3,1,5123,0.914572844321,1.133585624737,-0.047498124150,0.283718970730,0.391368998936,0.265000000000,538524
public-006,P1,2,4,1,2,3,0,5124,0.468789852378,1.137914387141,0.036589094784,0.256588393923,0.311411419117,0.230000000000,538638
public-006,P1,2,5,2,0,1,1,5125,-0.037477883343,0.985485671127,0.270915546366,0.283718970730,0.196820363793,0.195000000000,538524
public-006,P1,2,6,0,3,1,1,5126,0.573248073192,0.876444161559,0.440042571663,-0.080000000000,0.386558632245,0.265000000000,538566
public-006,P1,2,7,3,0,1,0,5127,-0.355336218762,0.828822599268,0.388475563586,-0.023551996776,0.307687293063,0.230000000000,538518
public-006,P1,3,0,1,2,2,1,5130,0.613363955735,1.255478660076,0.550000000000,0.256588393923,0.345555572020,0.230000000000,538521
public-006,P1,3,1,2,0,0,0,5131,0.584986674934,0.946830657632,0.435075576467,0.283718970730,0.171099994203,0.195000000000,538630
public-006,P1,3,2,0,3,3,0,5132,0.340415604959,1.324766411130,0.195963290863,-0.080000000000,0.227022025995,0.230000000000,538524
public-006,P1,3,3,3,0,0,1,5133,0.891628837718,0.957813802795,0.052501875850,-0.023551996776,0.339678753793,0.230000000000,538566
public-006,P1,3,4,0,2,2,0,5134,0.532806449953,1.339677242563,0.136589094784,-0.080000000000,0.264022724904,0.195000000000,538630
public-006,P1,3,5,2,1,1,0,5135,0.100944655172,1.077699899538,0.370915546366,0.283718970730,0.232147095755,0.230000000000,538524
public-006,P1,3,6,1,2,2,1,5136,0.432923994350,1.088921235375,0.540042571663,0.256588393923,0.335503718552,0.230000000000,538524
public-006,P1,3,7,2,0,0,0,5137,-0.071599549976,0.948842963797,0.488475563586,0.283718970730,0.168006763010,0.195000000000,538635
public-006,P2,0,0,3,1,1,0,5200,0.084496811229,0.540620334875,0.250000000000,-0.103551996776,0.370589446070,0.160000000000,538518
public-006,P2,0,1,1,0,0,0,5201,0.217064894891,0.604672301322,0.135075576467,0.176588393923,0.265053584087,0.195000000000,538626
public-006,P2,0,2,0,1,0,1,5202,0.381132690980,0.356621508793,-0.104036709137,-0.160000000000,0.235739538769,0.160000000000,538566
public-006,P2,0,3,1,3,3,0,5203,0.190303256450,0.959865458929,-0.247498124150,0.176588393923,0.424827791146,0.160000000000,538626
public-006,P2,0,4,3,2,2,0,5204,0.233585187712,0.861472416603,-0.163410905216,-0.103551996776,0.355653530718,0.195000000000,538521
public-006,P2,0,5,2,3,2,1,5205,0.201184050673,0.729757929771,0.070915546366,0.203718970730,0.274559161974,0.160000000000,538630
public-006,P2,0,6,3,1,1,0,5206,0.061292374164,0.754327232640,0.240042571663,-0.103551996776,0.363518978825,0.160000000000,538524
public-006,P2,0,7,1,0,0,0,5207,-0.485181620885,0.355522583687,0.188475563586,0.176588393923,0.267763248635,0.195000000000,538566
public-006,P2,1,0,0,3,2,0,5210,0.076569403690,1.051235768366,0.350000000000,-0.160000000000,0.613788770054,0.265000000000,538635
public-006,P2,1,1,3,0,2,1,5211,0.418174570923,0.916650348085,0.235075576467,-0.103551996776,0.485418672102,0.230000000000,538524
public-006,P2,1,2,0,2,0,0,5212,0.216139808933,0.698183281753,-0.004036709137,-0.160000000000,0.287307562875,0.195000000000,538637
public-006,P2,1,3,2,1,0,0,5213,0.103733880701,0.479458862885,-0.147498124150,0.203718970730,0.703621029085,0.265000000000,538566
public-006,P2,1,4,1,2,0,1,5214,0.592628906279,0.659078516181,-0.063410905216,0.176588393923,0.270166052440,0.230000000000,538566
public-006,P2,1,5,2,0,2,0,5215,0.401528952573,0.920868944696,0.170915546366,0.203718970730,0.334618978655,0.195000000000,538524
public-006,P2,1,6,0,3,2,0,5216,-0.318048899639,0.854539382318,0.340042571663,-0.160000000000,0.602078308679,0.265000000000,538566
public-006,P2,1,7,3,0,2,1,5217,0.087451499421,0.957049768047,0.288475563586,-0.103551996776,0.490381147034,0.230000000000,538576
public-006,P2,2,0,1,2,3,0,5220,0.146803386442,1.331428528840,0.450000000000,0.176588393923,0.532722328726,0.230000000000,538566
public-006,P2,2,1,2,0,1,1,5221,0.372814323162,0.853442943022,0.335075576467,0.203718970730,0.411550613304,0.195000000000,538566
public-006,P2,2,2,0,3,0,1,5222,0.565541949094,0.847301330817,0.095963290863,-0.160000000000,0.338875586981,0.230000000000,538626
public-006,P2,2,3,3,0,1,0,5223,0.506158125572,0.780069313538,-0.047498124150,-0.103551996776,0.610689949772,0.230000000000,538518
public-006,P2,2,4,0,2,3,1,5224,0.300376153842,1.217307432548,0.036589094784,-0.160000000000,0.355653530718,0.195000000000,538524
public-006,P2,2,5,2,1,2,1,5225,0.386479821499,1.215044108509,0.270915546366,0.203718970730,0.394678795337,0.230000000000,538566
public-006,P2,2,6,1,2,3,0,5226,-0.121298361997,1.165111172075,0.440042571663,0.176588393923,0.522558532061,0.230000000000,538566
public-006,P2,2,7,2,0,1,1,5227,-0.278689383795,0.836779139479,0.388475563586,0.203718970730,0.415757929007,0.195000000000,538634
public-006,P2,3,0,2,0,0,0,5230,0.474773617904,0.736427508721,0.550000000000,0.203718970730,0.451655887398,0.195000000000,538638
public-006,P2,3,1,0,3,3,0,5231,0.673701815511,1.344150819806,0.435075576467,-0.160000000000,0.485418672102,0.230000000000,538524
public-006,P2,3,2,3,0,3,1,5232,0.481135348795,1.325562915300,0.195963290863,-0.103551996776,0.287307562875,0.195000000000,538566
public-006,P2,3,3,0,2,2,0,5233,0.074726003368,1.290538278128,0.052501875850,-0.160000000000,0.517758870459,0.195000000000,538638
public-006,P2,3,4,2,1,1,0,5234,0.131557542928,1.023257549258,0.136589094784,0.203718970730,0.419488779821,0.230000000000,538524
public-006,P2,3,5,1,2,1,1,5235,0.462672078447,0.920014479638,0.370915546366,0.176588393923,0.334618978655,0.195000000000,538524
public-006,P2,3,6,2,0,0,0,5236,-0.305219896212,0.914125046594,0.540042571663,0.203718970730,0.443038755443,0.195000000000,538566
public-006,P2,3,7,0,3,3,0,5237,-0.028595888429,1.347595001739,0.488475563586,-0.160000000000,0.490381147034,0.230000000000,538626
public-006,P3,0,0,0,3,3,1,5300,0.199711672762,1.097783226137,0.250000000000,-0.240000000000,0.950780814513,0.265000000000,538634
public-006,P3,0,1,3,0,3,0,5301,0.004411511550,1.071698251054,0.135075576467,-0.183551996776,0.727600236720,0.230000000000,538593
public-006,P3,0,2,0,2,1,1,5302,0.889000147752,0.665707913410,-0.104036709137,-0.240000000000,0.506292058285,0.195000000000,538634
public-006,P3,0,3,2,1,1,1,5303,0.195031173103,0.578979662252,-0.247498124150,0.123718970730,0.944246748120,0.265000000000,538566
public-006,P3,0,4,1,2,1,0,5304,-0.133230390797,0.618311450628,-0.163410905216,0.096588393923,0.755733168201,0.230000000000,538638
public-006,P3,0,5,2,0,3,1,5305,0.474452269273,1.033182839599,0.070915546366,0.123718970730,0.485129425759,0.195000000000,538524
public-006,P3,0,6,0,3,3,1,5306,0.105223449633,1.121972148149,0.240042571663,-0.240000000000,0.961283579222,0.265000000000,538566
public-006,P3,0,7,3,0,3,0,5307,-0.513889538489,1.152192884055,0.188475563586,-0.183551996776,0.770476778656,0.230000000000,538638
public-006,P3,1,0,1,2,0,1,5310,0.349082913156,0.631843117534,0.350000000000,0.096588393923,0.825205989955,0.230000000000,538626
public-006,P3,1,1,2,0,2,0,5311,0.161876670156,0.970168584946,0.235075576467,0.123718970730,0.616878461567,0.195000000000,538520
public-006,P3,1,2,0,3,1,0,5312,0.346121586220,0.826562919464,-0.004036709137,-0.240000000000,0.597164991823,0.230000000000,538566
public-006,P3,1,3,3,0,2,1,5313,0.095904390687,0.937686941333,-0.147498124150,-0.183551996776,0.819534913463,0.230000000000,538566
public-006,P3,1,4,0,2,0,0,5314,0.138630117284,0.481461484078,-0.063410905216,-0.240000000000,0.412653645929,0.195000000000,538524
public-006,P3,1,5,2,1,3,0,5315,0.253278079994,1.204463889478,0.170915546366,0.123718970730,0.572203938075,0.230000000000,538524
public-006,P3,1,6,1,2,0,1,5316,-0.341552865611,0.692800307130,0.340042571663,0.096588393923,0.834321597060,0.230000000000,538518
public-006,P3,1,7,2,0,2,0,5317,-0.569613247649,1.020670178689,0.288475563586,0.123718970730,0.653230312339,0.195000000000,538532
public-006,P3,2,0,2,0,1,1,5320,-0.092916646020,1.014133617677,0.450000000000,0.123718970730,0.699631165397,0.195000000000,538629
public-006,P3,2,1,0,3,0,1,5321,0.399229257234,0.596066633621,0.335075576467,-0.240000000000,0.468601052437,0.230000000000,538566
public-006,P3,2,2,3,0,0,0,5322,0.713164394451,0.828634105435,0.095963290863,-0.183551996776,0.506292058285,0.195000000000,538525
public-006,P3,2,3,0,2,3,1,5323,0.466442659145,1.339166193262,-0.047498124150,-0.240000000000,0.694823078805,0.195000000000,538641
public-006,P3,2,4,2,1,2,1,5324,0.006530613436,0.994796499091,0.036589094784,0.123718970730,0.755733168201,0.230000000000,538518
public-006,P3,2,5,1,2,2,0,5325,0.450612098485,1.058472825161,0.270915546366,0.096588393923,0.485129425759,0.195000000000,538533
public-006,P3,2,6,2,0,1,1,5326,-0.122595690631,0.915913827504,0.440042571663,0.123718970730,0.707359614899,0.195000000000,538566
public-006,P3,2,7,0,3,0,1,5327,-0.566604808222,0.660781752195,0.388475563586,-0.240000000000,0.496215107053,0.230000000000,538566
public-006,P3,3,0,3,2,2,1,5330,0.279931862513,1.266426392693,0.550000000000,-0.183551996776,0.574056340838,0.160000000000,538566
public-006,P3,3,1,2,3,2,0,5331,0.280867939269,1.235033795659,0.435075576467,0.123718970730,0.838322011873,0.265000000000,538630
public-006,P3,3,2,3,1,0,1,5332,0.318126748313,0.913601509517,0.195963290863,-0.183551996776,0.597164991823,0.230000000000,538566
public-006,P3,3,3,1,0,0,1,5333,0.417856927994,0.868292287605,0.052501875850,0.096588393923,0.570111244148,0.160000000000,538524
public-006,P3,3,4,0,1,0,0,5334,0.450775372684,0.713631528660,0.136589094784,-0.240000000000,0.560785723955,0.265000000000,538636
public-006,P3,3,5,1,3,2,1,5335,0.107614698285,1.268027180701,0.370915546366,0.096588393923,0.572203938075,0.230000000000,538566
public-006,P3,3,6,3,2,2,1,5336,-0.329716720253,1.223183417260,0.540042571663,-0.183551996776,0.580397632738,0.160000000000,538626
public-006,P3,3,7,2,3,2,0,5337,-0.076375671143,1.203025170484,0.488475563586,0.123718970730,0.887723244973,0.265000000000,538566
public-007,P0,0,0,2,1,2,0,6000,0.902690264207,0.835075246822,0.250000000000,0.363718970730,0.168634346907,0.160000000000,538529
public-007,P0,0,1,1,2,2,1,6001,0.701771587334,0.720559797232,0.135075576467,0.336588393923,0.230183884131,0.265000000000,538524
public-007,P0,0,2,2,0,0,0,6002,0.892579183124,0.506303016253,-0.104036709137,0.363718970730,0.153093491104,0.230000000000,538566
public-007,P0,0,3,0,3,0,0,6003,0.354475581735,0.351247405225,-0.247498124150,0.000000000000,0.153185886190,0.160000000000,538524
public-007,P0,0,4,3,0,0,1,6004,0.861739889054,0.518151440634,-0.163410905216,0.056448003224,0.126435286672,0.265000000000,538524
public-007,P0,0,5,0,2,2,0,6005,0.207797170308,0.967673449446,0.070915546366,0.000000000000,0.141904383546,0.230000000000,538566
public-007,P0,0,6,2,1,2,0,6006,0.393610909729,0.827700433907,0.240042571663,0.363718970730,0.165469548048,0.160000000000,538529
public-007,P0,0,7,1,2,2,1,6007,0.364315649668,0.814172649483,0.188475563586,0.336588393923,0.230206887262,0.265000000000,538527
public-007,P0,1,0,3,0,3,0,6010,0.457090433136,1.044684977916,0.350000000000,0.056448003224,0.279300637065,0.265000000000,538524
public-007,P0,1,1,0,2,1,1,6011,0.734342370133,0.836523446368,0.235075576467,0.000000000000,0.199782239057,0.230000000000,538638
public-007,P0,1,2,2,1,0,1,6012,0.458908342309,0.627448692912,-0.004036709137,0.363718970730,0.176390326707,0.265000000000,538524
public-007,P0,1,3,1,2,1,0,6013,0.549596801483,0.702452261258,-0.147498124150,0.336588393923,0.253714124001,0.265000000000,538566
public-007,P0,1,4,2,0,3,1,6014,0.972254851175,1.187056821296,-0.063410905216,0.363718970730,0.170388324252,0.230000000000,538518
public-007,P0,1,5,0,3,2,1,6015,0.315945912738,0.920208075837,0.170915546366,0.000000000000,0.163498528868,0.265000000000,538626
public-007,P0,1,6,3,0,3,0,6016,-0.020469460072,1.280698504317,0.340042571663,0.056448003224,0.274058938955,0.265000000000,538566
public-007,P0,1,7,0,2,1,1,6017,0.279178916727,0.724596231186,0.288475563586,0.000000000000,0.199802204039,0.230000000000,538626
public-007,P0,2,0,0,2,0,0,6020,0.394157316976,0.867245504332,0.450000000000,0.000000000000,0.242411873679,0.230000000000,538566
public-007,P0,2,1,2,1,3,0,6021,1.064972792279,1.361912343597,0.335075576467,0.363718970730,0.230183884131,0.265000000000,538630
public-007,P0,2,2,1,2,3,1,6022,0.644797359593,1.385684516347,0.095963290863,0.336588393923,0.153093491104,0.230000000000,538524
public-007,P0,2,3,2,0,2,0,6023,0.449588357545,1.057043100789,-0.047498124150,0.363718970730,0.220204711398,0.230000000000,538524
public-007,P0,2,4,0,3,1,0,6024,0.497093028298,0.791537226107,0.036589094784,0.000000000000,0.196316982290,0.265000000000,538635
public-007,P0,2,5,3,0,1,1,6025,0.449403915207,0.797536585143,0.270915546366,0.056448003224,0.141904383546,0.230000000000,538524
public-007,P0,2,6,0,2,0,0,6026,0.184990547564,0.629517376846,0.440042571663,0.000000000000,0.237862475320,0.230000000000,538637
public-007,P0,2,7,2,1,3,0,6027,-0.025386430751,1.367461075533,0.388475563586,0.363718970730,0.230206887262,0.265000000000,538566
public-007,P0,3,0,1,0,1,0,6030,0.646100235747,1.014776144290,0.550000000000,0.336588393923,0.205523110293,0.195000000000,538576
public-007,P0,3,1,0,1,1,1,6031,0.699209251227,1.057217136825,0.435075576467,0.000000000000,0.138978948909,0.160000000000,538629
public-007,P0,3,2,1,3,3,0,6032,0.509749765102,1.500079595606,0.195963290863,0.336588393923,0.176390326707,0.265000000000,538524
public-007,P0,3,3,3,2,3,0,6033,0.509890257516,1.354551662029,0.052501875850,0.056448003224,0.186695298794,0.195000000000,538532
public-007,P0,3,4,2,3,3,1,6034,0.730457008975,1.280899598484,0.136589094784,0.363718970730,0.118531008175,0.160000000000,538566
public-007,P0,3,5,3,1,1,0,6035,0.405862734216,0.902292634984,0.370915546366,0.056448003224,0.163498528868,0.265000000000,538566
public-007,P0,3,6,1,0,1,0,6036,0.175074107690,0.993416878151,0.540042571663,0.336588393923,0.201666011684,0.195000000000,538626
public-007,P0,3,7,0,1,1,1,6037,-0.080752521209,1.148946637803,0.488475563586,0.000000000000,0.138992837592,0.160000000000,538518
public-007,P1,0,0,3,0,0,1,6100,0.885266153300,0.439946565677,0.250000000000,-0.023551996776,0.449878890555,0.265000000000,538566
public-007,P1,0,1,0,2,2,0,6101,0.410356555501,0.978422249232,0.135075576467,-0.080000000000,0.282886863923,0.230000000000,538566
public-007,P1,0,2,2,1,1,0,6102,0.810886601674,0.806504805851,-0.104036709137,0.283718970730,0.252055889397,0.265000000000,538524
public-007,P1,0,3,1,2,2,1,6103,0.961722131326,0.797629584939,-0.247498124150,0.256588393923,0.447092472153,0.265000000000,538566
public-007,P1,0,4,2,0,0,0,6104,0.522556182933,0.495663191628,-0.163410905216,0.283718970730,0.186302408236,0.230000000000,538576
public-007,P1,0,5,0,3,3,0,6105,0.443261263940,1.113640898313,0.070915546366,-0.080000000000,0.248957838050,0.265000000000,538629
public-007,P1,0,6,3,0,0,1,6106,0.113373085844,0.623263178104,0.240042571663,-0.023551996776,0.441745755167,0.265000000000,538524
public-007,P1,0,7,0,2,2,0,6107,-0.290982206164,0.799011765616,0.188475563586,-0.080000000000,0.295820180671,0.230000000000,538532
public-007,P1,1,0,0,2,1,1,6110,1.054381549329,0.751293349080,0.350000000000,-0.080000000000,0.390460923878,0.230000000000,538518
public-007,P1,1,1,2,1,0,1,6111,0.262916270395,0.615946006360,0.235075576467,0.283718970730,0.209913923932,0.265000000000,538524
public-007,P1,1,2,1,2,0,0,6112,0.546208279933,0.664565457712,-0.004036709137,0.256588393923,0.218765488911,0.230000000000,538566
public-007,P1,1,3,2,0,3,1,6113,0.776852686714,1.258298829531,-0.147498124150,0.283718970730,0.388042523001,0.230000000000,538566
public-007,P1,1,4,0,3,2,1,6114,0.471069406963,0.912025499437,-0.063410905216,-0.080000000000,0.333292912761,0.265000000000,538634
public-007,P1,1,5,3,0,2,0,6115,0.009244864373,0.975468753765,0.170915546366,-0.023551996776,0.216076614156,0.230000000000,538593
public-007,P1,1,6,0,2,1,1,6116,0.378370554936,0.832182322201,0.340042571663,-0.080000000000,0.383401976183,0.230000000000,538634
public-007,P1,1,7,2,1,0,1,6117,-0.259898613681,0.696934732411,0.288475563586,0.283718970730,0.219510987685,0.265000000000,538566
public-007,P1,2,0,1,0,2,1,6120,0.574335320551,1.022674294429,0.450000000000,0.256588393923,0.331042957201,0.195000000000,538638
public-007,P1,2,1,0,1,2,0,6121,0.647413821852,1.048154953302,0.335075576467,-0.080000000000,0.196790861860,0.160000000000,538524
public-007,P1,2,2,1,3,0,1,6122,0.343551206886,0.742173124775,0.095963290863,0.256588393923,0.252055889397,0.265000000000,538524
public-007,P1,2,3,3,2,0,1,6123,0.729403269021,0.819053804101,-0.047498124150,-0.023551996776,0.328992573849,0.195000000000,538566
public-007,P1,2,4,2,3,0,0,6124,0.440586679846,0.826386276888,0.036589094784,0.283718970730,0.129601675295,0.160000000000,538626
public-007,P1,2,5,3,1,2,1,6125,0.081099529836,1.088363754257,0.270915546366,-0.023551996776,0.248957838050,0.265000000000,538520
public-007,P1,2,6,1,0,2,1,6126,0.442574180626,0.966015133627,0.440042571663,0.256588393923,0.325058197199,0.195000000000,538566
public-007,P1,2,7,0,1,2,0,6127,0.074983640018,1.210224821270,0.388475563586,-0.080000000000,0.205787951771,0.160000000000,538566
public-007,P1,3,0,2,3,3,1,6130,0.540141582787,1.497798327426,0.550000000000,0.283718970730,0.271624990524,0.160000000000,538532
public-007,P1,3,1,3,1,1,0,6131,0.485664680143,0.901013278131,0.435075576467,-0.023551996776,0.325934864955,0.265000000000,538629
public-007,P1,3,2,1,0,0,0,6132,0.264706709652,0.760491348312,0.195963290863,0.256588393923,0.152184687938,0.160000000000,538558
public-007,P1,3,3,0,1,1,1,6133,1.060831210290,1.138494517149,0.052501875850,-0.080000000000,0.269942624696,0.160000000000,538566
public-007,P1,3,4,1,3,3,0,6134,0.556278299997,1.489305409667,0.136589094784,0.256588393923,0.333292912761,0.265000000000,538629
public-007,P1,3,5,3,2,2,0,6135,0.074343988994,1.190012401039,0.370915546366,-0.023551996776,0.150314166370,0.160000000000,538566
public-007,P1,3,6,2,3,3,1,6136,0.281380671761,1.257146828657,0.540042571663,0.283718970730,0.266714418214,0.160000000000,538525
public-007,P1,3,7,3,1,1,0,6137,-0.512078079173,1.055611458347,0.488475563586,-0.023551996776,0.340836295120,0.265000000000,538641
public-007,P2,0,0,0,2,2,0,6200,0.381597505841,0.853185755867,0.250000000000,-0.160000000000,0.604868911899,0.230000000000,538566
public-007,P2,0,1,2,1,1,0,6201,0.211615207937,0.555940546367,0.135075576467,0.203718970730,0.486522698381,0.265000000000,538524
public-007,P2,0,2,1,2,1,1,6202,0.524609941082,0.578889523405,-0.104036709137,0.176588393923,0.393306569643,0.230000000000,538524
public-007,P2,0,3,2,0,0,0,6203,0.469251863088,0.436643166170,-0.247498124150,0.203718970730,0.522715207277,0.230000000000,538518
public-007,P2,0,4,0,3,3,0,6204,0.075561900434,1.076837240715,-0.163410905216,-0.160000000000,0.566639202936,0.265000000000,538532
public-007,P2,0,5,3,0,3,1,6205,-0.087724587502,0.909553638650,0.070915546366,-0.103551996776,0.336546726795,0.230000000000,538629
public-007,P2,0,6,0,2,2,0,6206,-0.466146967421,0.904518445517,0.240042571663,-0.160000000000,0.611052536438,0.230000000000,538558
public-007,P2,0,7,2,1,1,0,6207,-0.351369673659,0.581323418369,0.188475563586,0.203718970730,0.486096956101,0.265000000000,538566
public-007,P2,1,0,1,0,3,0,6210,0.059254522114,1.206761942051,0.350000000000,0.176588393923,0.512823642697,0.195000000000,538641
public-007,P2,1,1,0,1,3,1,6211,0.511612610021,1.187323102176,0.235075576467,-0.160000000000,0.293749553740,0.160000000000,538518
public-007,P2,1,2,1,3,1,0,6212,0.441912255875,0.808817409478,-0.004036709137,0.176588393923,0.453157569371,0.265000000000,538533
public-007,P2,1,3,3,2,1,0,6213,0.636285517677,0.736905536461,-0.147498124150,-0.103551996776,0.443171588778,0.195000000000,538566
public-007,P2,1,4,2,3,1,1,6214,0.215533819476,0.887903815110,-0.063410905216,0.203718970730,0.342121782905,0.160000000000,538566
public-007,P2,1,5,3,1,3,0,6215,0.253543419676,1.082587451084,0.170915546366,-0.103551996776,0.387760359133,0.265000000000,538634
public-007,P2,1,6,1,0,3,0,6216,-0.254557134895,1.171547133535,0.340042571663,0.176588393923,0.518066280893,0.195000000000,538524
public-007,P2,1,7,0,1,3,1,6217,-0.159043402403,1.252613494365,0.288475563586,-0.160000000000,0.293492501797,0.160000000000,538524
public-007,P2,2,0,2,3,0,0,6220,0.518908480594,0.752435317914,0.450000000000,0.203718970730,0.420778373495,0.160000000000,538524
public-007,P2,2,1,3,1,2,1,6221,0.188955517943,1.134757510618,0.335075576467,-0.103551996776,0.486522698381,0.265000000000,538636
public-007,P2,2,2,1,0,1,1,6222,0.547554418911,1.008293408896,0.095963290863,0.176588393923,0.273604570186,0.160000000000,538566
public-007,P2,2,3,0,1,2,0,6223,0.192656495556,1.017966869808,-0.047498124150,-0.160000000000,0.363627970280,0.160000000000,538626
public-007,P2,2,4,1,3,0,1,6224,0.116016976779,0.798594110276,0.036589094784,0.176588393923,0.364936284304,0.265000000000,538566
public-007,P2,2,5,3,2,3,1,6225,0.144265165069,1.213657384090,0.270915546366,-0.103551996776,0.234119462118,0.160000000000,538524
public-007,P2,2,6,2,3,0,0,6226,-0.242569794935,0.714464828418,0.440042571663,0.203718970730,0.425080025348,0.160000000000,538566
public-007,P2,2,7,3,1,2,1,6227,-0.171587844021,1.152046965919,0.388475563586,-0.103551996776,0.486096956101,0.265000000000,538524
public-007,P2,3,0,3,1,1,0,6230,0.086000602289,1.002640140067,0.550000000000,-0.103551996776,0.696914181101,0.265000000000,538625
public-007,P2,3,1,1,0,0,0,6231,0.163908522749,0.712206602553,0.435075576467,0.176588393923,0.189185411285,0.160000000000,538566
public-007,P2,3,2,0,1,0,1,6232,0.597997646638,0.958687090812,0.195963290863,-0.160000000000,0.453157569371,0.265000000000,538630
public-007,P2,3,3,1,3,3,0,6233,0.227650094676,1.253994201769,0.052501875850,0.176588393923,0.602258825776,0.265000000000,538567
public-007,P2,3,4,3,2,2,0,6234,0.063398262776,1.199178940965,0.136589094784,-0.103551996776,0.342121782905,0.160000000000,538529
public-007,P2,3,5,2,3,2,1,6235,-0.210199744872,1.315248980302,0.370915546366,0.203718970730,0.387760359133,0.265000000000,538636
public-007,P2,3,6,3,1,1,0,6236,-0.011644966072,0.994055875799,0.540042571663,-0.103551996776,0.704038791983,0.265000000000,538630
public-007,P2,3,7,1,0,0,0,6237,-0.305955243678,0.727342656915,0.488475563586,0.176588393923,0.189019860472,0.160000000000,538524
public-007,P3,0,0,1,0,0,1,6300,0.208233744653,0.460267029849,0.250000000000,0.096588393923,0.768677896559,0.195000000000,538524
public-007,P3,0,1,0,1,0,0,6301,0.455430340790,0.574878725699,0.135075576467,-0.240000000000,0.333381656642,0.160000000000,538634
public-007,P3,0,2,1,3,2,1,6302,0.745149877434,0.958040899939,-0.104036709137,0.096588393923,0.608129296279,0.265000000000,538566
public-007,P3,0,3,3,2,2,1,6303,0.229548476068,0.801253863781,-0.247498124150,-0.183551996776,0.798399110906,0.195000000000,538625
public-007,P3,0,4,2,3,2,0,6304,0.144108253844,0.772056584109,-0.163410905216,0.123718970730,0.496006965138,0.160000000000,538625
public-007,P3,0,5,3,1,0,1,6305,0.344215713668,0.472858396109,0.070915546366,-0.183551996776,0.619101636008,0.265000000000,538566
public-007,P3,0,6,1,0,0,1,6306,-0.550040731234,0.377440959636,0.240042571663,0.096588393923,0.813975091920,0.195000000000,538630
public-007,P3,0,7,0,1,0,0,6307,-0.462510467274,0.491109093294,0.188475563586,-0.240000000000,0.305958580537,0.160000000000,538567
public-007,P3,1,0,2,3,1,1,6310,0.457949562934,0.860994389928,0.350000000000,0.123718970730,0.630710068972,0.160000000000,538524
public-007,P3,1,1,3,1,3,0,6311,0.516530554460,1.131384014385,0.235075576467,-0.183551996776,0.857348048554,0.265000000000,538566
public-007,P3,1,2,1,0,2,0,6312,0.490539576929,0.981430062815,-0.004036709137,0.096588393923,0.367172405300,0.160000000000,538566
public-007,P3,1,3,0,1,3,1,6313,0.489463025001,1.279551472862,-0.147498124150,-0.240000000000,0.655096706385,0.160000000000,538524
public-007,P3,1,4,1,3,1,0,6314,0.349334105677,0.698370054081,-0.063410905216,0.096588393923,0.821511536009,0.265000000000,538636
public-007,P3,1,5,3,2,0,0,6315,-0.090680228142,0.582973903761,0.170915546366,-0.183551996776,0.373797214194,0.160000000000,538524
public-007,P3,1,6,2,3,1,1,6316,-0.319416239212,0.908768558154,0.340042571663,0.123718970730,0.667876998498,0.160000000000,538566
public-007,P3,1,7,3,1,3,0,6317,-0.621642298103,1.095975556085,0.288475563586,-0.183551996776,0.786824909935,0.265000000000,538524
public-007,P3,2,0,3,1,2,1,6320,0.182461817034,1.081164317913,0.450000000000,-0.183551996776,1.044613551735,0.265000000000,538566
public-007,P3,2,1,1,0,1,1,6321,0.393569594782,0.956676099160,0.335075576467,0.096588393923,0.517644104787,0.160000000000,538639
public-007,P3,2,2,0,1,1,0,6322,0.395518545612,0.908246475207,0.095963290863,-0.240000000000,0.608129296279,0.265000000000,538524
public-007,P3,2,3,1,3,0,1,6323,-0.102147106659,0.760149724212,-0.047498124150,0.096588393923,1.085003919949,0.265000000000,538635
public-007,P3,2,4,3,2,3,1,6324,-0.040510174193,1.225658716583,0.036589094784,-0.183551996776,0.496006965138,0.160000000000,538524
public-007,P3,2,5,2,3,3,0,6325,0.312802608619,1.180549814621,0.270915546366,0.123718970730,0.619101636008,0.265000000000,538524
public-007,P3,2,6,3,1,2,1,6326,-0.440834569665,1.218718307777,0.440042571663,-0.183551996776,1.106171278763,0.265000000000,538566
public-007,P3,2,7,1,0,1,1,6327,-0.193091178624,0.951994726429,0.388475563586,0.096588393923,0.475064096565,0.160000000000,538566
public-007,P3,3,0,0,3,3,1,6330,0.168903696579,1.402614367778,0.550000000000,-0.240000000000,0.906645724147,0.230000000000,538566
public-007,P3,3,1,3,0,3,0,6331,0.199054546808,1.340150910492,0.435075576467,-0.183551996776,0.630878752710,0.195000000000,538566
public-007,P3,3,2,0,2,1,1,6332,0.749994735091,1.123249567414,0.195963290863,-0.240000000000,0.367172405300,0.160000000000,538524
public-007,P3,3,3,2,1,1,1,6333,0.306514847473,0.955059658332,0.052501875850,0.123718970730,0.941701515428,0.230000000000,538566
public-007,P3,3,4,1,2,1,0,6334,-0.094575197340,1.056536443969,0.136589094784,0.096588393923,0.604508488761,0.195000000000,538566
public-007,P3,3,5,2,0,3,1,6335,0.506527143326,1.430335602765,0.370915546366,0.123718970730,0.373797214194,0.160000000000,538635
public-007,P3,3,6,0,3,3,1,6336,-0.133417587847,1.417673105658,0.540042571663,-0.240000000000,0.960073185341,0.230000000000,538524
public-007,P3,3,7,3,0,3,0,6337,-0.778567166467,1.510345080946,0.488475563586,-0.183551996776,0.578984367688,0.195000000000,538636
public-008,P0,0,0,3,2,3,0,7000,0.421612175514,1.122105722445,0.250000000000,0.056448003224,0.248943999273,0.230000000000,538566
public-008,P0,0,1,2,3,3,1,7001,0.827792863067,0.989427304002,0.135075576467,0.363718970730,0.161736592128,0.195000000000,538634
public-008,P0,0,2,3,1,1,0,7002,0.637283016062,0.641666800712,-0.104036709137,0.056448003224,0.098657289902,0.160000000000,538593
public-008,P0,0,3,1,0,1,0,7003,0.404550625895,0.718046701244,-0.247498124150,0.336588393923,0.212316926014,0.230000000000,538634
public-008,P0,0,4,0,1,1,1,7004,0.467282420870,0.663762376100,-0.163410905216,0.000000000000,0.149915788302,0.195000000000,538566
public-008,P0,0,5,1,3,3,0,7005,0.337120768835,1.037430411895,0.070915546366,0.336588393923,0.106568415523,0.160000000000,538638
public-008,P0,0,6,3,2,3,0,7006,0.221392592102,1.108712469939,0.240042571663,0.056448003224,0.248968877173,0.230000000000,538524
public-008,P0,0,7,2,3,3,1,7007,0.330919496702,0.976662687717,0.188475563586,0.363718970730,0.164847793705,0.195000000000,538566
public-008,P0,1,0,0,1,0,0,7010,0.456529462560,0.695032167155,0.350000000000,0.000000000000,0.211061216775,0.195000000000,538566
public-008,P0,1,1,1,3,2,1,7011,0.884120575359,0.979715866551,0.235075576467,0.336588393923,0.132706947387,0.160000000000,538626
public-008,P0,1,2,3,2,1,1,7012,0.889718903894,0.873983498697,-0.004036709137,0.056448003224,0.120238572068,0.195000000000,538520
public-008,P0,1,3,2,3,2,0,7013,0.579241849929,0.976197872411,-0.147498124150,0.363718970730,0.180007828577,0.195000000000,538566
public-008,P0,1,4,3,1,0,1,7014,0.837429398312,0.550338944483,-0.063410905216,0.056448003224,0.079221520215,0.160000000000,538566
public-008,P0,1,5,1,0,3,1,7015,0.192266129862,1.086839068373,0.170915546366,0.336588393923,0.129880256419,0.195000000000,538524
public-008,P0,1,6,0,1,0,0,7016,0.059031637134,0.540353581459,0.340042571663,0.000000000000,0.211082308907,0.195000000000,538524
public-008,P0,1,7,1,3,2,1,7017,-0.092196911379,1.061641028722,0.288475563586,0.336588393923,0.135259728168,0.160000000000,538518
public-008,P0,2,0,1,3,1,0,7020,0.454518996250,1.024478899477,0.450000000000,0.336588393923,0.173178434277,0.160000000000,538566
public-008,P0,2,1,3,2,0,0,7021,0.755394149500,0.610475747418,0.335075576467,0.056448003224,0.104164255952,0.195000000000,538629
public-008,P0,2,2,2,3,0,1,7022,0.901064461786,0.651348325620,0.095963290863,0.363718970730,0.098657289902,0.160000000000,538566
public-008,P0,2,3,3,1,3,0,7023,0.364919601305,1.336119830422,-0.047498124150,0.056448003224,0.147698731140,0.160000000000,538525
public-008,P0,2,4,1,0,2,0,7024,0.616183674747,1.022941473188,0.036589094784,0.336588393923,0.149915788302,0.195000000000,538641
public-008,P0,2,5,0,1,2,1,7025,0.184557401077,1.080820514846,0.270915546366,0.000000000000,0.106568415523,0.160000000000,538518
public-008,P0,2,6,1,3,1,0,7026,-0.035198756363,1.044639715066,0.440042571663,0.336588393923,0.173195740642,0.160000000000,538533
public-008,P0,2,7,3,2,0,0,7027,-0.037373275493,0.711166267554,0.388475563586,0.056448003224,0.106167983081,0.195000000000,538566
public-008,P0,3,0,2,1,2,0,7030,0.952245513614,1.344391210875,0.550000000000,0.363718970730,0.286826781771,0.265000000000,538524
public-008,P0,3,1,1,2,2,1,7031,1.126613042733,1.333735696038,0.435075576467,0.336588393923,0.190766236869,0.230000000000,538566
public-008,P0,3,2,2,0,0,0,7032,0.481809550541,0.845203401197,0.195963290863,0.363718970730,0.120238572068,0.195000000000,538630
public-008,P0,3,3,0,3,0,0,7033,0.428517315185,0.915854167895,0.052501875850,0.000000000000,0.244626023451,0.265000000000,538566
public-008,P0,3,4,3,0,0,1,7034,0.678987578412,0.826102735061,0.136589094784,0.056448003224,0.113880935309,0.230000000000,538524
public-008,P0,3,5,0,2,2,0,7035,0.073049956347,1.160001140193,0.370915546366,0.000000000000,0.129880256419,0.195000000000,538636
public-008,P0,3,6,2,1,2,0,7036,0.027735769169,1.312584646560,0.540042571663,0.363718970730,0.286855445438,0.265000000000,538566
public-008,P0,3,7,1,2,2,1,7037,-0.008502621223,1.160576625745,0.488475563586,0.336588393923,0.194435859242,0.230000000000,538626
public-008,P1,0,0,0,1,1,1,7100,0.937881338347,0.582213287911,0.250000000000,-0.080000000000,0.298857626140,0.195000000000,538566
public-008,P1,0,1,1,3,3,0,7101,0.822080060868,0.958614750949,0.135075576467,0.256588393923,0.189633798391,0.160000000000,538566
public-008,P1,0,2,3,2,2,0,7102,0.434802509621,0.947125605168,-0.104036709137,-0.023551996776,0.211883199824,0.195000000000,538634
public-008,P1,0,3,2,3,3,1,7103,0.725992884699,0.998518713638,-0.247498124150,0.283718970730,0.305604399611,0.195000000000,538524
public-008,P1,0,4,3,1,1,0,7104,-0.102856026947,0.750255565412,-0.163410905216,-0.023551996776,0.187302984991,0.160000000000,538524
public-008,P1,0,5,1,0,0,0,7105,-0.108940614982,0.351130569646,0.070915546366,0.256588393923,0.209349317967,0.195000000000,538566
public-008,P1,0,6,0,1,1,1,7106,0.401891371348,0.718724860692,0.240042571663,-0.080000000000,0.312521110854,0.195000000000,538630
public-008,P1,0,7,1,3,3,0,7107,-0.286732831678,1.160923172832,0.188475563586,0.256588393923,0.186071551515,0.160000000000,538566
public-008,P1,1,0,1,3,2,1,7110,0.709269794706,1.001916481716,0.350000000000,0.256588393923,0.245216513756,0.160000000000,538626
public-008,P1,1,1,3,2,1,1,7111,0.243097692004,0.763012689358,0.235075576467,-0.023551996776,0.231116191789,0.195000000000,538566
public-008,P1,1,2,2,3,1,0,7112,0.714875105304,0.753636764597,-0.004036709137,0.283718970730,0.173852881907,0.160000000000,538524
public-008,P1,1,3,3,1,0,1,7113,0.491736338511,0.628583219937,-0.147498124150,-0.023551996776,0.250752327886,0.160000000000,538566
public-008,P1,1,4,1,0,3,1,7114,0.055012979217,1.100084680774,-0.063410905216,0.256588393923,0.228275512958,0.195000000000,538524
public-008,P1,1,5,0,1,3,0,7115,0.081674101487,1.272661545364,0.170915546366,-0.080000000000,0.171773799358,0.160000000000,538634
public-008,P1,1,6,1,3,2,1,7116,-0.150859165362,1.050375098364,0.340042571663,0.256588393923,0.256427578137,0.160000000000,538566
public-008,P1,1,7,3,2,1,1,7117,-0.610389721054,0.684872767314,0.288475563586,-0.023551996776,0.226774703409,0.195000000000,538625
public-008,P1,2,0,2,1,3,1,7120,0.666515244173,1.151978603776,0.450000000000,0.283718970730,0.406139850908,0.265000000000,538567
public-008,P1,2,1,1,2,3,0,7121,0.773649249555,1.225504655963,0.335075576467,0.256588393923,0.272598585188,0.230000000000,538529
public-008,P1,2,2,2,0,1,1,7122,0.335180834247,0.809474850315,0.095963290863,0.283718970730,0.211883199824,0.195000000000,538636
public-008,P1,2,3,0,3,1,1,7123,0.869569611091,0.846274075396,-0.047498124150,-0.080000000000,0.415308543061,0.265000000000,538630
public-008,P1,2,4,3,0,1,0,7124,0.287805580347,1.049720561054,0.036589094784,-0.023551996776,0.269248040924,0.230000000000,538524
public-008,P1,2,5,0,2,3,1,7125,0.284284398209,1.192449740829,0.270915546366,-0.080000000000,0.209349317967,0.195000000000,538566
public-008,P1,2,6,2,1,3,1,7126,0.229080663715,1.144147931799,0.440042571663,0.283718970730,0.424708176289,0.265000000000,538566
public-008,P1,2,7,1,2,3,0,7127,-0.119056441225,1.224473379642,0.388475563586,0.256588393923,0.267477855303,0.230000000000,538524
public-008,P1,3,0,3,0,0,1,7130,0.721866450957,0.830900055800,0.550000000000,-0.023551996776,0.352498738524,0.230000000000,538524
public-008,P1,3,1,0,2,2,0,7131,0.377288965565,1.220969222940,0.435075576467,-0.080000000000,0.231116191789,0.195000000000,538525
public-008,P1,3,2,2,1,1,0,7132,0.222329522557,1.115507355102,0.195963290863,0.283718970730,0.249913517742,0.230000000000,538634
public-008,P1,3,3,1,2,2,1,7133,0.643686852843,1.337132455074,0.052501875850,0.256588393923,0.360456471336,0.230000000000,538566
public-008,P1,3,4,2,0,0,0,7134,-0.005442474403,0.764124187927,0.136589094784,0.283718970730,0.147017744386,0.195000000000,538566
public-008,P1,3,5,0,3,3,0,7135,0.342241331321,1.275093890510,0.370915546366,-0.080000000000,0.246924836577,0.230000000000,538639
public-008,P1,3,6,3,0,0,1,7136,0.237299493093,0.749704635674,0.540042571663,-0.023551996776,0.368614643572,0.230000000000,538524
public-008,P1,3,7,0,2,2,0,7137,-0.469602901533,1.349755152172,0.488475563586,-0.080000000000,0.226774703409,0.195000000000,538635
public-008,P2,0,0,1,3,3,0,7200,0.530044421901,1.138674936302,0.250000000000,0.176588393923,0.366034483535,0.160000000000,538524
public-008,P2,0,1,3,2,2,0,7201,0.504100503929,0.853506063202,0.135075576467,-0.103551996776,0.415511226355,0.195000000000,538636
public-008,P2,0,2,2,3,2,1,7202,0.640775330899,0.717190442146,-0.104036709137,0.203718970730,0.234189656585,0.160000000000,538524
public-008,P2,0,3,3,1,1,0,7203,0.062464820507,0.684069832176,-0.247498124150,-0.103551996776,0.426309992705,0.160000000000,538566
public-008,P2,0,4,1,0,0,0,7204,0.080906595584,0.460772024761,-0.163410905216,0.176588393923,0.228985171982,0.195000000000,538524
public-008,P2,0,5,0,1,0,1,7205,0.163194521515,0.584347616045,0.070915546366,-0.160000000000,0.273767018199,0.160000000000,538525
public-008,P2,0,6,1,3,3,0,7206,-0.202414421440,1.138801023825,0.240042571663,0.176588393923,0.365714177091,0.160000000000,538634
public-008,P2,0,7,3,2,2,0,7207,-0.182120038964,0.968630895748,0.188475563586,-0.103551996776,0.412019978849,0.195000000000,538566
public-008,P2,1,0,2,1,0,0,7210,0.487541382781,0.534789417321,0.350000000000,0.203718970730,0.606244613356,0.265000000000,538635
public-008,P2,1,1,1,2,0,1,7211,0.205432111472,0.672356941274,0.235075576467,0.176588393923,0.315635915500,0.230000000000,538524
public-008,P2,1,2,2,0,2,0,7212,0.237435783024,1.044754091154,-0.004036709137,0.203718970730,0.285418643963,0.195000000000,538524
public-008,P2,1,3,0,3,2,0,7213,0.269591096988,0.964777386206,-0.147498124150,-0.160000000000,0.706075925417,0.265000000000,538566
public-008,P2,1,4,3,0,2,1,7214,-0.074544144286,1.032104377817,-0.063410905216,-0.103551996776,0.419363045014,0.230000000000,538566
public-008,P2,1,5,0,2,0,0,7215,-0.289124044597,0.492126612754,0.170915546366,-0.160000000000,0.333653553430,0.195000000000,538524
public-008,P2,1,6,2,1,0,0,7216,-0.541154222060,0.584265372945,0.340042571663,0.203718970730,0.605714105806,0.265000000000,538633
public-008,P2,1,7,1,2,0,1,7217,-0.605918070739,0.645187524807,0.288475563586,0.176588393923,0.312983849725,0.230000000000,538524
public-008,P2,2,0,3,0,1,0,7220,0.611355412426,0.868854815754,0.450000000000,-0.103551996776,0.526174570082,0.230000000000,538566
public-008,P2,2,1,0,2,3,1,7221,0.384704124527,1.401652543089,0.335075576467,-0.160000000000,0.415511226355,0.195000000000,538566
public-008,P2,2,2,2,1,2,1,7222,0.246307489200,1.162483455758,0.095963290863,0.203718970730,0.336647631340,0.230000000000,538635
public-008,P2,2,3,1,2,3,0,7223,-0.031119497153,1.283336204824,-0.047498124150,0.176588393923,0.612820614513,0.230000000000,538524
public-008,P2,2,4,2,0,1,1,7224,0.136097564359,1.037913536934,0.036589094784,0.203718970730,0.355546929469,0.195000000000,538636
public-008,P2,2,5,0,3,0,1,7225,0.206309213502,0.861090515186,0.270915546366,-0.160000000000,0.393540088662,0.230000000000,538566
public-008,P2,2,6,3,0,1,0,7226,-0.221563716018,1.028105275967,0.440042571663,-0.103551996776,0.525714129568,0.230000000000,538533
public-008,P2,2,7,0,2,3,1,7227,-0.322673802618,1.142730945937,0.388475563586,-0.160000000000,0.412019978849,0.195000000000,538524
public-008,P2,3,0,0,2,2,0,7230,0.083527867620,1.294574985667,0.550000000000,-0.160000000000,0.446104526809,0.195000000000,538635
public-008,P2,3,1,2,1,1,0,7231,0.661443187247,1.163040203488,0.435075576467,0.203718970730,0.490090164419,0.230000000000,538566
public-008,P2,3,2,1,2,1,1,7232,0.247912043257,0.925904590802,0.195963290863,0.176588393923,0.285418643963,0.195000000000,538630
public-008,P2,3,3,2,0,0,0,7233,0.468260069510,0.873139553598,0.052501875850,0.203718970730,0.519565303609,0.195000000000,538597
public-008,P2,3,4,0,3,3,0,7234,0.300638696125,1.355273203785,0.136589094784,-0.160000000000,0.419363045014,0.230000000000,538566
public-008,P2,3,5,3,0,3,1,7235,-0.077339990904,1.307903097244,0.370915546366,-0.103551996776,0.333653553430,0.195000000000,538625
public-008,P2,3,6,0,2,2,0,7236,-0.081957513439,1.219579808326,0.540042571663,-0.160000000000,0.445714153329,0.195000000000,538566
public-008,P2,3,7,2,1,1,0,7237,-0.373259541679,0.914454142531,0.488475563586,0.203718970730,0.485972282745,0.230000000000,538558
public-008,P3,0,0,2,1,1,1,7300,0.506741339701,0.741447895557,0.250000000000,0.123718970730,1.068321453318,0.265000000000,538524
public-008,P3,0,1,1,2,1,0,7301,0.558969710018,0.668824470507,0.135075576467,0.096588393923,0.657692173640,0.230000000000,538567
public-008,P3,0,2,2,0,3,1,7302,0.273653325526,0.979873254636,-0.104036709137,0.123718970730,0.514198105984,0.195000000000,538524
public-008,P3,0,3,0,3,3,1,7303,-0.164022121617,1.020391634756,-0.247498124150,-0.240000000000,1.023666408930,0.265000000000,538524
public-008,P3,0,4,3,0,3,0,7304,-0.227071254887,1.045449121167,-0.163410905216,-0.183551996776,0.669558765187,0.230000000000,538635
public-008,P3,0,5,0,2,1,1,7305,0.229866627714,0.641129100193,0.070915546366,-0.240000000000,0.524229605051,0.195000000000,538566
public-008,P3,0,6,2,1,1,1,7306,-0.635455457392,0.782781672029,0.240042571663,0.123718970730,0.980444211317,0.265000000000,538630
public-008,P3,0,7,1,2,1,0,7307,-0.765636483998,0.591025708461,0.188475563586,0.096588393923,0.694848932921,0.230000000000,538597
public-008,P3,1,0,3,0,2,1,7310,0.218804018272,0.882509512934,0.350000000000,-0.183551996776,0.927222393446,0.230000000000,538558
public-008,P3,1,1,0,2,0,0,7311,0.316775940637,0.493793439149,0.235075576467,-0.240000000000,0.359120235516,0.195000000000,538627
public-008,P3,1,2,2,1,3,0,7312,0.735578107417,1.202075906203,-0.004036709137,0.123718970730,0.606490073725,0.230000000000,538566
public-008,P3,1,3,1,2,0,1,7313,0.321232106246,0.495029737843,-0.147498124150,0.096588393923,0.888465185109,0.230000000000,538566
public-008,P3,1,4,2,0,2,0,7314,-0.341480694302,0.989807505896,-0.063410905216,0.123718970730,0.567669387876,0.195000000000,538524
public-008,P3,1,5,0,3,1,0,7315,-0.179355230872,0.780692639209,0.170915546366,-0.240000000000,0.618322098265,0.230000000000,538524
public-008,P3,1,6,3,0,2,1,7316,-0.361743848091,0.939783754668,0.340042571663,-0.183551996776,0.850951579633,0.230000000000,538566
public-008,P3,1,7,0,2,0,0,7317,-0.270504468423,0.527822267763,0.288475563586,-0.240000000000,0.379408973438,0.195000000000,538521
public-008,P3,2,0,0,2,3,1,7320,0.431091101891,1.154432370085,0.450000000000,-0.240000000000,0.786123333574,0.195000000000,538522
public-008,P3,2,1,2,1,2,1,7321,0.354988120074,1.076349244261,0.335075576467,0.123718970730,0.657692173640,0.230000000000,538524
public-008,P3,2,2,1,2,2,0,7322,0.220069773932,1.118366798487,0.095963290863,0.096588393923,0.514198105984,0.195000000000,538524
public-008,P3,2,3,2,0,1,1,7323,0.187205407586,0.771001850265,-0.047498124150,0.123718970730,0.753263961288,0.195000000000,538593
public-008,P3,2,4,0,3,0,1,7324,0.269572623388,0.815153993183,0.036589094784,-0.240000000000,0.431220230836,0.230000000000,538524
public-008,P3,2,5,3,0,0,0,7325,0.105241833991,0.794443300166,0.270915546366,-0.183551996776,0.524229605051,0.195000000000,538529
public-008,P3,2,6,0,2,3,1,7326,-0.389195364452,1.196492255796,0.440042571663,-0.240000000000,0.721458947950,0.195000000000,538521
public-008,P3,2,7,2,1,2,1,7327,-0.869992377163,0.969722909898,0.388475563586,0.123718970730,0.694848932921,0.230000000000,538524
public-008,P3,3,0,1,0,0,1,7330,0.438780551907,0.926463170992,0.550000000000,0.096588393923,0.645024273701,0.160000000000,538518
public-008,P3,3,1,0,1,0,0,7331,0.245126417954,0.899964863524,0.435075576467,-0.240000000000,0.488035191855,0.265000000000,538630
public-008,P3,3,2,1,3,2,1,7332,0.619000071996,1.154874503766,0.195963290863,0.096588393923,0.606490073725,0.230000000000,538524
public-008,P3,3,3,3,2,2,1,7333,-0.091919122422,1.091526291695,0.052501875850,-0.183551996776,0.618062737467,0.160000000000,538541
public-008,P3,3,4,2,3,2,0,7334,-0.248433793003,1.235416251312,0.136589094784,0.123718970730,0.771448142498,0.265000000000,538636
public-008,P3,3,5,3,1,0,1,7335,0.043535044216,0.727656565801,0.370915546366,-0.183551996776,0.618322098265,0.230000000000,538626
public-008,P3,3,6,1,0,0,1,7336,-0.524550541111,0.889568939755,0.540042571663,0.096588393923,0.591966316267,0.160000000000,538629
public-008,P3,3,7,0,1,0,0,7337,-0.511913500104,0.988422944164,0.488475563586,-0.240000000000,0.515607066467,0.265000000000,538521
public-009,P0,0,0,0,3,0,0,8000,0.566604970867,0.562470386442,0.250000000000,0.000000000000,0.165363039126,0.160000000000,538566
public-009,P0,0,1,3,0,0,1,8001,1.142564923892,0.474458778752,0.135075576467,0.056448003224,0.131132483570,0.265000000000,538524
public-009,P0,0,2,0,2,2,0,8002,0.406456183259,0.878626196356,-0.104036709137,0.000000000000,0.136739833165,0.230000000000,538634
public-009,P0,0,3,2,1,2,0,8003,0.414956295215,0.857125895171,-0.247498124150,0.363718970730,0.153277190031,0.160000000000,538566
public-009,P0,0,4,1,2,2,1,8004,0.812904953986,0.946920890005,-0.163410905216,0.336588393923,0.219937450261,0.265000000000,538625
public-009,P0,0,5,2,0,0,0,8005,0.107012781862,0.548265376592,0.070915546366,0.363718970730,0.160345024615,0.230000000000,538625
public-009,P0,0,6,0,3,0,0,8006,-0.105997690579,0.353214468903,0.240042571663,0.000000000000,0.168543999856,0.160000000000,538566
public-009,P0,0,7,3,0,0,1,8007,-0.236765723281,0.582574741687,0.188475563586,0.056448003224,0.133847027316,0.265000000000,538630
public-009,P0,1,0,1,2,1,0,8010,0.917374611764,0.885383797657,0.350000000000,0.336588393923,0.273882533553,0.265000000000,538630
public-009,P0,1,1,2,0,3,1,8011,1.175758572180,1.062222195203,0.235075576467,0.363718970730,0.176718420296,0.230000000000,538524
public-009,P0,1,2,0,3,2,1,8012,0.350328484695,0.952187822961,-0.004036709137,0.000000000000,0.157548068647,0.265000000000,538566
public-009,P0,1,3,3,0,3,0,8013,0.589719823896,1.074087997015,-0.147498124150,0.056448003224,0.253865345989,0.265000000000,538566
public-009,P0,1,4,0,2,1,1,8014,0.214438603948,0.761770187119,-0.063410905216,0.000000000000,0.190889107774,0.230000000000,538524
public-009,P0,1,5,2,1,0,1,8015,0.140541936613,0.708179055384,0.170915546366,0.363718970730,0.184745354448,0.265000000000,538636
public-009,P0,1,6,1,2,1,0,8016,-0.130916070659,0.859538440635,0.340042571663,0.336588393923,0.279150999761,0.265000000000,538524
public-009,P0,1,7,2,0,3,1,8017,-0.334049633012,1.264344455256,0.288475563586,0.363718970730,0.180376628162,0.230000000000,538566
public-009,P0,2,0,2,0,2,0,8020,0.677223014423,1.050465259849,0.450000000000,0.363718970730,0.237709368744,0.230000000000,538566
public-009,P0,2,1,0,3,1,0,8021,0.935414956907,0.802839569652,0.335075576467,0.000000000000,0.203610353820,0.265000000000,538566
public-009,P0,2,2,3,0,1,1,8022,0.389171386037,0.943403329215,0.095963290863,0.056448003224,0.136739833165,0.230000000000,538639
public-009,P0,2,3,0,2,0,0,8023,0.369174274860,0.597394994323,-0.047498124150,0.000000000000,0.220335960670,0.230000000000,538524
public-009,P0,2,4,2,1,3,0,8024,0.401950617183,1.218792306719,0.036589094784,0.363718970730,0.219937450261,0.265000000000,538635
public-009,P0,2,5,1,2,3,1,8025,0.088115198888,1.325309369869,0.270915546366,0.336588393923,0.160345024615,0.230000000000,538524
public-009,P0,2,6,2,0,2,0,8026,0.147546449765,1.104828606430,0.440042571663,0.363718970730,0.242281999793,0.230000000000,538524
public-009,P0,2,7,0,3,1,0,8027,-0.011075199143,0.812383509607,0.388475563586,0.000000000000,0.207825245490,0.265000000000,538566
public-009,P0,3,0,3,2,3,0,8030,0.450661322185,1.258034454681,0.550000000000,0.056448003224,0.201536203935,0.195000000000,538524
public-009,P0,3,1,2,3,3,1,8031,0.873706333195,1.348804117165,0.435075576467,0.363718970730,0.122934553250,0.160000000000,538566
public-009,P0,3,2,3,1,1,0,8032,0.658162271876,1.134581812415,0.195963290863,0.056448003224,0.157548068647,0.265000000000,538566
public-009,P0,3,3,1,0,1,0,8033,0.632860025991,0.926812013145,0.052501875850,0.336588393923,0.186806575350,0.195000000000,538524
public-009,P0,3,4,0,1,1,1,8034,0.429761796434,1.060874749149,0.136589094784,0.000000000000,0.132792422799,0.160000000000,538566
public-009,P0,3,5,1,3,3,0,8035,0.187197759893,1.275248160817,0.370915546366,0.336588393923,0.184745354448,0.265000000000,538566
public-009,P0,3,6,3,2,3,0,8036,-0.214131441654,1.509154433069,0.540042571663,0.056448003224,0.205412999824,0.195000000000,538635
public-009,P0,3,7,2,3,3,1,8037,-0.047504646871,1.331304345772,0.488475563586,0.363718970730,0.125479393504,0.160000000000,538524
public-009,P1,0,0,1,2,2,1,8100,0.729562367495,0.779028253217,0.250000000000,0.256588393923,0.391368998936,0.265000000000,538566
public-009,P1,0,1,2,0,0,0,8101,0.465275465143,0.459157810283,0.135075576467,0.283718970730,0.200560295853,0.230000000000,538566
public-009,P1,0,2,0,3,3,0,8102,0.102107670650,0.985223085935,-0.104036709137,-0.080000000000,0.267473827718,0.265000000000,538524
public-009,P1,0,3,3,0,0,1,8103,0.488319837589,0.592528625779,-0.247498124150,-0.023551996776,0.386558632245,0.265000000000,538633
public-009,P1,0,4,0,2,2,0,8104,-0.193471884445,0.870560426556,-0.163410905216,-0.080000000000,0.307687293063,0.230000000000,538524
public-009,P1,0,5,2,1,1,0,8105,-0.324199934583,0.645960573378,0.070915546366,0.283718970730,0.273527533862,0.265000000000,538566
public-009,P1,0,6,1,2,2,1,8106,0.002218206549,0.892217956397,0.240042571663,0.256588393923,0.384017181877,0.265000000000,538566
public-009,P1,0,7,2,0,0,0,8107,-0.169116754145,0.466437604646,0.188475563586,0.283718970730,0.194842870888,0.230000000000,538524
public-009,P1,1,0,2,0,3,1,8110,0.849264893415,1.116886728529,0.350000000000,0.283718970730,0.339678753793,0.230000000000,538524
public-009,P1,1,1,0,3,2,1,8111,0.559716091506,0.837795637556,0.235075576467,-0.080000000000,0.358800113331,0.265000000000,538636
public-009,P1,1,2,3,0,2,0,8112,0.600624800169,1.099414937210,-0.004036709137,-0.023551996776,0.232147095755,0.230000000000,538566
public-009,P1,1,3,0,2,1,1,8113,0.503535597833,0.744170969201,-0.147498124150,-0.080000000000,0.335503718552,0.230000000000,538533
public-009,P1,1,4,2,1,0,1,8114,0.025628859143,0.470720637678,-0.063410905216,0.283718970730,0.228316883064,0.265000000000,538524
public-009,P1,1,5,1,2,0,0,8115,-0.188647902695,0.578466655929,0.170915546366,0.256588393923,0.237401255805,0.230000000000,538567
public-009,P1,1,6,2,0,3,1,8116,0.194580429359,1.152020910042,0.340042571663,0.283718970730,0.333297931441,0.230000000000,538524
public-009,P1,1,7,0,3,2,1,8117,-0.696993412768,0.934694873134,0.288475563586,-0.080000000000,0.348571704380,0.265000000000,538524
public-009,P1,2,0,3,2,0,1,8120,0.614560509337,0.666717532348,0.450000000000,-0.023551996776,0.287988508651,0.195000000000,538597
public-009,P1,2,1,2,3,0,0,8121,0.598302751955,0.641092509309,0.335075576467,0.283718970730,0.139520205810,0.160000000000,538566
public-009,P1,2,2,3,1,2,1,8122,0.606898452056,1.173226728704,0.095963290863,-0.023551996776,0.267473827718,0.265000000000,538625
public-009,P1,2,3,1,0,2,1,8123,0.401650827589,1.028053604237,-0.047498124150,0.256588393923,0.284448804859,0.195000000000,538566
public-009,P1,2,4,0,1,2,0,8124,0.231767582603,1.075961826979,0.036589094784,-0.080000000000,0.214043334305,0.160000000000,538558
public-009,P1,2,5,1,3,0,1,8125,0.095516266836,0.727694125066,0.270915546366,0.256588393923,0.273527533862,0.265000000000,538627
public-009,P1,2,6,3,2,0,1,8126,-0.004658461071,0.829467556065,0.440042571663,-0.023551996776,0.282578681004,0.195000000000,538566
public-009,P1,2,7,2,3,0,0,8127,-0.150230945454,0.865656339323,0.388475563586,0.283718970730,0.135542866705,0.160000000000,538566
public-009,P1,3,0,0,1,1,1,8130,1.144649641573,1.027578278156,0.550000000000,-0.080000000000,0.236298263508,0.160000000000,538521
public-009,P1,3,1,1,3,3,0,8131,0.664524953642,1.386625776964,0.435075576467,0.256588393923,0.358800113331,0.265000000000,538566
public-009,P1,3,2,3,2,2,0,8132,0.106760623374,1.132972151954,0.195963290863,-0.023551996776,0.161493631830,0.160000000000,538518
public-009,P1,3,3,2,3,3,1,8133,0.811098237865,1.355533464032,0.052501875850,0.283718970730,0.233393891167,0.160000000000,538625
public-009,P1,3,4,3,1,1,0,8134,0.128391490609,1.090791301781,0.136589094784,-0.023551996776,0.354509272442,0.265000000000,538522
public-009,P1,3,5,1,0,0,0,8135,-0.178594923696,0.989275817586,0.370915546366,0.256588393923,0.165148699690,0.160000000000,538524
public-009,P1,3,6,0,1,1,1,8136,-0.229595881177,1.143687726332,0.540042571663,-0.080000000000,0.231859430567,0.160000000000,538524
public-009,P1,3,7,1,3,3,0,8137,-0.473654423151,1.472087748458,0.488475563586,0.256588393923,0.348571704380,0.265000000000,538593
public-009,P2,0,0,2,0,0,0,8200,0.726551579633,0.382266146936,0.250000000000,0.203718970730,0.610689949772,0.230000000000,538566
public-009,P2,0,1,0,3,3,0,8201,0.624706459170,1.075361754849,0.135075576467,-0.160000000000,0.483324028924,0.265000000000,538524
public-009,P2,0,2,3,0,3,1,8202,0.556615255824,1.044571435850,-0.104036709137,-0.103551996776,0.394678795337,0.230000000000,538524
public-009,P2,0,3,0,2,2,0,8203,0.168272430848,0.719054694634,-0.247498124150,-0.160000000000,0.522558532061,0.230000000000,538566
public-009,P2,0,4,2,1,1,0,8204,-0.223173944957,0.653064524465,-0.163410905216,0.203718970730,0.565004365061,0.265000000000,538521
public-009,P2,0,5,1,2,1,1,8205,-0.412584402705,0.659231757256,0.070915546366,0.176588393923,0.338579046520,0.230000000000,538566
public-009,P2,0,6,2,0,0,0,8206,-0.472526651986,0.568498842022,0.240042571663,0.203718970730,0.605558753239,0.230000000000,538518
public-009,P2,0,7,0,3,3,0,8207,-0.280232118469,1.097846134395,0.188475563586,-0.160000000000,0.491897053173,0.265000000000,538625
public-009,P2,1,0,3,2,1,0,8210,0.463997385245,0.861413053509,0.350000000000,-0.103551996776,0.517758870459,0.195000000000,538593
public-009,P2,1,1,2,3,1,1,8211,0.119830935961,0.702595286284,0.235075576467,0.203718970730,0.291818281614,0.160000000000,538524
public-009,P2,1,2,3,1,3,0,8212,-0.016406409439,1.214457286359,-0.004036709137,-0.103551996776,0.454738612019,0.265000000000,538529
public-009,P2,1,3,1,0,3,0,8213,0.053237395218,1.185917238694,-0.147498124150,0.176588393923,0.443038755443,0.195000000000,538521
public-009,P2,1,4,0,1,3,1,8214,-0.116482775930,1.246315277481,-0.063410905216,-0.160000000000,0.341134710980,0.160000000000,538524
public-009,P2,1,5,1,3,1,0,8215,-0.073129919412,0.861281705824,0.170915546366,0.176588393923,0.390101944903,0.265000000000,538524
public-009,P2,1,6,3,2,1,0,8216,-0.199762733523,0.750600256716,0.340042571663,-0.103551996776,0.513408508181,0.195000000000,538630
public-009,P2,1,7,2,3,1,1,8217,-0.804816097482,0.890006496087,0.288475563586,0.203718970730,0.296994447199,0.160000000000,538630
public-009,P2,2,0,0,1,2,0,8220,0.500067665047,1.084643712792,0.450000000000,-0.160000000000,0.424827791146,0.160000000000,538541
public-009,P2,2,1,1,3,0,1,8221,0.509995199659,0.805079265047,0.335075576467,0.176588393923,0.311278277812,0.265000000000,538636
public-009,P2,2,2,3,2,3,1,8222,0.492769948867,1.311337845735,0.095963290863,-0.103551996776,0.274559161974,0.160000000000,538626
public-009,P2,2,3,2,3,0,0,8223,0.291203134340,0.707018392818,-0.047498124150,0.203718970730,0.363518978825,0.160000000000,538629
public-009,P2,2,4,3,1,2,1,8224,-0.224854026199,1.154928587087,0.036589094784,-0.103551996776,0.565004365061,0.265000000000,538521
public-009,P2,2,5,1,0,1,1,8225,-0.353697050852,0.907494592764,0.270915546366,0.176588393923,0.235533249753,0.160000000000,538567
public-009,P2,2,6,0,1,2,0,8226,-0.224647207476,1.178671630813,0.440042571663,-0.160000000000,0.421258263123,0.160000000000,538566
public-009,P2,2,7,1,3,0,1,8227,-0.416427455317,0.765601236126,0.388475563586,0.176588393923,0.316799617667,0.265000000000,538637
public-009,P2,3,0,1,3,3,0,8230,0.490026959905,1.381319274095,0.550000000000,0.176588393923,0.703621029085,0.265000000000,538627
public-009,P2,3,1,3,2,2,0,8231,0.392540863349,1.149358445559,0.435075576467,-0.103551996776,0.291818281614,0.160000000000,538524
public-009,P2,3,2,2,3,2,1,8232,0.285218555504,1.166300633173,0.195963290863,0.203718970730,0.454738612019,0.265000000000,538566
public-009,P2,3,3,3,1,1,0,8233,0.097976988068,1.006395903391,0.052501875850,-0.103551996776,0.602078308679,0.265000000000,538541
public-009,P2,3,4,1,0,0,0,8234,0.292635456196,0.833389878933,0.136589094784,0.176588393923,0.219703178367,0.160000000000,538524
public-009,P2,3,5,0,1,0,1,8235,-0.422164439846,0.864201588595,0.370915546366,-0.160000000000,0.390101944903,0.265000000000,538566
public-009,P2,3,6,1,3,3,0,8236,-0.247388142345,1.464752054190,0.540042571663,0.176588393923,0.697708998298,0.265000000000,538566
public-009,P2,3,7,3,2,2,0,8237,-0.376387670152,1.331177718723,0.488475563586,-0.103551996776,0.296994447199,0.160000000000,538566
public-009,P3,0,0,3,2,2,1,8300,0.512584358431,0.830479643472,0.250000000000,-0.183551996776,0.694823078805,0.195000000000,538637
public-009,P3,0,1,2,3,2,0,8301,0.531129439257,0.744424462053,0.135075576467,0.123718970730,0.525727421357,0.160000000000,538524
public-009,P3,0,2,3,1,0,1,8302,0.682123762427,0.470046342173,-0.104036709137,-0.183551996776,0.659278450390,0.265000000000,538630
public-009,P3,0,3,1,0,0,1,8303,0.247342192211,0.535350169731,-0.247498124150,0.096588393923,0.707359614899,0.195000000000,538634
public-009,P3,0,4,0,1,0,0,8304,-0.161510730691,0.556854959341,-0.163410905216,-0.240000000000,0.345193117950,0.160000000000,538627
public-009,P3,0,5,1,3,2,1,8305,0.249889429412,0.916904457737,0.070915546366,0.096588393923,0.631441780928,0.265000000000,538524
public-009,P3,0,6,3,2,2,1,8306,-0.215987831455,0.988553598485,0.240042571663,-0.183551996776,0.734077573411,0.195000000000,538566
public-009,P3,0,7,2,3,2,0,8307,-0.736034387754,0.968626449464,0.188475563586,0.123718970730,0.533135651967,0.160000000000,538541
public-009,P3,1,0,0,1,3,1,8310,0.439117370115,1.205505408148,0.350000000000,-0.240000000000,0.570111244148,0.160000000000,538566
public-009,P3,1,1,1,3,1,0,8311,0.399385824947,0.752626577525,0.235075576467,0.096588393923,0.870736041622,0.265000000000,538566
public-009,P3,1,2,3,2,0,0,8312,0.209498779696,0.684572546010,-0.004036709137,-0.183551996776,0.398054913443,0.160000000000,538518
public-009,P3,1,3,2,3,1,1,8313,-0.218039864090,0.910236846488,-0.147498124150,0.123718970730,0.580397632738,0.160000000000,538524
public-009,P3,1,4,3,1,3,0,8314,-0.112666225434,1.286601125006,-0.063410905216,-0.183551996776,0.887723244973,0.265000000000,538638
public-009,P3,1,5,1,0,2,0,8315,0.204276893818,0.906413602644,0.170915546366,0.096588393923,0.381247867730,0.160000000000,538533
public-009,P3,1,6,0,1,3,1,8316,-0.312041187263,1.031844672184,0.340042571663,-0.240000000000,0.602320060234,0.160000000000,538558
public-009,P3,1,7,1,3,1,0,8317,-0.535377352300,0.679214263853,0.288475563586,0.096588393923,0.883005923571,0.265000000000,538524
public-009,P3,2,0,1,3,0,1,8320,0.391674042019,0.818389972936,0.450000000000,0.096588393923,0.944246748120,0.265000000000,538535
public-009,P3,2,1,3,2,3,1,8321,0.293869846198,1.203528051109,0.335075576467,-0.183551996776,0.525727421357,0.160000000000,538518
public-009,P3,2,2,2,3,3,0,8322,0.541573477700,1.133911426357,0.095963290863,0.123718970730,0.659278450390,0.265000000000,538626
public-009,P3,2,3,3,1,2,1,8323,-0.052723390205,1.013468980444,-0.047498124150,-0.183551996776,0.961283579222,0.265000000000,538523
public-009,P3,2,4,1,0,1,1,8324,0.174638140346,0.902523603106,0.036589094784,0.096588393923,0.535983846022,0.160000000000,538524
public-009,P3,2,5,0,1,1,0,8325,0.177531898785,0.795824949606,0.270915546366,-0.240000000000,0.631441780928,0.265000000000,538566
public-009,P3,2,6,1,3,0,1,8326,-0.220907265422,0.592885604503,0.440042571663,0.096588393923,0.997592599763,0.265000000000,538566
public-009,P3,2,7,3,2,3,1,8327,-0.691744186248,1.400664636223,0.388475563586,-0.183551996776,0.533135651967,0.160000000000,538517
public-009,P3,3,0,2,1,1,1,8330,0.539093126679,0.901386413376,0.550000000000,0.123718970730,0.819534913463,0.230000000000,538637
public-009,P3,3,1,1,2,1,0,8331,-0.006735553104,1.086076675294,0.435075576467,0.096588393923,0.640730294779,0.195000000000,538518
public-009,P3,3,2,2,0,3,1,8332,0.386826539786,1.337926503953,0.195963290863,0.123718970730,0.398054913443,0.160000000000,538524
public-009,P3,3,3,0,3,3,1,8333,-0.036300787886,1.508179495513,0.052501875850,-0.240000000000,0.834321597060,0.230000000000,538566
public-009,P3,3,4,3,0,3,0,8334,0.142976563611,1.479722234626,0.136589094784,-0.183551996776,0.653230312339,0.195000000000,538625
public-009,P3,3,5,0,2,1,1,8335,0.267281904251,1.144513414327,0.370915546366,-0.240000000000,0.381247867730,0.160000000000,538524
public-009,P3,3,6,2,1,1,1,8336,-0.259887024110,1.016344403906,0.540042571663,0.123718970730,0.865835086587,0.230000000000,538523
public-009,P3,3,7,1,2,1,0,8337,-0.758526360936,1.153741381747,0.488475563586,0.096588393923,0.649759075835,0.195000000000,538597
public-010,P0,0,0,1,0,1,0,9000,0.429062702913,0.757564911984,0.250000000000,0.336588393923,0.220204711398,0.230000000000,538533
public-010,P0,0,1,0,1,1,1,9001,0.977561583201,0.669729170150,0.135075576467,0.000000000000,0.144459666214,0.195000000000,538524
public-010,P0,0,2,1,3,3,0,9002,0.230912495258,1.152482264510,-0.104036709137,0.336588393923,0.098716092901,0.160000000000,538567
public-010,P0,0,3,3,2,3,0,9003,0.189110132071,0.917853762942,-0.247498124150,0.056448003224,0.237862475320,0.230000000000,538524
public-010,P0,0,4,2,3,3,1,9004,0.704655385873,1.151661566879,-0.163410905216,0.363718970730,0.169397520815,0.195000000000,538524
public-010,P0,0,5,3,1,1,0,9005,-0.070447270630,0.729398065094,0.070915546366,0.056448003224,0.108548474462,0.160000000000,538635
public-010,P0,0,6,1,0,1,0,9006,-0.587851106302,0.749982952603,0.240042571663,0.336588393923,0.224763119094,0.230000000000,538566
public-010,P0,0,7,0,1,1,1,9007,-0.204856707282,0.572217503159,0.188475563586,0.000000000000,0.144906362682,0.195000000000,538630
public-010,P0,1,0,2,3,2,0,9010,0.773115159449,0.893492040370,0.350000000000,0.363718970730,0.186695298794,0.195000000000,538566
public-010,P0,1,1,3,1,0,1,9011,0.680432880420,0.556965151271,0.235075576467,0.056448003224,0.076338286293,0.160000000000,538558
public-010,P0,1,2,1,0,3,1,9012,0.653588481446,1.073402037491,-0.004036709137,0.336588393923,0.120310238223,0.195000000000,538627
public-010,P0,1,3,0,1,0,0,9013,0.402124608500,0.494899722922,-0.147498124150,0.000000000000,0.201666011684,0.195000000000,538566
public-010,P0,1,4,1,3,2,1,9014,0.709938248143,0.940741848155,-0.063410905216,0.336588393923,0.138992837592,0.160000000000,538566
public-010,P0,1,5,3,2,1,1,9015,0.060664672609,0.922546983265,0.170915546366,0.056448003224,0.132293453251,0.195000000000,538524
public-010,P0,1,6,2,3,2,0,9016,-0.421899373208,1.054111301490,0.340042571663,0.363718970730,0.190560035754,0.195000000000,538524
public-010,P0,1,7,3,1,0,1,9017,-0.102569316646,0.525737108274,0.288475563586,0.056448003224,0.076574338637,0.160000000000,538566
public-010,P0,2,0,3,1,3,0,9020,0.316024258399,1.243032502332,0.450000000000,0.056448003224,0.153185886190,0.160000000000,538625
public-010,P0,2,1,1,0,2,0,9021,0.665529844473,0.956725604465,0.335075576467,0.336588393923,0.144459666214,0.195000000000,538522
public-010,P0,2,2,0,1,2,1,9022,0.354096611960,1.210912042075,0.095963290863,0.000000000000,0.098716092901,0.160000000000,538524
public-010,P0,2,3,1,3,1,0,9023,-0.030596214785,0.901144337104,-0.047498124150,0.336588393923,0.165469548048,0.160000000000,538524
public-010,P0,2,4,3,2,0,0,9024,0.487343358241,0.643738691871,0.036589094784,0.056448003224,0.109098173046,0.195000000000,538593
public-010,P0,2,5,2,3,0,1,9025,-0.372327871699,0.757972560954,0.270915546366,0.363718970730,0.108548474462,0.160000000000,538524
public-010,P0,2,6,3,1,3,0,9026,-0.080093963109,1.362990392111,0.440042571663,0.056448003224,0.156356952413,0.160000000000,538529
public-010,P0,2,7,1,0,2,0,9027,0.048590367964,1.063686415333,0.388475563586,0.336588393923,0.144906362682,0.195000000000,538521
public-010,P0,3,0,0,3,0,0,9030,0.899561121892,0.863135411502,0.550000000000,0.000000000000,0.253714124001,0.265000000000,538630
public-010,P0,3,1,3,0,0,1,9031,0.964779778902,0.760881445260,0.435075576467,0.056448003224,0.109736286546,0.230000000000,538518
public-010,P0,3,2,0,2,2,0,9032,0.490630881004,1.262034680817,0.195963290863,0.000000000000,0.120310238223,0.195000000000,538630
public-010,P0,3,3,2,1,2,0,9033,0.430897763949,1.133505363323,0.052501875850,0.363718970730,0.274058938955,0.265000000000,538524
public-010,P0,3,4,1,2,2,1,9034,0.276112271673,1.138557649653,0.136589094784,0.336588393923,0.199802204039,0.230000000000,538541
public-010,P0,3,5,2,0,0,0,9035,-0.166268968391,0.987767778966,0.370915546366,0.363718970730,0.132293453251,0.195000000000,538636
public-010,P0,3,6,0,3,0,0,9036,-0.440359278694,0.909665516800,0.540042571663,0.000000000000,0.258966202434,0.265000000000,538626
public-010,P0,3,7,3,0,0,1,9037,-0.447860353631,0.711763734114,0.488475563586,0.056448003224,0.110075611791,0.230000000000,538629
public-010,P1,0,0,2,3,3,1,9100,0.727828487216,1.012425386387,0.250000000000,0.283718970730,0.328992573849,0.195000000000,538521
public-010,P1,0,1,3,1,1,0,9101,0.709663661250,0.614965730381,0.135075576467,-0.023551996776,0.201233456761,0.160000000000,538524
public-010,P1,0,2,1,0,0,0,9102,0.625607672938,0.592396390815,-0.104036709137,0.256588393923,0.183195390263,0.195000000000,538524
public-010,P1,0,3,0,1,1,1,9103,0.274931458148,0.759250928389,-0.247498124150,-0.080000000000,0.325058197199,0.195000000000,538630
public-010,P1,0,4,1,3,3,0,9104,-0.184644365099,1.069100057971,-0.163410905216,0.256588393923,0.205787951771,0.160000000000,538630
public-010,P1,0,5,3,2,2,0,9105,-0.386630789479,0.887340310212,0.070915546366,-0.023551996776,0.181990962388,0.195000000000,538518
public-010,P1,0,6,2,3,3,1,9106,-0.055784643132,1.039070815862,0.240042571663,0.283718970730,0.319613896245,0.195000000000,538630
public-010,P1,0,7,3,1,1,0,9107,-0.756166347812,0.774382835284,0.188475563586,-0.023551996776,0.210082525086,0.160000000000,538524
public-010,P1,1,0,3,1,0,1,9110,1.005277848280,0.628499702095,0.350000000000,-0.023551996776,0.269942624696,0.160000000000,538629
public-010,P1,1,1,1,0,3,1,9111,0.755700294148,1.208213067558,0.235075576467,0.256588393923,0.245253275428,0.195000000000,538521
public-010,P1,1,2,0,1,3,0,9112,0.524707674721,1.116650638158,-0.004036709137,-0.080000000000,0.150314166370,0.160000000000,538567
public-010,P1,1,3,1,3,2,1,9113,0.253737973842,1.017571136657,-0.147498124150,0.256588393923,0.266714418214,0.160000000000,538566
public-010,P1,1,4,3,2,1,1,9114,-0.119627667993,0.812026915617,-0.063410905216,-0.023551996776,0.250804066221,0.195000000000,538637
public-010,P1,1,5,2,3,1,0,9115,-0.045007812044,0.715842652005,0.170915546366,0.283718970730,0.149325917857,0.160000000000,538524
public-010,P1,1,6,3,1,0,1,9116,-0.158652814165,0.658197112776,0.340042571663,-0.023551996776,0.262247299483,0.160000000000,538630
public-010,P1,1,7,1,0,3,1,9117,-0.266596864007,1.123018080150,0.288475563586,0.256588393923,0.256038077449,0.195000000000,538634
public-010,P1,2,0,0,3,1,1,9120,0.825051469103,0.999906342557,0.450000000000,-0.080000000000,0.447092472153,0.265000000000,538541
public-010,P1,2,1,3,0,1,0,9121,0.180112838555,0.960117115574,0.335075576467,-0.023551996776,0.289273094094,0.230000000000,538524
public-010,P1,2,2,0,2,3,1,9122,0.634684046629,1.400324194147,0.095963290863,-0.080000000000,0.183195390263,0.195000000000,538566
public-010,P1,2,3,2,1,3,1,9123,0.477836149502,1.295764237249,-0.047498124150,0.283718970730,0.441745755167,0.265000000000,538566
public-010,P1,2,4,1,2,3,0,9124,0.257760839555,1.320584455939,0.036589094784,0.256588393923,0.295820180671,0.230000000000,538566
public-010,P1,2,5,2,0,1,1,9125,-0.214641616641,0.918491622156,0.270915546366,0.283718970730,0.181990962388,0.195000000000,538566
public-010,P1,2,6,0,3,1,1,9126,-0.221657908124,1.033251197078,0.440042571663,-0.080000000000,0.434347089769,0.265000000000,538518
public-010,P1,2,7,3,0,1,0,9127,-0.411320167500,1.037954946601,0.388475563586,-0.023551996776,0.301993629811,0.230000000000,538524
public-010,P1,3,0,1,2,2,1,9130,0.619961847305,1.341202552854,0.550000000000,0.256588393923,0.388042523001,0.230000000000,538524
public-010,P1,3,1,2,0,0,0,9131,0.171325436603,0.844297253360,0.435075576467,0.283718970730,0.157952041765,0.195000000000,538566
public-010,P1,3,2,0,3,3,0,9132,0.001163039570,1.389241042510,0.195963290863,-0.080000000000,0.216076614156,0.230000000000,538597
public-010,P1,3,3,3,0,0,1,9133,0.615517107780,0.787555132573,0.052501875850,-0.023551996776,0.383401976183,0.230000000000,538635
public-010,P1,3,4,0,2,2,0,9134,0.215200981756,1.281673702503,0.136589094784,-0.080000000000,0.250804066221,0.195000000000,538535
public-010,P1,3,5,2,1,1,0,9135,-0.140174556760,1.166708081535,0.370915546366,0.283718970730,0.214656006919,0.230000000000,538518
public-010,P1,3,6,1,2,2,1,9136,-0.096528690367,1.178655562803,0.540042571663,0.256588393923,0.376980493007,0.230000000000,538626
public-010,P1,3,7,2,0,0,0,9137,-0.637593785704,0.850092951325,0.488475563586,0.283718970730,0.164897847061,0.195000000000,538523
public-010,P2,0,0,3,1,1,0,9200,0.386599583817,0.594236900897,0.250000000000,-0.103551996776,0.363627970280,0.160000000000,538524
public-010,P2,0,1,1,0,0,0,9201,0.443258360188,0.351036726027,0.135075576467,0.176588393923,0.268538020526,0.195000000000,538638
public-010,P2,0,2,0,1,0,1,9202,-0.069314359917,0.367930043254,-0.104036709137,-0.160000000000,0.234119462118,0.160000000000,538533
public-010,P2,0,3,1,3,3,0,9203,0.248878001333,1.047912228445,-0.247498124150,0.176588393923,0.425080025348,0.160000000000,538558
public-010,P2,0,4,3,2,2,0,9204,0.152533750051,0.927316628221,-0.163410905216,-0.103551996776,0.357693986565,0.195000000000,538524
public-010,P2,0,5,2,3,2,1,9205,-0.119412766556,0.799490795921,0.070915546366,0.203718970730,0.271305664133,0.160000000000,538566
public-010,P2,0,6,3,1,1,0,9206,-0.647558196043,0.764775935567,0.240042571663,-0.103551996776,0.370077869768,0.160000000000,538597
public-010,P2,0,7,1,0,0,0,9207,-0.818626782143,0.417022328571,0.188475563586,0.176588393923,0.261548018195,0.195000000000,538635
public-010,P2,1,0,0,3,2,0,9210,0.489991533714,0.861195859908,0.350000000000,-0.160000000000,0.602258825776,0.265000000000,538523
public-010,P2,1,1,3,0,2,1,9211,0.591624455228,0.888544613536,0.235075576467,-0.103551996776,0.491800062926,0.230000000000,538524
public-010,P2,1,2,0,2,0,0,9212,0.152832339938,0.660241192448,-0.004036709137,-0.160000000000,0.285333094457,0.195000000000,538566
public-010,P2,1,3,2,1,0,0,9213,0.233621873614,0.658752971436,-0.147498124150,0.203718970730,0.704038791983,0.265000000000,538566
public-010,P2,1,4,1,2,0,1,9214,0.153941370793,0.518468148695,-0.063410905216,0.176588393923,0.271716049428,0.230000000000,538517
public-010,P2,1,5,2,0,2,0,9215,-0.578955594575,0.861256008320,0.170915546366,0.203718970730,0.330653778163,0.195000000000,538631
public-010,P2,1,6,0,3,2,0,9216,-0.572327738737,1.044011532514,0.340042571663,-0.160000000000,0.612941471804,0.265000000000,538524
public-010,P2,1,7,3,0,2,1,9217,-0.632184618494,0.863937081000,0.288475563586,-0.103551996776,0.478998584835,0.230000000000,538517
public-010,P2,2,0,1,2,3,0,9220,0.225084949153,1.192100274304,0.450000000000,0.176588393923,0.522715207277,0.230000000000,538566
public-010,P2,2,1,2,0,1,1,9221,0.554694546232,0.892715484890,0.335075576467,0.203718970730,0.416960922915,0.195000000000,538625
public-010,P2,2,2,0,3,0,1,9222,0.321670292228,0.610428179697,0.095963290863,-0.160000000000,0.336546726795,0.230000000000,538524
public-010,P2,2,3,3,0,1,0,9223,-0.137720985746,0.975834801889,-0.047498124150,-0.103551996776,0.611052536438,0.230000000000,538523
public-010,P2,2,4,0,2,3,1,9224,-0.218764123964,1.262805673200,0.036589094784,-0.160000000000,0.357693986565,0.195000000000,538597
public-010,P2,2,5,2,1,2,1,9225,-0.382932763190,1.132474589385,0.270915546366,0.203718970730,0.390001892192,0.230000000000,538518
public-010,P2,2,6,1,2,3,0,9226,-0.543673679410,1.293808397650,0.440042571663,0.176588393923,0.531986937792,0.230000000000,538524
public-010,P2,2,7,2,0,1,1,9227,-0.979438068843,0.915088814144,0.388475563586,0.203718970730,0.406107495838,0.195000000000,538634
public-010,P2,3,0,2,0,0,0,9230,0.242689688909,0.820619798183,0.550000000000,0.203718970730,0.443171588778,0.195000000000,538630
public-010,P2,3,1,0,3,3,0,9231,0.147649178832,1.478374011978,0.435075576467,-0.160000000000,0.491800062926,0.230000000000,538524
public-010,P2,3,2,3,0,3,1,9232,0.509828251564,1.250583550280,0.195963290863,-0.103551996776,0.285333094457,0.195000000000,538567
public-010,P2,3,3,0,2,2,0,9233,0.345000985373,1.298360552919,0.052501875850,-0.160000000000,0.518066280893,0.195000000000,538630
public-010,P2,3,4,2,1,1,0,9234,-0.281750602370,1.088073613864,0.136589094784,0.203718970730,0.421895471333,0.230000000000,538524
public-010,P2,3,5,1,2,1,1,9235,-0.334773683744,0.967513475937,0.370915546366,0.176588393923,0.330653778163,0.195000000000,538523
public-010,P2,3,6,2,0,0,0,9236,-0.221086120655,0.874029201141,0.540042571663,0.203718970730,0.451032403780,0.195000000000,538625
public-010,P2,3,7,0,3,3,0,9237,-0.970926335533,1.315670011057,0.488475563586,-0.160000000000,0.478998584835,0.230000000000,538518
public-010,P3,0,0,0,3,3,1,9300,-0.041762598309,0.965409050471,0.250000000000,-0.240000000000,1.085003919949,0.265000000000,538634
public-010,P3,0,1,3,0,3,0,9301,0.293436207285,0.955859612849,0.135075576467,-0.183551996776,0.713010012385,0.230000000000,538524
public-010,P3,0,2,0,2,1,1,9302,0.219927580394,0.778965619124,-0.104036709137,-0.240000000000,0.455565354798,0.195000000000,538566
public-010,P3,0,3,2,1,1,1,9303,-0.009295099480,0.755571864518,-0.247498124150,0.123718970730,1.106171278763,0.265000000000,538630
public-010,P3,0,4,1,2,1,0,9304,-0.003529347725,0.585357910591,-0.163410905216,0.096588393923,0.682904638811,0.230000000000,538630
public-010,P3,0,5,2,0,3,1,9305,-0.045449484915,1.113276204992,0.070915546366,0.123718970730,0.472772693177,0.195000000000,538524
public-010,P3,0,6,0,3,3,1,9306,-0.399938645401,1.061874497707,0.240042571663,-0.240000000000,1.100293134332,0.265000000000,538567
public-010,P3,0,7,3,0,3,0,9307,-0.916858922628,1.015514198276,0.188475563586,-0.183551996776,0.662648772204,0.230000000000,538630
public-010,P3,1,0,1,2,0,1,9310,0.159047435215,0.527354304133,0.350000000000,0.096588393923,0.941701515428,0.230000000000,538518
public-010,P3,1,1,2,0,2,0,9311,0.052262477443,0.917403135381,0.235075576467,0.123718970730,0.604508488761,0.195000000000,538633
public-010,P3,1,2,0,3,1,0,9312,0.290206466104,0.815712759994,-0.004036709137,-0.240000000000,0.537333495403,0.230000000000,538529
public-010,P3,1,3,3,0,2,1,9313,-0.099533740252,1.093339857132,-0.147498124150,-0.183551996776,0.960073185341,0.230000000000,538596
public-010,P3,1,4,0,2,0,0,9314,-0.464589015629,0.626563479315,-0.063410905216,-0.240000000000,0.372887020029,0.195000000000,538566
public-010,P3,1,5,2,1,3,0,9315,-0.408935199900,1.204071845345,0.170915546366,0.123718970730,0.557629330414,0.230000000000,538626
public-010,P3,1,6,1,2,0,1,9316,-0.380536457187,0.705199877732,0.340042571663,0.096588393923,0.954971399609,0.230000000000,538566
public-010,P3,1,7,2,0,2,0,9317,-0.721367000566,1.099893766169,0.288475563586,0.123718970730,0.561810915565,0.195000000000,538566
public-010,P3,2,0,2,0,1,1,9320,0.537137484425,1.035685855024,0.450000000000,0.123718970730,0.798399110906,0.195000000000,538566
public-010,P3,2,1,0,3,0,1,9321,-0.016466107185,0.850316546676,0.335075576467,-0.240000000000,0.459204416573,0.230000000000,538637
public-010,P3,2,2,3,0,0,0,9322,0.632936398749,0.720806365781,0.095963290863,-0.183551996776,0.455565354798,0.195000000000,538597
public-010,P3,2,3,0,2,3,1,9323,0.048238214908,1.233681666989,-0.047498124150,-0.240000000000,0.813975091920,0.195000000000,538524
public-010,P3,2,4,2,1,2,1,9324,-0.583110875405,0.951100138355,0.036589094784,0.123718970730,0.682904638811,0.230000000000,538524
public-010,P3,2,5,1,2,2,0,9325,-0.154309768715,1.121306096854,0.270915546366,0.096588393923,0.472772693177,0.195000000000,538633
public-010,P3,2,6,2,0,1,1,9326,-0.618164886973,0.795194769204,0.440042571663,0.123718970730,0.809649664886,0.195000000000,538535
public-010,P3,2,7,0,3,0,1,9327,-0.681525568187,0.656205641704,0.388475563586,-0.240000000000,0.426769943686,0.230000000000,538524
public-010,P3,3,0,3,2,2,1,9330,0.522754412410,1.322383604971,0.550000000000,-0.183551996776,0.655096706385,0.160000000000,538566
public-010,P3,3,1,2,3,2,0,9331,0.366350223155,1.295152744291,0.435075576467,0.123718970730,0.821511536009,0.265000000000,538524
public-010,P3,3,2,3,1,0,1,9332,0.494386134193,0.744560239515,0.195963290863,-0.183551996776,0.537333495403,0.230000000000,538566
public-010,P3,3,3,1,0,0,1,9333,0.187876747754,0.736118752410,0.052501875850,0.096588393923,0.667876998498,0.160000000000,538518
public-010,P3,3,4,0,1,0,0,9334,-0.080701434609,0.841323271848,0.136589094784,-0.240000000000,0.506743899014,0.265000000000,538638
public-010,P3,3,5,1,3,2,1,9335,-0.238340063016,1.119086361992,0.370915546366,0.096588393923,0.557629330414,0.230000000000,538515
public-010,P3,3,6,3,2,2,1,9336,-0.846971264863,1.076372052661,0.540042571663,-0.183551996776,0.664327930163,0.160000000000,538524
public-010,P3,3,7,2,3,2,0,9337,-0.522947757797,1.171290520470,0.488475563586,0.123718970730,0.763486628844,0.265000000000,538524
public-011,P0,0,0,2,1,2,0,10000,0.495908993886,0.937885996017,0.250000000000,0.363718970730,0.147698731140,0.160000000000,538566
public-011,P0,0,1,1,2,2,1,10001,0.950800518668,0.958507715238,0.135075576467,0.336588393923,0.203731712307,0.265000000000,538637
public-011,P0,0,2,2,0,0,0,10002,0.291029424758,0.364034653732,-0.104036709137,0.363718970730,0.153192097315,0.230000000000,538524
public-011,P0,0,3,0,3,0,0,10003,-0.074839229254,0.588388112618,-0.247498124150,0.000000000000,0.173195740642,0.160000000000,538630
public-011,P0,0,4,3,0,0,1,10004,0.172863163210,0.627013331879,-0.163410905216,0.056448003224,0.144279566751,0.265000000000,538634
public-011,P0,0,5,0,2,2,0,10005,-0.440551581115,0.739947508035,0.070915546366,0.000000000000,0.144755634813,0.230000000000,538627
public-011,P0,0,6,2,1,2,0,10006,-0.516284265615,0.965578798942,0.240042571663,0.363718970730,0.148155443407,0.160000000000,538524
public-011,P0,0,7,1,2,2,1,10007,-0.393353408563,0.761070459646,0.188475563586,0.336588393923,0.200266873835,0.265000000000,538566
public-011,P0,1,0,3,0,3,0,10010,0.830070627280,1.056833297433,0.350000000000,0.056448003224,0.244626023451,0.265000000000,538566
public-011,P0,1,1,0,2,1,1,10011,0.493649097012,0.810419497532,0.235075576467,0.000000000000,0.176823750305,0.230000000000,538566
public-011,P0,1,2,2,1,0,1,10012,0.303475329101,0.561773640712,-0.004036709137,0.363718970730,0.176503938211,0.265000000000,538566
public-011,P0,1,3,1,2,1,0,10013,-0.111792809238,0.890319233067,-0.147498124150,0.336588393923,0.286855445438,0.265000000000,538518
public-011,P0,1,4,2,0,3,1,10014,0.352324096028,1.246664110241,-0.063410905216,0.363718970730,0.194435859242,0.230000000000,538524
public-011,P0,1,5,0,3,2,1,10015,-0.181645483582,1.042500497365,0.170915546366,0.000000000000,0.166783666197,0.265000000000,538638
public-011,P0,1,6,3,0,3,0,10016,-0.190733843714,1.084356249851,0.340042571663,0.056448003224,0.245382453143,0.265000000000,538533
public-011,P0,1,7,0,2,1,1,10017,-0.082632935924,0.673937513018,0.288475563586,0.000000000000,0.173816532008,0.230000000000,538558
public-011,P0,2,0,0,2,0,0,10020,0.311017428708,0.685226243311,0.450000000000,0.000000000000,0.212316926014,0.230000000000,538635
public-011,P0,2,1,2,1,3,0,10021,0.802602932987,1.389797261313,0.335075576467,0.363718970730,0.203731712307,0.265000000000,538535
public-011,P0,2,2,1,2,3,1,10022,0.043988565638,1.142584578448,0.095963290863,0.336588393923,0.153192097315,0.230000000000,538518
public-011,P0,2,3,2,0,2,0,10023,-0.036385786008,0.970238371374,-0.047498124150,0.363718970730,0.248968877173,0.230000000000,538626
public-011,P0,2,4,0,3,1,0,10024,0.368005522439,0.838647397185,0.036589094784,0.000000000000,0.224023924779,0.265000000000,538523
public-011,P0,2,5,3,0,1,1,10025,0.085327332624,1.042222870991,0.270915546366,0.056448003224,0.144755634813,0.230000000000,538524
public-011,P0,2,6,0,2,0,0,10026,-0.354956814622,0.844607455782,0.440042571663,0.000000000000,0.212973449898,0.230000000000,538566
public-011,P0,2,7,2,1,3,0,10027,-0.016809455924,1.198971687518,0.388475563586,0.363718970730,0.200266873835,0.265000000000,538566
public-011,P0,3,0,1,0,1,0,10030,0.841294361109,1.139420777576,0.550000000000,0.336588393923,0.180007828577,0.195000000000,538517
public-011,P0,3,1,0,1,1,1,10031,1.002578944686,1.054141413921,0.435075576467,0.000000000000,0.123007826299,0.160000000000,538637
public-011,P0,3,2,1,3,3,0,10032,0.312293393676,1.527535183912,0.195963290863,0.336588393923,0.176503938211,0.265000000000,538518
public-011,P0,3,3,3,2,3,0,10033,-0.057424547657,1.288403535627,0.052501875850,0.056448003224,0.211082308907,0.195000000000,538524
public-011,P0,3,4,2,3,3,1,10034,0.216701643956,1.409191940193,0.136589094784,0.363718970730,0.135259728168,0.160000000000,538566
public-011,P0,3,5,3,1,1,0,10035,-0.042360110208,0.942979608032,0.370915546366,0.056448003224,0.166783666197,0.265000000000,538625
public-011,P0,3,6,1,0,1,0,10036,-0.627816188880,1.052921715765,0.540042571663,0.336588393923,0.180564446652,0.195000000000,538524
public-011,P0,3,7,0,1,1,1,10037,-0.344137327145,0.991603358754,0.488475563586,0.000000000000,0.120915848353,0.160000000000,538523
public-011,P1,0,0,3,0,0,1,10100,0.862487965717,0.588582774270,0.250000000000,-0.023551996776,0.415308543061,0.265000000000,538566
public-011,P1,0,1,0,2,2,0,10101,0.550065899836,0.957443754865,0.135075576467,-0.080000000000,0.269248040924,0.230000000000,538517
public-011,P1,0,2,2,1,1,0,10102,-0.054222113197,0.671331541613,-0.104036709137,0.283718970730,0.284500355187,0.265000000000,538631
public-011,P1,0,3,1,2,2,1,10103,0.132930616582,0.828146877738,-0.247498124150,0.256588393923,0.424708176289,0.265000000000,538524
public-011,P1,0,4,2,0,0,0,10104,-0.201117545052,0.487554124051,-0.163410905216,0.283718970730,0.172265480648,0.230000000000,538517
public-011,P1,0,5,0,3,3,0,10105,-0.320716828854,1.043248753239,0.070915546366,-0.080000000000,0.279735345203,0.265000000000,538637
public-011,P1,0,6,3,0,0,1,10106,-0.313184335667,0.403135074755,0.240042571663,-0.023551996776,0.433571379334,0.265000000000,538518
public-011,P1,0,7,0,2,2,0,10107,-0.955704672196,0.836537122769,0.188475563586,-0.080000000000,0.267397683251,0.230000000000,538524
public-011,P1,1,0,0,2,1,1,10110,0.739522881946,0.918597759969,0.350000000000,-0.080000000000,0.360456471336,0.230000000000,538523
public-011,P1,1,1,2,1,0,1,10111,0.404256109748,0.681970653346,0.235075576467,0.283718970730,0.199793344935,0.265000000000,538597
public-011,P1,1,2,1,2,0,0,10112,0.179387725618,0.679892554864,-0.004036709137,0.256588393923,0.246924836577,0.230000000000,538518
public-011,P1,1,3,2,0,3,1,10113,0.279266601201,1.155661927596,-0.147498124150,0.283718970730,0.368614643572,0.230000000000,538524
public-011,P1,1,4,0,3,2,1,10114,-0.443221701474,0.912832002763,-0.063410905216,-0.080000000000,0.308181007197,0.265000000000,538634
public-011,P1,1,5,3,0,2,0,10115,-0.418012986000,0.906750268055,0.170915546366,-0.023551996776,0.242789167534,0.230000000000,538524
public-011,P1,1,6,0,2,1,1,10116,-0.126230117256,0.739349612478,0.340042571663,-0.080000000000,0.376307234894,0.230000000000,538566
public-011,P1,1,7,2,1,0,1,10117,-0.378891383003,0.556910421724,0.288475563586,0.283718970730,0.198420301894,0.265000000000,538630
public-011,P1,2,0,1,0,2,1,10120,0.639201600440,1.114957687454,0.450000000000,0.256588393923,0.305604399611,0.195000000000,538630
public-011,P1,2,1,0,1,2,0,10121,0.191842722758,1.063717147160,0.335075576467,-0.080000000000,0.187302984991,0.160000000000,538524
public-011,P1,2,2,1,3,0,1,10122,0.183545827870,0.708219290118,0.095963290863,0.256588393923,0.284500355187,0.265000000000,538523
public-011,P1,2,3,3,2,0,1,10123,0.094085664175,0.759855525773,-0.047498124150,-0.023551996776,0.312521110854,0.195000000000,538625
public-011,P1,2,4,2,3,0,0,10124,-0.262615314545,0.813696608495,0.036589094784,0.283718970730,0.119836856103,0.160000000000,538518
public-011,P1,2,5,3,1,2,1,10125,-0.224753550066,1.178509571642,0.270915546366,-0.023551996776,0.279735345203,0.265000000000,538633
public-011,P1,2,6,1,0,2,1,10126,-0.024689801184,1.220216974230,0.440042571663,0.256588393923,0.319043090453,0.195000000000,538529
public-011,P1,2,7,0,1,2,0,10127,-0.744116351921,0.978978243304,0.388475563586,-0.080000000000,0.186015779653,0.160000000000,538596
public-011,P1,3,0,2,3,3,1,10130,0.752203085505,1.395653609233,0.550000000000,0.283718970730,0.250752327886,0.160000000000,538566
public-011,P1,3,1,3,1,1,0,10131,0.414094764497,0.906102150435,0.435075576467,-0.023551996776,0.310220568891,0.265000000000,538641
public-011,P1,3,2,1,0,0,0,10132,0.086466247801,0.804243179594,0.195963290863,0.256588393923,0.171773799358,0.160000000000,538566
public-011,P1,3,3,0,1,1,1,10133,0.059580820168,1.167223947766,0.052501875850,-0.080000000000,0.256427578137,0.160000000000,538636
public-011,P1,3,4,1,3,3,0,10134,0.071849692214,1.450704864356,0.136589094784,0.256588393923,0.308181007197,0.265000000000,538566
public-011,P1,3,5,3,2,2,0,10135,-0.461197467828,1.276225724094,0.370915546366,-0.023551996776,0.168896812198,0.160000000000,538637
public-011,P1,3,6,2,3,3,1,10136,-0.027178674810,1.401958534443,0.540042571663,0.283718970730,0.261778946013,0.160000000000,538597
public-011,P1,3,7,3,1,1,0,10137,-0.560494558383,1.071376814022,0.488475563586,-0.023551996776,0.308088635050,0.265000000000,538524
public-011,P2,0,0,0,2,2,0,10200,0.131251587893,0.872339218271,0.250000000000,-0.160000000000,0.612820614513,0.230000000000,538596
public-011,P2,0,1,2,1,1,0,10201,0.444263943199,0.544548685433,0.135075576467,0.203718970730,0.483179160560,0.265000000000,538566
public-011,P2,0,2,1,2,1,1,10202,0.137005483163,0.793786142796,-0.104036709137,0.176588393923,0.393540088662,0.230000000000,538626
public-011,P2,0,3,2,0,0,0,10203,-0.196361576674,0.536977086592,-0.247498124150,0.203718970730,0.525714129568,0.230000000000,538566
public-011,P2,0,4,0,3,3,0,10204,-0.594032361026,1.045264027792,-0.163410905216,-0.160000000000,0.559924586641,0.265000000000,538566
public-011,P2,0,5,3,0,3,1,10205,-0.222252549156,1.086087353348,0.070915546366,-0.103551996776,0.342618963478,0.230000000000,538641
public-011,P2,0,6,0,2,2,0,10206,-0.836074573597,0.951934611661,0.240042571663,-0.160000000000,0.596868990547,0.230000000000,538566
public-011,P2,0,7,2,1,1,0,10207,-0.946342146978,0.593967208832,0.188475563586,0.203718970730,0.500209345641,0.265000000000,538636
public-011,P2,1,0,1,0,3,0,10210,0.373757976376,1.078534065886,0.350000000000,0.176588393923,0.519565303609,0.195000000000,538524
public-011,P2,1,1,0,1,3,1,10211,0.226851630891,1.051430070813,0.235075576467,-0.160000000000,0.291730813923,0.160000000000,538524
public-011,P2,1,2,1,3,1,0,10212,-0.175763673982,0.900065599091,-0.004036709137,0.176588393923,0.453426623893,0.265000000000,538633
public-011,P2,1,3,3,2,1,0,10213,-0.332135963365,0.853605963432,-0.147498124150,-0.103551996776,0.445714153329,0.195000000000,538535
public-011,P2,1,4,2,3,1,1,10214,-0.113858844698,0.888488368635,-0.063410905216,0.203718970730,0.338067674953,0.160000000000,538524
public-011,P2,1,5,3,1,3,0,10215,-0.183098346052,1.050956717307,0.170915546366,-0.103551996776,0.394756631834,0.265000000000,538524
public-011,P2,1,6,1,0,3,0,10216,-0.866926181302,1.120554038764,0.340042571663,0.176588393923,0.506041100681,0.195000000000,538558
public-011,P2,1,7,0,1,3,1,10217,-1.060665753830,1.247228002225,0.288475563586,-0.160000000000,0.302013189821,0.160000000000,538524
public-011,P2,2,0,2,3,0,0,10220,0.325646730010,0.628637562237,0.450000000000,0.203718970730,0.426309992705,0.160000000000,538518
public-011,P2,2,1,3,1,2,1,10221,0.381825458163,1.132825531912,0.335075576467,-0.103551996776,0.483179160560,0.265000000000,538638
public-011,P2,2,2,1,0,1,1,10222,0.379763125359,1.016388560214,0.095963290863,0.176588393923,0.273767018199,0.160000000000,538515
public-011,P2,2,3,0,1,2,0,10223,0.020969722493,1.039924369028,-0.047498124150,-0.160000000000,0.365714177091,0.160000000000,538524
public-011,P2,2,4,1,3,0,1,10224,-0.129035162326,0.594991273917,0.036589094784,0.176588393923,0.360611826857,0.265000000000,538524
public-011,P2,2,5,3,2,3,1,10225,-0.503166437467,1.144591065273,0.270915546366,-0.103551996776,0.238343626768,0.160000000000,538593
public-011,P2,2,6,2,3,0,0,10226,-0.774320635830,0.772088273877,0.440042571663,0.203718970730,0.415213210815,0.160000000000,538635
public-011,P2,2,7,3,1,2,1,10227,-0.614855258939,1.210045560871,0.388475563586,-0.103551996776,0.500209345641,0.265000000000,538533
public-011,P2,3,0,3,1,1,0,10230,0.210493576213,1.053436459015,0.550000000000,-0.103551996776,0.706075925417,0.265000000000,538633
public-011,P2,3,1,1,0,0,0,10231,0.561339622932,0.711684987571,0.435075576467,0.176588393923,0.187885269319,0.160000000000,538566
public-011,P2,3,2,0,1,0,1,10232,-0.144058757735,0.717098111260,0.195963290863,-0.160000000000,0.453426623893,0.265000000000,538566
public-011,P2,3,3,1,3,3,0,10233,-0.068388661481,1.390445811259,0.052501875850,0.176588393923,0.605714105806,0.265000000000,538524
public-011,P2,3,4,3,2,2,0,10234,-0.464086059979,1.112471479793,0.136589094784,-0.103551996776,0.338067674953,0.160000000000,538558
public-011,P2,3,5,2,3,2,1,10235,-0.347224734260,1.245047652803,0.370915546366,0.203718970730,0.394756631834,0.265000000000,538626
public-011,P2,3,6,3,1,1,0,10236,-0.350158022915,1.008166744068,0.540042571663,-0.103551996776,0.687696880413,0.265000000000,538566
public-011,P2,3,7,1,0,0,0,10237,-0.585191448668,0.927838670059,0.488475563586,0.176588393923,0.194507493892,0.160000000000,538626
public-011,P3,0,0,1,0,0,1,10300,0.116200858357,0.627102764764,0.250000000000,0.096588393923,0.753263961288,0.195000000000,538533
public-011,P3,0,1,0,1,0,0,10301,0.059804281701,0.499625084402,0.135075576467,-0.240000000000,0.299979291016,0.160000000000,538525
public-011,P3,0,2,1,3,2,1,10302,0.112965108628,0.857880290000,-0.104036709137,0.096588393923,0.712414591479,0.265000000000,538596
public-011,P3,0,3,3,2,2,1,10303,-0.153634217029,0.834252189931,-0.247498124150,-0.183551996776,0.721458947950,0.195000000000,538626
public-011,P3,0,4,2,3,2,0,10304,-0.505859510407,0.928822041409,-0.163410905216,0.123718970730,0.483373170728,0.160000000000,538633
public-011,P3,0,5,3,1,0,1,10305,-0.113563234248,0.444999705812,0.070915546366,-0.183551996776,0.708628852378,0.265000000000,538566
public-011,P3,0,6,1,0,0,1,10306,-0.514527920918,0.523929129932,0.240042571663,0.096588393923,0.700059508875,0.195000000000,538566
public-011,P3,0,7,0,1,0,0,10307,-0.586323286878,0.505567894780,0.188475563586,-0.240000000000,0.325538158195,0.160000000000,538524
public-011,P3,1,0,2,3,1,1,10310,0.187201341245,0.838385458952,0.350000000000,0.123718970730,0.618062737467,0.160000000000,538626
public-011,P3,1,1,3,1,3,0,10311,0.038138577610,1.142965905662,0.235075576467,-0.183551996776,0.771448142498,0.265000000000,538566
public-011,P3,1,2,1,0,2,0,10312,0.132985790433,0.942853925694,-0.004036709137,0.096588393923,0.430137111836,0.160000000000,538566
public-011,P3,1,3,0,1,3,1,10313,-0.453628563302,1.144117677184,-0.147498124150,-0.240000000000,0.591966316267,0.160000000000,538566
public-011,P3,1,4,1,3,1,0,10314,-0.525679770155,0.898632403808,-0.063410905216,0.096588393923,0.800586814018,0.265000000000,538533
public-011,P3,1,5,3,2,0,0,10315,-0.487741991035,0.491509208732,0.170915546366,-0.183551996776,0.427851382568,0.160000000000,538636
public-011,P3,1,6,2,3,1,1,10316,-0.505795368066,0.850362146966,0.340042571663,0.123718970730,0.574407802154,0.160000000000,538635
public-011,P3,1,7,3,1,3,0,10317,-0.801131346458,1.254644528913,0.288475563586,-0.183551996776,0.837177148465,0.265000000000,538566
public-011,P3,2,0,3,1,2,1,10320,0.113569056470,1.072475929740,0.450000000000,-0.183551996776,1.023666408930,0.265000000000,538566
public-011,P3,2,1,1,0,1,1,10321,-0.023483828161,0.908060595884,0.335075576467,0.096588393923,0.465780010565,0.160000000000,538558
public-011,P3,2,2,0,1,1,0,10322,0.035086991951,0.964380111274,0.095963290863,-0.240000000000,0.712414591479,0.265000000000,538524
public-011,P3,2,3,1,3,0,1,10323,0.035155156650,0.712429487089,-0.047498124150,0.096588393923,0.980444211317,0.265000000000,538567
public-011,P3,2,4,3,2,3,1,10324,-0.360958910955,1.225502319867,0.036589094784,-0.183551996776,0.483373170728,0.160000000000,538625
public-011,P3,2,5,2,3,3,0,10325,-0.392444241679,1.273568537541,0.270915546366,0.123718970730,0.708628852378,0.265000000000,538566
public-011,P3,2,6,3,1,2,1,10326,-0.713504330122,1.222395653794,0.440042571663,-0.183551996776,0.951362922317,0.265000000000,538629
public-011,P3,2,7,1,0,1,1,10327,-1.172178050018,0.967566011201,0.388475563586,0.096588393923,0.505465448130,0.160000000000,538625
public-011,P3,3,0,0,3,3,1,10330,0.069949374943,1.348555896543,0.550000000000,-0.240000000000,0.888465185109,0.230000000000,538629
public-011,P3,3,1,3,0,3,0,10331,0.409665456032,1.518059603083,0.435075576467,-0.183551996776,0.567669387876,0.195000000000,538524
public-011,P3,3,2,0,2,1,1,10332,0.495617074930,0.948301735668,0.195963290863,-0.240000000000,0.430137111836,0.160000000000,538566
public-011,P3,3,3,2,1,1,1,10333,-0.084341096020,0.993464406415,0.052501875850,0.123718970730,0.850951579633,0.230000000000,538524
public-011,P3,3,4,1,2,1,0,10334,-0.378410528782,0.909004160207,0.136589094784,0.096588393923,0.589111051825,0.195000000000,538626
public-011,P3,3,5,2,0,3,1,10335,-0.228471791463,1.356010156808,0.370915546366,0.123718970730,0.427851382568,0.160000000000,538524
public-011,P3,3,6,0,3,3,1,10336,-0.437945305456,1.314459912287,0.540042571663,-0.240000000000,0.825711215596,0.230000000000,538634
public-011,P3,3,7,3,0,3,0,10337,-0.935531439907,1.485744608019,0.488475563586,-0.183551996776,0.616036014908,0.195000000000,538635
public-012,P0,0,0,3,2,3,0,11000,0.324338478754,0.977697434206,0.250000000000,0.056448003224,0.220335960670,0.230000000000,538524
public-012,P0,0,1,2,3,3,1,11001,0.646308366447,1.068322801576,0.135075576467,0.363718970730,0.161840765287,0.195000000000,538634
public-012,P0,0,2,3,1,1,0,11002,0.439248579333,0.697016889793,-0.104036709137,0.056448003224,0.111544364950,0.160000000000,538524
public-012,P0,0,3,1,0,1,0,11003,0.220130565544,0.806130295348,-0.247498124150,0.336588393923,0.242281999793,0.230000000000,538566
public-012,P0,0,4,0,1,1,1,11004,0.022332028484,0.635274553090,-0.163410905216,0.000000000000,0.152928010833,0.195000000000,538630
public-012,P0,0,5,1,3,3,0,11005,-0.456460765477,1.088050551498,0.070915546366,0.336588393923,0.095417501536,0.160000000000,538630
public-012,P0,0,6,3,2,3,0,11006,-0.368549248992,1.093723816185,0.240042571663,0.056448003224,0.216588735926,0.230000000000,538524
public-012,P0,0,7,2,3,3,1,11007,-0.345758960695,0.951631398772,0.188475563586,0.363718970730,0.158378816360,0.195000000000,538567
public-012,P0,1,0,0,1,0,0,11010,0.736879345760,0.610898448942,0.350000000000,0.000000000000,0.186806575350,0.195000000000,538625
public-012,P0,1,1,1,3,2,1,11011,0.585542014013,1.021174343884,0.235075576467,0.336588393923,0.132792422799,0.160000000000,538518
public-012,P0,1,2,3,2,1,1,11012,0.494963152655,0.790522657537,-0.004036709137,0.056448003224,0.135944694783,0.195000000000,538633
public-012,P0,1,3,2,3,2,0,11013,0.297269521867,1.026460332861,-0.147498124150,0.363718970730,0.205412999824,0.195000000000,538529
public-012,P0,1,4,3,1,0,1,11014,0.354622487596,0.719927539994,-0.063410905216,0.056448003224,0.080813299512,0.160000000000,538596
public-012,P0,1,5,1,0,3,1,11015,-0.329930452609,1.023783143663,0.170915546366,0.336588393923,0.116290079997,0.195000000000,538566
public-012,P0,1,6,0,1,0,0,11016,-0.370582545156,0.656795581502,0.340042571663,0.000000000000,0.183629580459,0.195000000000,538626
public-012,P0,1,7,1,3,2,1,11017,-0.112503957087,0.990162878031,0.288475563586,0.336588393923,0.129951849321,0.160000000000,538566
public-012,P0,2,0,1,3,1,0,11020,0.284233686384,0.838378050317,0.450000000000,0.336588393923,0.153277190031,0.160000000000,538636
public-012,P0,2,1,3,2,0,0,11021,0.474331587133,0.603111877405,0.335075576467,0.056448003224,0.104231347261,0.195000000000,538566
public-012,P0,2,2,2,3,0,1,11022,0.135686798232,0.663558020012,0.095963290863,0.363718970730,0.111544364950,0.160000000000,538637
public-012,P0,2,3,3,1,3,0,11023,0.064724051005,1.285331167561,-0.047498124150,0.056448003224,0.168543999856,0.160000000000,538597
public-012,P0,2,4,1,0,2,0,11024,-0.017209628429,0.952863936715,0.036589094784,0.336588393923,0.152928010833,0.195000000000,538524
public-012,P0,2,5,0,1,2,1,11025,-0.537580069037,1.063553239402,0.270915546366,0.000000000000,0.095417501536,0.160000000000,538524
public-012,P0,2,6,1,3,1,0,11026,-0.240147634368,1.023272823805,0.440042571663,0.336588393923,0.150670424992,0.160000000000,538633
public-012,P0,2,7,3,2,0,0,11027,-0.573777436459,0.722384994937,0.388475563586,0.056448003224,0.102001726064,0.195000000000,538535
public-012,P0,3,0,2,1,2,0,11030,0.666929266566,1.099062229873,0.550000000000,0.363718970730,0.253865345989,0.265000000000,538524
public-012,P0,3,1,1,2,2,1,11031,0.554392329327,1.323105291689,0.435075576467,0.336588393923,0.190889107774,0.230000000000,538566
public-012,P0,3,2,2,0,0,0,11032,0.478617289015,0.826027983160,0.195963290863,0.363718970730,0.135944694783,0.195000000000,538524
public-012,P0,3,3,0,3,0,0,11033,0.058959693915,0.895745016024,0.052501875850,0.000000000000,0.279150999761,0.265000000000,538566
public-012,P0,3,4,3,0,0,1,11034,0.436014227797,0.828362759204,0.136589094784,0.056448003224,0.116169118048,0.230000000000,538518
public-012,P0,3,5,0,2,2,0,11035,-0.543158137766,1.251736280608,0.370915546366,0.000000000000,0.116290079997,0.195000000000,538638
public-012,P0,3,6,2,1,2,0,11036,-0.568504270155,1.145896851678,0.540042571663,0.363718970730,0.249547891393,0.265000000000,538515
public-012,P0,3,7,1,2,2,1,11037,-0.225192483013,1.230645415458,0.488475563586,0.336588393923,0.186805783399,0.230000000000,538524
public-012,P1,0,0,0,1,1,1,11100,0.623646464355,0.550614507138,0.250000000000,-0.080000000000,0.284448804859,0.195000000000,538535
public-012,P1,0,1,1,3,3,0,11101,0.070603923916,1.069177440798,0.135075576467,0.256588393923,0.214043334305,0.160000000000,538524
public-012,P1,0,2,3,2,2,0,11102,0.324691065130,0.712795485118,-0.104036709137,-0.023551996776,0.201274977748,0.195000000000,538524
public-012,P1,0,3,2,3,3,1,11103,-0.105948370108,1.111152804538,-0.247498124150,0.283718970730,0.282578681004,0.195000000000,538558
public-012,P1,0,4,3,1,1,0,11104,0.019359636644,0.549913440324,-0.163410905216,-0.023551996776,0.210458387550,0.160000000000,538524
public-012,P1,0,5,1,0,0,0,11105,-0.238031523847,0.540447167523,0.070915546366,0.256588393923,0.205475370147,0.195000000000,538566
public-012,P1,0,6,0,1,1,1,11106,0.001529742362,0.539145122372,0.240042571663,-0.080000000000,0.282493982730,0.195000000000,538524
public-012,P1,0,7,1,3,3,0,11107,-0.903908506744,1.110035809588,0.188475563586,0.256588393923,0.206207573854,0.160000000000,538566
public-012,P1,1,0,1,3,2,1,11110,0.774885431913,1.101325172289,0.350000000000,0.256588393923,0.233393891167,0.160000000000,538524
public-012,P1,1,1,3,2,1,1,11111,0.139570278441,0.726065558732,0.235075576467,-0.023551996776,0.260865313684,0.195000000000,538524
public-012,P1,1,2,2,3,1,0,11112,0.204852378360,0.657313156840,-0.004036709137,0.283718970730,0.165148699690,0.160000000000,538593
public-012,P1,1,3,3,1,0,1,11113,0.025424608790,0.630571575067,-0.147498124150,-0.023551996776,0.231859430567,0.160000000000,538635
public-012,P1,1,4,1,0,3,1,11114,-0.032989943091,1.177749364114,-0.063410905216,0.256588393923,0.256496159827,0.195000000000,538533
public-012,P1,1,5,0,1,3,0,11115,-0.300175966709,1.272563989308,0.170915546366,-0.080000000000,0.168595175505,0.160000000000,538525
public-012,P1,1,6,1,3,2,1,11116,-0.389721153448,0.929015767527,0.340042571663,0.256588393923,0.231789934548,0.160000000000,538596
public-012,P1,1,7,3,2,1,1,11117,-0.552580908078,0.750387798318,0.288475563586,-0.023551996776,0.251315480635,0.195000000000,538626
public-012,P1,2,0,2,1,3,1,11120,0.487432729852,1.333432655258,0.450000000000,0.283718970730,0.386558632245,0.265000000000,538524
public-012,P1,2,1,1,2,3,0,11121,-0.041799431167,1.285753903477,0.335075576467,0.256588393923,0.307687293063,0.230000000000,538558
public-012,P1,2,2,2,0,1,1,11122,-0.152324763012,0.986547176020,0.095963290863,0.283718970730,0.201274977748,0.195000000000,538626
public-012,P1,2,3,0,3,1,1,11123,0.063014250497,0.947436140769,-0.047498124150,-0.080000000000,0.384017181877,0.265000000000,538566
public-012,P1,2,4,3,0,1,0,11124,-0.188901061236,0.837020499319,0.036589094784,-0.023551996776,0.302533932103,0.230000000000,538626
public-012,P1,2,5,0,2,3,1,11125,-0.159267658129,1.273852088277,0.270915546366,-0.080000000000,0.205475370147,0.195000000000,538566
public-012,P1,2,6,2,1,3,1,11126,-0.583831052987,1.338775324604,0.440042571663,0.283718970730,0.383902079094,0.265000000000,538566
public-012,P1,2,7,1,2,3,0,11127,-0.572684377758,1.209337934097,0.388475563586,0.256588393923,0.296423387416,0.230000000000,538566
public-012,P1,3,0,3,0,0,1,11130,0.937672237084,0.907686441566,0.550000000000,-0.023551996776,0.335503718552,0.230000000000,538566
public-012,P1,3,1,0,2,2,0,11131,0.320510032885,1.151927163380,0.435075576467,-0.080000000000,0.260865313684,0.195000000000,538524
public-012,P1,3,2,2,1,1,0,11132,0.158643089646,1.136947301713,0.195963290863,0.283718970730,0.237401255805,0.230000000000,538524
public-012,P1,3,3,1,2,2,1,11133,0.349824392313,1.093210729945,0.052501875850,0.256588393923,0.333297931441,0.230000000000,538566
public-012,P1,3,4,2,0,0,0,11134,-0.416675639209,0.980576436876,0.136589094784,0.283718970730,0.165192868796,0.195000000000,538566
public-012,P1,3,5,0,3,3,0,11135,-0.373445654384,1.265942005291,0.370915546366,-0.080000000000,0.242355564789,0.230000000000,538558
public-012,P1,3,6,3,0,0,1,11136,-0.276473969694,0.904471202131,0.540042571663,-0.023551996776,0.333198030912,0.230000000000,538524
public-012,P1,3,7,0,2,2,0,11137,-0.821677983622,1.101242265287,0.488475563586,-0.080000000000,0.251315480635,0.195000000000,538567
public-012,P2,0,0,1,3,3,0,11200,0.395126522663,0.967905515350,0.250000000000,0.176588393923,0.363518978825,0.160000000000,538566
public-012,P2,0,1,3,2,2,0,11201,0.152371291708,0.782402369995,0.135075576467,-0.103551996776,0.415757929007,0.195000000000,538533
public-012,P2,0,2,2,3,2,1,11202,0.106572486623,0.938884418855,-0.104036709137,0.203718970730,0.235533249753,0.160000000000,538636
public-012,P2,0,3,3,1,1,0,11203,-0.036086481038,0.608386689568,-0.247498124150,-0.103551996776,0.421258263123,0.160000000000,538635
public-012,P2,0,4,1,0,0,0,11204,-0.101617282375,0.450383886153,-0.163410905216,0.176588393923,0.233116699793,0.195000000000,538566
public-012,P2,0,5,0,1,0,1,11205,-0.550788184189,0.481511459166,0.070915546366,-0.160000000000,0.267412430280,0.160000000000,538524
public-012,P2,0,6,1,3,3,0,11206,-0.619595246142,1.132763353041,0.240042571663,0.176588393923,0.376331608167,0.160000000000,538524
public-012,P2,0,7,3,2,2,0,11207,-1.026242613000,0.891741252956,0.188475563586,-0.103551996776,0.398573825278,0.195000000000,538566
public-012,P2,1,0,2,1,0,0,11210,0.123217932227,0.486213809046,0.350000000000,0.203718970730,0.602078308679,0.265000000000,538567
public-012,P2,1,1,1,2,0,1,11211,0.139389367577,0.504042356486,0.235075576467,0.176588393923,0.315823318903,0.230000000000,538625
public-012,P2,1,2,2,0,2,0,11212,0.137941361813,0.931857981971,-0.004036709137,0.203718970730,0.287056148136,0.195000000000,538566
public-012,P2,1,3,0,3,2,0,11213,-0.001180570702,0.861167840944,-0.147498124150,-0.160000000000,0.697708998298,0.265000000000,538629
public-012,P2,1,4,3,0,2,1,11214,-0.304956580529,0.979352857033,-0.063410905216,-0.103551996776,0.426929517848,0.230000000000,538625
public-012,P2,1,5,0,2,0,0,11215,-0.649562206167,0.645137526392,0.170915546366,-0.160000000000,0.325908899404,0.195000000000,538637
public-012,P2,1,6,2,1,0,0,11216,-0.681643817713,0.570407907917,0.340042571663,0.203718970730,0.623299226026,0.265000000000,538524
public-012,P2,1,7,1,2,0,1,11217,-0.836952542926,0.620981142862,0.288475563586,0.176588393923,0.302769711759,0.230000000000,538518
public-012,P2,2,0,3,0,1,0,11220,0.359027598648,0.850776638877,0.450000000000,-0.103551996776,0.522558532061,0.230000000000,538524
public-012,P2,2,1,0,2,3,1,11221,-0.160460189526,1.275057449262,0.335075576467,-0.160000000000,0.415757929007,0.195000000000,538626
public-012,P2,2,2,2,1,2,1,11222,0.111693988091,1.128138281191,0.095963290863,0.203718970730,0.338579046520,0.230000000000,538524
public-012,P2,2,3,1,2,3,0,11223,-0.456494612817,1.250335813331,-0.047498124150,0.176588393923,0.605558753239,0.230000000000,538634
public-012,P2,2,4,2,0,1,1,11224,-0.472521910005,0.787491326833,0.036589094784,0.203718970730,0.361961982524,0.195000000000,538635
public-012,P2,2,5,0,3,0,1,11225,-0.876305386035,0.662300120533,0.270915546366,-0.160000000000,0.384405368527,0.230000000000,538566
public-012,P2,2,6,3,0,1,0,11226,-0.704057723331,0.857036440224,0.440042571663,-0.103551996776,0.540976686740,0.230000000000,538566
public-012,P2,2,7,0,2,3,1,11227,-0.896282314583,1.314558908058,0.388475563586,-0.160000000000,0.398573825278,0.195000000000,538524
public-012,P2,3,0,0,2,2,0,11230,0.047149312081,1.143902466944,0.550000000000,-0.160000000000,0.443038755443,0.195000000000,538524
public-012,P2,3,1,2,1,1,0,11231,0.038746484301,0.960535214514,0.435075576467,0.203718970730,0.490381147034,0.230000000000,538524
public-012,P2,3,2,1,2,1,1,11232,-0.187278387169,1.105713725021,0.195963290863,0.176588393923,0.287056148136,0.195000000000,538566
public-012,P2,3,3,2,0,0,0,11233,0.026083511631,0.961574735674,0.052501875850,0.203718970730,0.513408508181,0.195000000000,538597
public-012,P2,3,4,0,3,3,0,11234,-0.547372334263,1.310257726221,0.136589094784,-0.160000000000,0.426929517848,0.230000000000,538524
public-012,P2,3,5,3,0,3,1,11235,-0.559000873120,1.384003409289,0.370915546366,-0.103551996776,0.325908899404,0.195000000000,538625
public-012,P2,3,6,0,2,2,0,11236,-0.491641830293,1.322566491015,0.540042571663,-0.160000000000,0.458654147453,0.195000000000,538630
public-012,P2,3,7,2,1,1,0,11237,-1.142609482490,1.017286212611,0.488475563586,0.203718970730,0.470112716994,0.230000000000,538636
public-012,P3,0,0,2,1,1,1,11300,0.359397981137,0.697406562162,0.250000000000,0.123718970730,0.961283579222,0.265000000000,538524
public-012,P3,0,1,1,2,1,0,11301,-0.159030561350,0.800207611133,0.135075576467,0.096588393923,0.770476778656,0.230000000000,538630
public-012,P3,0,2,2,0,3,1,11302,0.000235730524,1.053961718624,-0.104036709137,0.123718970730,0.464645838796,0.195000000000,538541
public-012,P3,0,3,0,3,3,1,11303,-0.590058933857,1.010129807857,-0.247498124150,-0.240000000000,0.997592599763,0.265000000000,538524
public-012,P3,0,4,3,0,3,0,11304,-0.383226715952,1.012507105604,-0.163410905216,-0.183551996776,0.766382499703,0.230000000000,538524
public-012,P3,0,5,0,2,1,1,11305,-0.453477460850,0.592310797437,0.070915546366,-0.240000000000,0.450863820641,0.195000000000,538524
public-012,P3,0,6,2,1,1,1,11306,-0.645207045923,0.539105051831,0.240042571663,0.123718970730,1.043186964082,0.265000000000,538566
public-012,P3,0,7,1,2,1,0,11307,-1.189722206374,0.537399792782,0.188475563586,0.096588393923,0.744987857713,0.230000000000,538597
public-012,P3,1,0,3,0,2,1,11310,0.299234950819,1.085257401351,0.350000000000,-0.183551996776,0.834321597060,0.230000000000,538636
public-012,P3,1,1,0,2,0,0,11311,-0.122891944306,0.552287924677,0.235075576467,-0.240000000000,0.420704112502,0.195000000000,538524
public-012,P3,1,2,2,1,3,0,11312,-0.047881354137,1.105143312640,-0.004036709137,0.123718970730,0.548043809862,0.230000000000,538636
public-012,P3,1,3,1,2,0,1,11313,-0.174132052518,0.611486174292,-0.147498124150,0.096588393923,0.865835086587,0.230000000000,538566
public-012,P3,1,4,2,0,2,0,11314,-0.434959504597,1.082165195372,-0.063410905216,0.123718970730,0.649759075835,0.195000000000,538524
public-012,P3,1,5,0,3,1,0,11315,-0.272097902198,0.849581313840,0.170915546366,-0.240000000000,0.531788096141,0.230000000000,538636
public-012,P3,1,6,3,0,2,1,11316,-0.853398850176,0.871292722283,0.340042571663,-0.183551996776,0.905407553731,0.230000000000,538566
public-012,P3,1,7,0,2,0,0,11317,-0.904358144971,0.747362098717,0.288475563586,-0.240000000000,0.406786374601,0.195000000000,538566
public-012,P3,2,0,0,2,3,1,11320,0.096518447082,1.250196008231,0.450000000000,-0.240000000000,0.707359614899,0.195000000000,538518
public-012,P3,2,1,2,1,2,1,11321,0.004505049357,1.108982995023,0.335075576467,0.123718970730,0.770476778656,0.230000000000,538566
public-012,P3,2,2,1,2,2,0,11322,0.155947245409,0.965825204521,0.095963290863,0.096588393923,0.464645838796,0.195000000000,538533
public-012,P3,2,3,2,0,1,1,11323,-0.244203518795,1.049621325172,-0.047498124150,0.123718970730,0.734077573411,0.195000000000,538566
public-012,P3,2,4,0,3,0,1,11324,-0.646494856557,0.614410028477,0.036589094784,-0.240000000000,0.493578242289,0.230000000000,538634
public-012,P3,2,5,3,0,0,0,11325,-0.686871374115,0.786131683988,0.270915546366,-0.183551996776,0.450863820641,0.195000000000,538566
public-012,P3,2,6,0,2,3,1,11326,-1.051001386532,1.279307258289,0.440042571663,-0.240000000000,0.767628143381,0.195000000000,538576
public-012,P3,2,7,2,1,2,1,11327,-0.953673187657,0.993977293570,0.388475563586,0.123718970730,0.744987857713,0.230000000000,538566
public-012,P3,3,0,1,0,0,1,11330,0.258692206753,0.797476936350,0.550000000000,0.096588393923,0.580397632738,0.160000000000,538566
public-012,P3,3,1,0,1,0,0,11331,-0.067380022888,0.711699386702,0.435075576467,-0.240000000000,0.571726101605,0.265000000000,538637
public-012,P3,3,2,1,3,2,1,11332,0.318356924630,1.234729570016,0.195963290863,0.096588393923,0.548043809862,0.230000000000,538566
public-012,P3,3,3,3,2,2,1,11333,-0.487454477639,1.330795359062,0.052501875850,-0.183551996776,0.602320060234,0.160000000000,538524
public-012,P3,3,4,2,3,2,0,11334,-0.806393622259,1.153104894752,0.136589094784,0.123718970730,0.883005923571,0.265000000000,538592
public-012,P3,3,5,3,1,0,1,11335,-0.455265854011,0.763844106498,0.370915546366,-0.183551996776,0.531788096141,0.230000000000,538566
public-012,P3,3,6,1,0,0,1,11336,-0.978292977816,0.781672598120,0.540042571663,0.096588393923,0.629848733031,0.160000000000,538641
public-012,P3,3,7,0,1,0,0,11337,-0.702100711014,0.729074697653,0.488475563586,-0.240000000000,0.552812252663,0.265000000000,538566
public-013,P0,0,0,0,3,0,0,12000,0.702524944281,0.573412440411,0.250000000000,0.000000000000,0.165469548048,0.160000000000,538635
public-013,P0,0,1,3,0,0,1,12001,0.492534015941,0.422552038428,0.135075576467,0.056448003224,0.148261619781,0.265000000000,538533
public-013,P0,0,2,0,2,2,0,12002,0.058301310673,0.719356323820,-0.104036709137,0.000000000000,0.156038432040,0.230000000000,538525
public-013,P0,0,3,2,1,2,0,12003,-0.087344433271,0.829750522393,-0.247498124150,0.363718970730,0.156356952413,0.160000000000,538596
public-013,P0,0,4,1,2,2,1,12004,-0.080755362815,0.849098070241,-0.163410905216,0.336588393923,0.196924031337,0.265000000000,538626
public-013,P0,0,5,2,0,0,0,12005,-0.737247793163,0.489184833578,0.070915546366,0.363718970730,0.139491034333,0.230000000000,538633
public-013,P0,0,6,0,3,0,0,12006,-0.548713917132,0.582814314618,0.240042571663,0.000000000000,0.161929975536,0.160000000000,538566
public-013,P0,0,7,3,0,0,1,12007,-0.120156552901,0.499009346111,0.188475563586,0.056448003224,0.147343330627,0.265000000000,538566
public-013,P0,1,0,1,2,1,0,12010,0.132014123422,0.805355969748,0.350000000000,0.336588393923,0.274058938955,0.265000000000,538566
public-013,P0,1,1,2,0,3,1,12011,0.816186046808,1.260156195885,0.235075576467,0.363718970730,0.199802204039,0.230000000000,538626
public-013,P0,1,2,0,3,2,1,12012,0.360976369080,0.927161466338,-0.004036709137,0.000000000000,0.179783410828,0.265000000000,538566
public-013,P0,1,3,3,0,3,0,12013,-0.221124319350,1.039956664426,-0.147498124150,0.056448003224,0.258966202434,0.265000000000,538566
public-013,P0,1,4,0,2,1,1,12014,-0.002242890762,0.890598530503,-0.063410905216,0.000000000000,0.170915197010,0.230000000000,538566
public-013,P0,1,5,2,1,0,1,12015,-0.390523005246,0.606045666403,0.170915546366,0.363718970730,0.160717930862,0.265000000000,538533
public-013,P0,1,6,1,2,1,0,12016,-0.496034107258,0.926233532258,0.340042571663,0.336588393923,0.268196521981,0.265000000000,538636
public-013,P0,1,7,2,0,3,1,12017,-0.628611680403,1.185810993365,0.288475563586,0.363718970730,0.198564687566,0.230000000000,538635
public-013,P0,2,0,2,0,2,0,12020,0.426350613034,1.060528495634,0.450000000000,0.363718970730,0.237862475320,0.230000000000,538566
public-013,P0,2,1,0,3,1,0,12021,0.317015626698,0.846788969900,0.335075576467,0.000000000000,0.230206887262,0.265000000000,538566
public-013,P0,2,2,3,0,1,1,12022,0.296011566003,0.862219976618,0.095963290863,0.056448003224,0.156038432040,0.230000000000,538558
public-013,P0,2,3,0,2,0,0,12023,-0.181390180971,0.732283326412,-0.047498124150,0.000000000000,0.224763119094,0.230000000000,538524
public-013,P0,2,4,2,1,3,0,12024,-0.233529622770,1.378708870023,0.036589094784,0.363718970730,0.196924031337,0.265000000000,538567
public-013,P0,2,5,1,2,3,1,12025,-0.144037066420,1.236539095309,0.270915546366,0.336588393923,0.139491034333,0.230000000000,538625
public-013,P0,2,6,2,0,2,0,12026,-0.605736702913,1.155645540667,0.440042571663,0.363718970730,0.232774339833,0.230000000000,538566
public-013,P0,2,7,0,3,1,0,12027,-0.465640492466,0.815447740394,0.388475563586,0.000000000000,0.228781053065,0.265000000000,538629
public-013,P0,3,0,3,2,3,0,12030,0.745472019330,1.332200999981,0.550000000000,0.056448003224,0.201666011684,0.195000000000,538518
public-013,P0,3,1,2,3,3,1,12031,0.824127948649,1.286298372229,0.435075576467,0.363718970730,0.138992837592,0.160000000000,538629
public-013,P0,3,2,3,1,1,0,12032,0.162417565176,1.143091544749,0.195963290863,0.056448003224,0.179783410828,0.265000000000,538524
public-013,P0,3,3,1,0,1,0,12033,-0.385390519245,0.999491929272,0.052501875850,0.336588393923,0.190560035754,0.195000000000,538566
public-013,P0,3,4,0,1,1,1,12034,0.015644492723,1.027810119013,0.136589094784,0.000000000000,0.118897528355,0.160000000000,538524
public-013,P0,3,5,1,3,3,0,12035,-0.186529008204,1.337357366032,0.370915546366,0.336588393923,0.160717930862,0.265000000000,538626
public-013,P0,3,6,3,2,3,0,12036,-0.513914711974,1.413791583951,0.540042571663,0.056448003224,0.197352157684,0.195000000000,538524
public-013,P0,3,7,2,3,3,1,12037,-0.549752438660,1.491927704634,0.488475563586,0.363718970730,0.138131956567,0.160000000000,538634
public-013,P1,0,0,1,2,2,1,12100,0.443716921653,0.931318340128,0.250000000000,0.256588393923,0.441745755167,0.265000000000,538629
public-013,P1,0,1,2,0,0,0,12101,0.260988363654,0.456027905373,0.135075576467,0.283718970730,0.190518970443,0.230000000000,538625
public-013,P1,0,2,0,3,3,0,12102,0.280330132510,1.146360568125,-0.104036709137,-0.080000000000,0.247321051451,0.265000000000,538637
public-013,P1,0,3,3,0,0,1,12103,0.117808635459,0.569727844444,-0.247498124150,-0.023551996776,0.434347089769,0.265000000000,538524
public-013,P1,0,4,0,2,2,0,12104,-0.342801418733,0.788099268020,-0.163410905216,-0.080000000000,0.301993629811,0.230000000000,538518
public-013,P1,0,5,2,1,1,0,12105,-0.406082819485,0.751934099520,0.070915546366,0.283718970730,0.247246921066,0.265000000000,538629
public-013,P1,0,6,1,2,2,1,12106,-0.361377694396,0.772833480873,0.240042571663,0.256588393923,0.425574198465,0.265000000000,538524
public-013,P1,0,7,2,0,0,0,12107,-0.958411129497,0.460496897037,0.188475563586,0.283718970730,0.197885456696,0.230000000000,538566
public-013,P1,1,0,2,0,3,1,12110,0.609925176089,1.045429662564,0.350000000000,0.283718970730,0.383401976183,0.230000000000,538634
public-013,P1,1,1,0,3,2,1,12111,0.332578124998,0.874629498961,0.235075576467,-0.080000000000,0.340836295120,0.265000000000,538635
public-013,P1,1,2,3,0,2,0,12112,0.284751974065,0.950038179427,-0.004036709137,-0.023551996776,0.214656006919,0.230000000000,538566
public-013,P1,1,3,0,2,1,1,12113,0.179098858757,0.806240661252,-0.147498124150,-0.080000000000,0.376980493007,0.230000000000,538566
public-013,P1,1,4,2,1,0,1,12114,-0.678864749765,0.645471758652,-0.063410905216,0.283718970730,0.224091946006,0.265000000000,538524
public-013,P1,1,5,1,2,0,0,12115,-0.444307697959,0.569404082361,0.170915546366,0.256588393923,0.214591667341,0.230000000000,538630
public-013,P1,1,6,2,0,3,1,12116,-0.506409656122,1.174705761478,0.340042571663,0.283718970730,0.369366285460,0.230000000000,538541
public-013,P1,1,7,0,3,2,1,12117,-0.741436451200,1.074991042367,0.288475563586,-0.080000000000,0.354014856166,0.265000000000,538524
public-013,P1,2,0,3,2,0,1,12120,0.306442560935,0.606082462128,0.450000000000,-0.023551996776,0.325058197199,0.195000000000,538597
public-013,P1,2,1,2,3,0,0,12121,-0.139809711753,0.763653881789,0.335075576467,0.283718970730,0.132534935960,0.160000000000,538524
public-013,P1,2,2,3,1,2,1,12122,0.186049059946,1.167406566629,0.095963290863,-0.023551996776,0.247321051451,0.265000000000,538625
public-013,P1,2,3,1,0,2,1,12123,-0.070185537784,1.148117962227,-0.047498124150,0.256588393923,0.319613896245,0.195000000000,538630
public-013,P1,2,4,0,1,2,0,12124,-0.625100387301,1.093376561867,0.036589094784,-0.080000000000,0.210082525086,0.160000000000,538636
public-013,P1,2,5,1,3,0,1,12125,-0.596513600800,0.696651758685,0.270915546366,0.256588393923,0.247246921066,0.265000000000,538524
public-013,P1,2,6,3,2,0,1,12126,-0.690298297370,0.764058451771,0.440042571663,-0.023551996776,0.313158372456,0.195000000000,538636
public-013,P1,2,7,2,3,0,0,12127,-0.458805749344,0.680335199673,0.388475563586,0.283718970730,0.137659448136,0.160000000000,538566
public-013,P1,3,0,0,1,1,1,12130,0.611194771241,1.041776223646,0.550000000000,-0.080000000000,0.266714418214,0.160000000000,538566
public-013,P1,3,1,1,3,3,0,12131,0.074702873708,1.278993120532,0.435075576467,0.256588393923,0.340836295120,0.265000000000,538566
public-013,P1,3,2,3,2,2,0,12132,-0.274047171007,1.260018964047,0.195963290863,-0.023551996776,0.149325917857,0.160000000000,538566
public-013,P1,3,3,2,3,3,1,12133,0.251910520830,1.431965533818,0.052501875850,0.283718970730,0.262247299483,0.160000000000,538566
public-013,P1,3,4,3,1,1,0,12134,-0.174603228596,1.057875575682,0.136589094784,-0.023551996776,0.347949182174,0.265000000000,538518
public-013,P1,3,5,1,0,0,0,12135,-0.425942933012,0.765425862977,0.370915546366,0.256588393923,0.149281159889,0.160000000000,538566
public-013,P1,3,6,0,1,1,1,12136,-0.673087966537,0.911450777376,0.540042571663,-0.080000000000,0.256950459451,0.160000000000,538533
public-013,P1,3,7,1,3,3,0,12137,-0.771634620531,1.421187880527,0.488475563586,0.256588393923,0.354014856166,0.265000000000,538566
public-013,P2,0,0,2,0,0,0,12200,0.348586022196,0.412538885039,0.250000000000,0.203718970730,0.611052536438,0.230000000000,538566
public-013,P2,0,1,0,3,3,0,12201,-0.258057399425,0.897421721252,0.135075576467,-0.160000000000,0.486096956101,0.265000000000,538524
public-013,P2,0,2,3,0,3,1,12202,0.105512111218,1.009956740413,-0.104036709137,-0.103551996776,0.390001892192,0.230000000000,538636
public-013,P2,0,3,0,2,2,0,12203,-0.411667519841,0.776542727799,-0.247498124150,-0.160000000000,0.531986937792,0.230000000000,538566
public-013,P2,0,4,2,1,1,0,12204,-0.844588470725,0.544573973802,-0.163410905216,0.203718970730,0.551889673831,0.265000000000,538566
public-013,P2,0,5,1,2,1,1,12205,-0.538545880674,0.672505522184,0.070915546366,0.176588393923,0.348408689217,0.230000000000,538566
public-013,P2,0,6,2,0,0,0,12206,-0.537274104522,0.415114923569,0.240042571663,0.203718970730,0.585796517400,0.230000000000,538566
public-013,P2,0,7,0,3,3,0,12207,-0.735471808422,0.958529081154,0.188475563586,-0.160000000000,0.510476690435,0.265000000000,538566
public-013,P2,1,0,3,2,1,0,12210,0.375078394436,0.908949924376,0.350000000000,-0.103551996776,0.518066280893,0.195000000000,538566
public-013,P2,1,1,2,3,1,1,12211,-0.002005505317,0.873904070396,0.235075576467,0.203718970730,0.293492501797,0.160000000000,538634
public-013,P2,1,2,3,1,3,0,12212,-0.217690166233,1.092171953211,-0.004036709137,-0.103551996776,0.449350006221,0.265000000000,538566
public-013,P2,1,3,1,0,3,0,12213,-0.243806017262,1.129264190167,-0.147498124150,0.176588393923,0.451032403780,0.195000000000,538576
public-013,P2,1,4,0,1,3,1,12214,-0.707795087368,1.251753564280,-0.063410905216,-0.160000000000,0.333216406842,0.160000000000,538566
public-013,P2,1,5,1,3,1,0,12215,-0.931940105582,0.676721258503,0.170915546366,0.176588393923,0.401427402794,0.265000000000,538524
public-013,P2,1,6,3,2,1,0,12216,-1.120558663223,0.681200114475,0.340042571663,-0.103551996776,0.496653569100,0.195000000000,538535
public-013,P2,1,7,2,3,1,1,12217,-1.113114945557,0.811653232632,0.288475563586,0.203718970730,0.308212341395,0.160000000000,538592
public-013,P2,2,0,0,1,2,0,12220,0.494957784139,1.055010188641,0.450000000000,-0.160000000000,0.425080025348,0.160000000000,538524
public-013,P2,2,1,1,3,0,1,12221,-0.096359393647,0.788714492623,0.335075576467,0.176588393923,0.313064143907,0.265000000000,538592
public-013,P2,2,2,3,2,3,1,12222,0.029916195163,1.361863544856,0.095963290863,-0.103551996776,0.271305664133,0.160000000000,538566
public-013,P2,2,3,2,3,0,0,12223,-0.609734370123,0.827692021546,-0.047498124150,0.203718970730,0.370077869768,0.160000000000,538641
public-013,P2,2,4,3,1,2,1,12224,-0.792261753560,1.058130907531,0.036589094784,-0.103551996776,0.551889673831,0.265000000000,538566
public-013,P2,2,5,1,0,1,1,12225,-0.515230905855,0.889835011863,0.270915546366,0.176588393923,0.242371262064,0.160000000000,538524
public-013,P2,2,6,0,1,2,0,12226,-0.532557417233,1.074141395804,0.440042571663,-0.160000000000,0.407510620800,0.160000000000,538524
public-013,P2,2,7,1,3,0,1,12227,-0.837641895123,0.610185740485,0.388475563586,0.176588393923,0.328765580754,0.265000000000,538524
public-013,P2,3,0,1,3,3,0,12230,-0.118745864916,1.378638845643,0.550000000000,0.176588393923,0.704038791983,0.265000000000,538566
public-013,P2,3,1,3,2,2,0,12231,0.202647814141,1.112048126057,0.435075576467,-0.103551996776,0.293492501797,0.160000000000,538635
public-013,P2,3,2,2,3,2,1,12232,-0.080047514875,1.160542585273,0.195963290863,0.203718970730,0.449350006221,0.265000000000,538524
public-013,P2,3,3,3,1,1,0,12233,-0.162425606462,1.051216925875,0.052501875850,-0.103551996776,0.612941471804,0.265000000000,538524
public-013,P2,3,4,1,0,0,0,12234,-0.643733287266,0.915770801326,0.136589094784,0.176588393923,0.214603502108,0.160000000000,538517
public-013,P2,3,5,0,1,0,1,12235,-0.563329920337,0.961535376728,0.370915546366,-0.160000000000,0.401427402794,0.265000000000,538524
public-013,P2,3,6,1,3,3,0,12236,-0.802564576134,1.320844711507,0.540042571663,0.176588393923,0.674939465700,0.265000000000,538518
public-013,P2,3,7,3,2,2,0,12237,-1.171966847498,1.282766874082,0.488475563586,-0.103551996776,0.308212341395,0.160000000000,538517
public-013,P3,0,0,3,2,2,1,12300,0.042737665336,0.927651358220,0.250000000000,-0.183551996776,0.813975091920,0.195000000000,538524
public-013,P3,0,1,2,3,2,0,12301,0.218044322604,0.715713830742,0.135075576467,0.123718970730,0.475064096565,0.160000000000,538558
public-013,P3,0,2,3,1,0,1,12302,0.157984475694,0.579573927106,-0.104036709137,-0.183551996776,0.642485967650,0.265000000000,538518
public-013,P3,0,3,1,0,0,1,12303,-0.519070532934,0.414301436348,-0.247498124150,0.096588393923,0.809649664886,0.195000000000,538630
public-013,P3,0,4,0,1,0,0,12304,-0.871907775236,0.352683975851,-0.163410905216,-0.240000000000,0.296883439086,0.160000000000,538566
public-013,P3,0,5,1,3,2,1,12305,-0.710756114961,0.949438697288,0.070915546366,0.096588393923,0.671850398868,0.265000000000,538635
public-013,P3,0,6,3,2,2,1,12306,-0.768999338250,0.812115371581,0.240042571663,-0.183551996776,0.787047159317,0.195000000000,538524
public-013,P3,0,7,2,3,2,0,12307,-0.694394840211,0.841856595030,0.188475563586,0.123718970730,0.457447773960,0.160000000000,538524
public-013,P3,1,0,0,1,3,1,12310,-0.002995319178,1.174221496660,0.350000000000,-0.240000000000,0.667876998498,0.160000000000,538517
public-013,P3,1,1,1,3,1,0,12311,-0.215818951547,0.711312513425,0.235075576467,0.096588393923,0.786824909935,0.265000000000,538566
public-013,P3,1,2,3,2,0,0,12312,-0.275248417055,0.719024485456,-0.004036709137,-0.183551996776,0.387916055940,0.160000000000,538634
public-013,P3,1,3,2,3,1,1,12313,-0.416223099631,0.835445297877,-0.147498124150,0.123718970730,0.664327930163,0.160000000000,538533
public-013,P3,1,4,3,1,3,0,12314,-0.377312545381,1.111812750289,-0.063410905216,-0.183551996776,0.763486628844,0.265000000000,538524
public-013,P3,1,5,1,0,2,0,12315,-0.579199997879,0.862026846789,0.170915546366,0.096588393923,0.405645523845,0.160000000000,538629
public-013,P3,1,6,0,1,3,1,12316,-0.944238717659,1.049488941747,0.340042571663,-0.240000000000,0.645782284568,0.160000000000,538566
public-013,P3,1,7,1,3,1,0,12317,-0.800636139334,0.839111384172,0.288475563586,0.096588393923,0.757647875621,0.265000000000,538518
public-013,P3,2,0,1,3,0,1,12320,0.246671516023,0.647108004991,0.450000000000,0.096588393923,1.106171278763,0.265000000000,538532
public-013,P3,2,1,3,2,3,1,12321,-0.320025941500,1.187763814888,0.335075576467,-0.183551996776,0.475064096565,0.160000000000,538625
public-013,P3,2,2,2,3,3,0,12322,0.111980124664,1.333058800160,0.095963290863,0.123718970730,0.642485967650,0.265000000000,538524
public-013,P3,2,3,3,1,2,1,12323,-0.327815677245,1.144841741736,-0.047498124150,-0.183551996776,1.100293134332,0.265000000000,538566
public-013,P3,2,4,1,0,1,1,12324,-0.748820163867,1.032895249303,0.036589094784,0.096588393923,0.460973058925,0.160000000000,538524
public-013,P3,2,5,0,1,1,0,12325,-0.750343608237,1.013911324608,0.270915546366,-0.240000000000,0.671850398868,0.265000000000,538566
public-013,P3,2,6,1,3,0,1,12326,-1.033538342055,0.711897093192,0.440042571663,0.096588393923,1.069576908816,0.265000000000,538524
public-013,P3,2,7,3,2,3,1,12327,-1.194449155411,1.162939422345,0.388475563586,-0.183551996776,0.457447773960,0.160000000000,538625
public-013,P3,3,0,2,1,1,1,12330,-0.021978662000,1.159602017825,0.550000000000,0.123718970730,0.960073185341,0.230000000000,538638
public-013,P3,3,1,1,2,1,0,12331,0.138700221569,1.106982153672,0.435075576467,0.096588393923,0.578984367688,0.195000000000,538638
public-013,P3,3,2,2,0,3,1,12332,-0.020798710823,1.404044067320,0.195963290863,0.123718970730,0.387916055940,0.160000000000,538566
public-013,P3,3,3,0,3,3,1,12333,-0.730904026723,1.429240582639,0.052501875850,-0.240000000000,0.954971399609,0.230000000000,538524
public-013,P3,3,4,3,0,3,0,12334,-0.667392696979,1.259779320587,0.136589094784,-0.183551996776,0.561810915565,0.195000000000,538533
public-013,P3,3,5,0,2,1,1,12335,-0.379769253146,0.923463657897,0.370915546366,-0.240000000000,0.405645523845,0.160000000000,538566
public-013,P3,3,6,2,1,1,1,12336,-1.122016904502,1.129333199930,0.540042571663,0.123718970730,0.928312034066,0.230000000000,538524
public-013,P3,3,7,1,2,1,0,12337,-0.956133022357,1.065613245732,0.488475563586,0.096588393923,0.557514474513,0.195000000000,538566
public-014,P0,0,0,1,0,1,0,13000,0.643763204076,0.729584744103,0.250000000000,0.336588393923,0.248968877173,0.230000000000,538566
public-014,P0,0,1,0,1,1,1,13001,0.655359323615,0.549941240820,0.135075576467,0.000000000000,0.164847793705,0.195000000000,538524
public-014,P0,0,2,1,3,3,0,13002,0.157471619785,0.950602054640,-0.104036709137,0.336588393923,0.100699572044,0.160000000000,538630
public-014,P0,0,3,3,2,3,0,13003,-0.226008350580,1.037498741762,-0.247498124150,0.056448003224,0.212973449898,0.230000000000,538541
public-014,P0,0,4,2,3,3,1,13004,-0.275095063203,0.904891778186,-0.163410905216,0.363718970730,0.147366190181,0.195000000000,538524
public-014,P0,0,5,3,1,1,0,13005,-0.572638933830,0.804772704396,0.070915546366,0.056448003224,0.104288801910,0.160000000000,538524
public-014,P0,0,6,1,0,1,0,13006,-0.783848004088,0.737356624148,0.240042571663,0.336588393923,0.247426836692,0.230000000000,538524
public-014,P0,0,7,0,1,1,1,13007,-0.530870276452,0.799370537829,0.188475563586,0.000000000000,0.167323992817,0.195000000000,538566
public-014,P0,1,0,2,3,2,0,13010,0.450645112648,1.054881161349,0.350000000000,0.363718970730,0.211082308907,0.195000000000,538630
public-014,P0,1,1,3,1,0,1,13011,0.634702700359,0.537429109244,0.235075576467,0.056448003224,0.087112191246,0.160000000000,538636
public-014,P0,1,2,1,0,3,1,13012,0.091867131221,1.224473829090,-0.004036709137,0.336588393923,0.122727603428,0.195000000000,538524
public-014,P0,1,3,0,1,0,0,13013,-0.284321232978,0.503162582157,-0.147498124150,0.000000000000,0.180564446652,0.195000000000,538636
public-014,P0,1,4,1,3,2,1,13014,-0.272135781584,0.922408730075,-0.063410905216,0.336588393923,0.120915848353,0.160000000000,538566
public-014,P0,1,5,3,2,1,1,13015,-0.731638391495,0.767916423658,0.170915546366,0.056448003224,0.127101977328,0.195000000000,538524
public-014,P0,1,6,2,3,2,0,13016,-0.926461729535,0.923858555901,0.340042571663,0.363718970730,0.209774926760,0.195000000000,538636
public-014,P0,1,7,3,1,0,1,13017,-0.597088923334,0.607635178168,0.288475563586,0.056448003224,0.088420714252,0.160000000000,538566
public-014,P0,2,0,3,1,3,0,13020,0.206859942092,1.160446973473,0.450000000000,0.056448003224,0.173195740642,0.160000000000,538566
public-014,P0,2,1,1,0,2,0,13021,0.672150122967,1.191492353541,0.335075576467,0.336588393923,0.164847793705,0.195000000000,538518
public-014,P0,2,2,0,1,2,1,13022,-0.246748775556,1.058776059287,0.095963290863,0.000000000000,0.100699572044,0.160000000000,538566
public-014,P0,2,3,1,3,1,0,13023,-0.168754824011,0.842394856946,-0.047498124150,0.336588393923,0.148155443407,0.160000000000,538533
public-014,P0,2,4,3,2,0,0,13024,-0.113163761418,0.683193217754,0.036589094784,0.056448003224,0.094909193713,0.195000000000,538566
public-014,P0,2,5,2,3,0,1,13025,-0.664720015211,0.774003513548,0.270915546366,0.363718970730,0.104288801910,0.160000000000,538634
public-014,P0,2,6,3,1,3,0,13026,-0.318878345082,1.312402634992,0.440042571663,0.056448003224,0.172123016829,0.160000000000,538566
public-014,P0,2,7,1,0,2,0,13027,-0.246422615980,0.964107350255,0.388475563586,0.336588393923,0.167323992817,0.195000000000,538576
public-014,P0,3,0,0,3,0,0,13030,0.386528449339,0.878161132748,0.550000000000,0.000000000000,0.286855445438,0.265000000000,538592
public-014,P0,3,1,3,0,0,1,13031,0.567234116348,0.897860558658,0.435075576467,0.056448003224,0.125223774916,0.230000000000,538566
public-014,P0,3,2,0,2,2,0,13032,0.132139007293,1.101690713789,0.195963290863,0.000000000000,0.122727603428,0.195000000000,538637
public-014,P0,3,3,2,1,2,0,13033,-0.109896584221,1.133406707069,0.052501875850,0.363718970730,0.245382453143,0.265000000000,538566
public-014,P0,3,4,1,2,2,1,13034,-0.242956853252,1.300172742333,0.136589094784,0.336588393923,0.173816532008,0.230000000000,538524
public-014,P0,3,5,2,0,0,0,13035,-0.710688568642,0.734964442106,0.370915546366,0.363718970730,0.127101977328,0.195000000000,538592
public-014,P0,3,6,0,3,0,0,13036,-0.424550765753,0.872879148527,0.540042571663,0.000000000000,0.285078746623,0.265000000000,538566
public-014,P0,3,7,3,0,0,1,13037,-0.281762379096,0.950280689323,0.488475563586,0.056448003224,0.127104776738,0.230000000000,538641
public-014,P1,0,0,2,3,3,1,13100,0.368257054378,1.044947268723,0.250000000000,0.283718970730,0.312521110854,0.195000000000,538576
public-014,P1,0,1,3,1,1,0,13101,0.250197440903,0.726966362533,0.135075576467,-0.023551996776,0.186071551515,0.160000000000,538566
public-014,P1,0,2,1,0,0,0,13102,0.125460576785,0.486561565347,-0.104036709137,0.256588393923,0.205842989866,0.195000000000,538524
public-014,P1,0,3,0,1,1,1,13103,-0.179585800282,0.629979689013,-0.247498124150,-0.080000000000,0.319043090453,0.195000000000,538535
public-014,P1,0,4,1,3,3,0,13104,-0.801995532597,0.907476792740,-0.163410905216,0.256588393923,0.186015779653,0.160000000000,538592
public-014,P1,0,5,3,2,2,0,13105,-0.948840465734,0.808532738444,0.070915546366,-0.023551996776,0.201685397429,0.195000000000,538566
public-014,P1,0,6,2,3,3,1,13106,-0.121753201816,1.072445757698,0.240042571663,0.283718970730,0.324604854858,0.195000000000,538637
public-014,P1,0,7,3,1,1,0,13107,-1.002016212986,0.561878778728,0.188475563586,-0.023551996776,0.187139081435,0.160000000000,538566
public-014,P1,1,0,3,1,0,1,13110,0.661494631989,0.531483946240,0.350000000000,-0.023551996776,0.256427578137,0.160000000000,538641
public-014,P1,1,1,1,0,3,1,13111,-0.006433266642,1.117680363044,0.235075576467,0.256588393923,0.226774703409,0.195000000000,538566
public-014,P1,1,2,0,1,3,0,13112,-0.365570481591,1.280150018098,-0.004036709137,-0.080000000000,0.168896812198,0.160000000000,538524
public-014,P1,1,3,1,3,2,1,13113,-0.311089199157,1.020019725460,-0.147498124150,0.256588393923,0.261778946013,0.160000000000,538524
public-014,P1,1,4,3,2,1,1,13114,-0.474213074537,0.918161447033,-0.063410905216,-0.023551996776,0.226706731452,0.195000000000,538524
public-014,P1,1,5,2,3,1,0,13115,-0.731599716192,0.715315994720,0.170915546366,0.283718970730,0.165485454300,0.160000000000,538558
public-014,P1,1,6,3,1,0,1,13116,-0.670252345165,0.538624499873,0.340042571663,-0.023551996776,0.266342445012,0.160000000000,538518
public-014,P1,1,7,1,0,3,1,13117,-0.965096878744,1.194082061492,0.288475563586,0.256588393923,0.228075755499,0.195000000000,538630
public-014,P1,2,0,0,3,1,1,13120,0.206292266967,1.022658584973,0.450000000000,-0.080000000000,0.424708176289,0.265000000000,538524
public-014,P1,2,1,3,0,1,0,13121,-0.005216831040,0.905723421807,0.335075576467,-0.023551996776,0.267477855303,0.230000000000,538517
public-014,P1,2,2,0,2,3,1,13122,-0.460035069599,1.149208233355,0.095963290863,-0.080000000000,0.205842989866,0.195000000000,538524
public-014,P1,2,3,2,1,3,1,13123,-0.356678919292,1.139667660383,-0.047498124150,0.283718970730,0.433571379334,0.265000000000,538518
public-014,P1,2,4,1,2,3,0,13124,-0.232790357032,1.239462405979,0.036589094784,0.256588393923,0.267397683251,0.230000000000,538517
public-014,P1,2,5,2,0,1,1,13125,-0.870837147701,0.979800744472,0.270915546366,0.283718970730,0.201685397429,0.195000000000,538566
public-014,P1,2,6,0,3,1,1,13126,-0.223924043837,0.838034305259,0.440042571663,-0.080000000000,0.441129674551,0.265000000000,538634
public-014,P1,2,7,3,0,1,0,13127,-0.960235959095,1.023931641289,0.388475563586,-0.023551996776,0.269012429563,0.230000000000,538533
public-014,P1,3,0,1,2,2,1,13130,0.641557109671,1.110513681624,0.550000000000,0.256588393923,0.368614643572,0.230000000000,538518
public-014,P1,3,1,2,0,0,0,13131,0.330526377224,0.737964597455,0.435075576467,0.283718970730,0.146051168376,0.195000000000,538525
public-014,P1,3,2,0,3,3,0,13132,-0.423409570062,1.379565739580,0.195963290863,-0.080000000000,0.242789167534,0.230000000000,538524
public-014,P1,3,3,3,0,0,1,13133,0.122296351608,0.851301366422,0.052501875850,-0.023551996776,0.376307234894,0.230000000000,538639
public-014,P1,3,4,0,2,2,0,13134,-0.244369150089,1.107413879142,0.136589094784,-0.080000000000,0.226706731452,0.195000000000,538532
public-014,P1,3,5,2,1,1,0,13135,-0.482399456225,0.963551453870,0.370915546366,0.283718970730,0.237885340557,0.230000000000,538625
public-014,P1,3,6,1,2,2,1,13136,-0.252440797403,1.154447703269,0.540042571663,0.256588393923,0.382867264705,0.230000000000,538524
public-014,P1,3,7,2,0,0,0,13137,-0.493229590200,0.792966327607,0.488475563586,0.283718970730,0.146889093308,0.195000000000,538566
public-014,P2,0,0,3,1,1,0,13200,0.324796818786,0.710114293645,0.250000000000,-0.103551996776,0.365714177091,0.160000000000,538533
public-014,P2,0,1,1,0,0,0,13201,0.073423498939,0.404992762154,0.135075576467,0.176588393923,0.265355872593,0.195000000000,538524
public-014,P2,0,2,0,1,0,1,13202,-0.190068884613,0.546183919217,-0.104036709137,-0.160000000000,0.238343626768,0.160000000000,538629
public-014,P2,0,3,1,3,3,0,13203,-0.753006286102,1.112569336284,-0.247498124150,0.176588393923,0.415213210815,0.160000000000,538566
public-014,P2,0,4,3,2,2,0,13204,-0.636928082494,0.819872971967,-0.163410905216,-0.103551996776,0.368078575095,0.195000000000,538518
public-014,P2,0,5,2,3,2,1,13205,-0.577514584062,0.885507928609,0.070915546366,0.203718970730,0.262451681773,0.160000000000,538525
public-014,P2,0,6,3,1,1,0,13206,-0.957074086665,0.577771810764,0.240042571663,-0.103551996776,0.384056226692,0.160000000000,538524
public-014,P2,0,7,1,0,0,0,13207,-0.995768494925,0.462713268562,0.188475563586,0.176588393923,0.251234813707,0.195000000000,538639
public-014,P2,1,0,0,3,2,0,13210,0.095288990479,1.097694637666,0.350000000000,-0.160000000000,0.605714105806,0.265000000000,538566
public-014,P2,1,1,3,0,2,1,13211,0.209181830434,0.905907644077,0.235075576467,-0.103551996776,0.485972282745,0.230000000000,538524
public-014,P2,1,2,0,2,0,0,13212,-0.148264243057,0.601799347890,-0.004036709137,-0.160000000000,0.290481295123,0.195000000000,538566
public-014,P2,1,3,2,1,0,0,13213,-0.348928494237,0.691388772448,-0.147498124150,0.203718970730,0.687696880413,0.265000000000,538524
public-014,P2,1,4,1,2,0,1,13214,-0.392006366869,0.561492085903,-0.063410905216,0.176588393923,0.279604522470,0.230000000000,538625
public-014,P2,1,5,2,0,2,0,13215,-0.594413262839,0.998861690174,0.170915546366,0.203718970730,0.319862987161,0.195000000000,538636
public-014,P2,1,6,0,3,2,0,13216,-1.152427271441,1.038553492131,0.340042571663,-0.160000000000,0.636093125458,0.265000000000,538524
public-014,P2,1,7,3,0,2,1,13217,-0.901344845070,1.025819312813,0.288475563586,-0.103551996776,0.460111000104,0.230000000000,538566
public-014,P2,2,0,1,2,3,0,13220,0.120628742979,1.216079084686,0.450000000000,0.176588393923,0.525714129568,0.230000000000,538524
public-014,P2,2,1,2,0,1,1,13221,0.054519284329,0.869235192778,0.335075576467,0.203718970730,0.412019978849,0.195000000000,538533
public-014,P2,2,2,0,3,0,1,13222,-0.090808908796,0.824111156161,0.095963290863,-0.160000000000,0.342618963478,0.230000000000,538566
public-014,P2,2,3,3,0,1,0,13223,-0.606852997770,0.972081030992,-0.047498124150,-0.103551996776,0.596868990547,0.230000000000,538524
public-014,P2,2,4,0,2,3,1,13224,-0.899696029382,1.239649852064,0.036589094784,-0.160000000000,0.368078575095,0.195000000000,538566
public-014,P2,2,5,2,1,2,1,13225,-0.907844288373,1.121049163215,0.270915546366,0.203718970730,0.377274292549,0.230000000000,538518
public-014,P2,2,6,1,2,3,0,13226,-1.112839393514,1.221592015306,0.440042571663,0.176588393923,0.552080825870,0.230000000000,538523
public-014,P2,2,7,2,0,1,1,13227,-1.031295989784,0.893978605694,0.388475563586,0.203718970730,0.390094108784,0.195000000000,538638
public-014,P2,3,0,2,0,0,0,13230,0.115977452142,0.844228205812,0.550000000000,0.203718970730,0.445714153329,0.195000000000,538625
public-014,P2,3,1,0,3,3,0,13231,-0.160312821960,1.511956956112,0.435075576467,-0.160000000000,0.485972282745,0.230000000000,538634
public-014,P2,3,2,3,0,3,1,13232,-0.414949831537,1.261255332291,0.195963290863,-0.103551996776,0.290481295123,0.195000000000,538533
public-014,P2,3,3,0,2,2,0,13233,-0.687992572948,1.188784317250,0.052501875850,-0.160000000000,0.506041100681,0.195000000000,538524
public-014,P2,3,4,2,1,1,0,13234,-0.804925556220,1.155386378945,0.136589094784,0.203718970730,0.434143960368,0.230000000000,538566
public-014,P2,3,5,1,2,1,1,13235,-0.871385883948,0.925159993535,0.370915546366,0.176588393923,0.319862987161,0.195000000000,538524
public-014,P2,3,6,2,0,0,0,13236,-1.085611659980,0.989639741090,0.540042571663,0.203718970730,0.468068526281,0.195000000000,538566
public-014,P2,3,7,0,3,3,0,13237,-0.960651321934,1.388537671220,0.488475563586,-0.160000000000,0.460111000104,0.230000000000,538518
public-014,P3,0,0,0,3,3,1,13300,-0.242882127004,1.146910398912,0.250000000000,-0.240000000000,0.980444211317,0.265000000000,538638
public-014,P3,0,1,3,0,3,0,13301,-0.325373024470,0.904114054080,0.135075576467,-0.183551996776,0.694848932921,0.230000000000,538524
public-014,P3,0,2,0,2,1,1,13302,-0.122707506966,0.677297229745,-0.104036709137,-0.240000000000,0.521443872504,0.195000000000,538566
public-014,P3,0,3,2,1,1,1,13303,-0.502083093372,0.685447075337,-0.247498124150,0.123718970730,0.951362922317,0.265000000000,538524
public-014,P3,0,4,1,2,1,0,13304,-1.070031028535,0.696930536942,-0.163410905216,0.096588393923,0.726606581687,0.230000000000,538625
public-014,P3,0,5,2,0,3,1,13305,-0.899091645423,0.907292331908,0.070915546366,0.123718970730,0.506887035710,0.195000000000,538634
public-014,P3,0,6,0,3,3,1,13306,-1.273732975926,1.098656536581,0.240042571663,-0.240000000000,0.944087387790,0.265000000000,538533
public-014,P3,0,7,3,0,3,0,13307,-0.977101945361,0.951474075907,0.188475563586,-0.183551996776,0.755012672993,0.230000000000,538524
public-014,P3,1,0,1,2,0,1,13310,0.245148562445,0.615527022156,0.350000000000,0.096588393923,0.850951579633,0.230000000000,538518
public-014,P3,1,1,2,0,2,0,13311,-0.316265890314,1.012354539236,0.235075576467,0.123718970730,0.589111051825,0.195000000000,538524
public-014,P3,1,2,0,3,1,0,13312,-0.058148126795,0.770540461732,-0.004036709137,-0.240000000000,0.615036362441,0.230000000000,538631
public-014,P3,1,3,3,0,2,1,13313,-0.653328443465,0.852679537775,-0.147498124150,-0.183551996776,0.825711215596,0.230000000000,538524
public-014,P3,1,4,0,2,0,0,13314,-0.731624094486,0.646749301798,-0.063410905216,-0.240000000000,0.396749630300,0.195000000000,538566
public-014,P3,1,5,2,1,3,0,13315,-0.397195910700,1.187336217330,0.170915546366,0.123718970730,0.597866760069,0.230000000000,538524
public-014,P3,1,6,1,2,0,1,13316,-1.188085675541,0.471850952397,0.340042571663,0.096588393923,0.819396600723,0.230000000000,538524
public-014,P3,1,7,2,0,2,0,13317,-0.987567625477,0.953239530857,0.288475563586,0.123718970730,0.640119440146,0.195000000000,538645
public-014,P3,2,0,2,0,1,1,13320,0.226304910778,0.834646373822,0.450000000000,0.123718970730,0.721458947950,0.195000000000,538591
public-014,P3,2,1,0,3,0,1,13321,0.097244543429,0.851815729144,0.335075576467,-0.240000000000,0.447508019952,0.230000000000,538597
public-014,P3,2,2,3,0,0,0,13322,-0.164099185335,0.817622914728,0.095963290863,-0.183551996776,0.521443872504,0.195000000000,538524
public-014,P3,2,3,0,2,3,1,13323,-0.350773446988,1.372988227764,-0.047498124150,-0.240000000000,0.700059508875,0.195000000000,538566
public-014,P3,2,4,2,1,2,1,13324,-0.568817024590,1.156602279650,0.036589094784,0.123718970730,0.726606581687,0.230000000000,538566
public-014,P3,2,5,1,2,2,0,13325,-0.898542570187,1.228788016770,0.270915546366,0.096588393923,0.506887035710,0.195000000000,538634
public-014,P3,2,6,2,0,1,1,13326,-1.055202954263,0.843334825456,0.440042571663,0.123718970730,0.694705813657,0.195000000000,538636
public-014,P3,2,7,0,3,0,1,13327,-0.753980778900,0.647570624045,0.388475563586,-0.240000000000,0.486255659787,0.230000000000,538524
public-014,P3,3,0,3,2,2,1,13330,0.186658374515,1.163830567298,0.550000000000,-0.183551996776,0.591966316267,0.160000000000,538525
public-014,P3,3,1,2,3,2,0,13331,-0.199690203440,1.181552653767,0.435075576467,0.123718970730,0.800586814018,0.265000000000,538524
public-014,P3,3,2,3,1,0,1,13332,-0.388315503090,0.743883643015,0.195963290863,-0.183551996776,0.615036362441,0.230000000000,538518
public-014,P3,3,3,1,0,0,1,13333,-0.740312174240,0.752192614590,0.052501875850,0.096588393923,0.574407802154,0.160000000000,538524
public-014,P3,3,4,0,1,0,0,13334,-0.503449511708,0.786855799968,0.136589094784,-0.240000000000,0.539172574510,0.265000000000,538524
public-014,P3,3,5,1,3,2,1,13335,-0.424821227613,1.193552559348,0.370915546366,0.096588393923,0.597866760069,0.230000000000,538566
public-014,P3,3,6,3,2,2,1,13336,-0.718623204899,1.111487202874,0.540042571663,-0.183551996776,0.570015026590,0.160000000000,538627
public-014,P3,3,7,2,3,2,0,13337,-1.029458444657,1.234097702858,0.488475563586,0.123718970730,0.869905905840,0.265000000000,538524
public-015,P0,0,0,2,1,2,0,14000,-0.048857215379,0.754675802865,0.250000000000,0.363718970730,0.168543999856,0.160000000000,538524
public-015,P0,0,1,1,2,2,1,14001,0.491142582017,0.952900204837,0.135075576467,0.336588393923,0.207825245490,0.265000000000,538524
public-015,P0,0,2,2,0,0,0,14002,-0.247474289168,0.612923015549,-0.104036709137,0.363718970730,0.137162658458,0.230000000000,538558
public-015,P0,0,3,0,3,0,0,14003,-0.502331497916,0.486646144748,-0.247498124150,0.000000000000,0.150670424992,0.160000000000,538518
public-015,P0,0,4,3,0,0,1,14004,-0.236168957971,0.532669137492,-0.163410905216,0.056448003224,0.138617730292,0.265000000000,538630
public-015,P0,0,5,0,2,2,0,14005,-0.865084904492,0.764037459556,0.070915546366,0.000000000000,0.159351894383,0.230000000000,538566
public-015,P0,0,6,2,1,2,0,14006,-0.383079550225,0.949275314554,0.240042571663,0.363718970730,0.171075720138,0.160000000000,538635
public-015,P0,0,7,1,2,2,1,14007,-0.289402065159,0.856281763166,0.188475563586,0.336588393923,0.212516943912,0.265000000000,538524
public-015,P0,1,0,3,0,3,0,14010,0.456066731251,1.202130581940,0.350000000000,0.056448003224,0.279150999761,0.265000000000,538518
public-015,P0,1,1,0,2,1,1,14011,0.283661386133,0.748656195821,0.235075576467,0.000000000000,0.180376628162,0.230000000000,538517
public-015,P0,1,2,2,1,0,1,14012,-0.364871087891,0.746412560280,-0.004036709137,0.363718970730,0.158035236919,0.265000000000,538566
public-015,P0,1,3,1,2,1,0,14013,-0.179871034660,0.846955373017,-0.147498124150,0.336588393923,0.249547891393,0.265000000000,538634
public-015,P0,1,4,2,0,3,1,14014,-0.407954240654,1.167975019725,-0.063410905216,0.363718970730,0.186805783399,0.230000000000,538533
public-015,P0,1,5,0,3,2,1,14015,-0.587227271186,0.964640007707,0.170915546366,0.000000000000,0.183601095702,0.265000000000,538524
public-015,P0,1,6,3,0,3,0,14016,-0.727636608915,1.190719143340,0.340042571663,0.056448003224,0.283344161479,0.265000000000,538629
public-015,P0,1,7,0,2,1,1,14017,-0.572555934604,0.750650162682,0.288475563586,0.000000000000,0.184448668301,0.230000000000,538566
public-015,P0,2,0,0,2,0,0,14020,0.391614382373,0.597913045655,0.450000000000,0.000000000000,0.242281999793,0.230000000000,538639
public-015,P0,2,1,2,1,3,0,14021,0.299496523615,1.189556678955,0.335075576467,0.363718970730,0.207825245490,0.265000000000,538532
public-015,P0,2,2,1,2,3,1,14022,-0.229874835669,1.386825285044,0.095963290863,0.336588393923,0.137162658458,0.230000000000,538625
public-015,P0,2,3,2,0,2,0,14023,-0.621872013182,1.048900471748,-0.047498124150,0.363718970730,0.216588735926,0.230000000000,538524
public-015,P0,2,4,0,3,1,0,14024,-0.193409661694,0.945159920988,0.036589094784,0.000000000000,0.215232750438,0.265000000000,538566
public-015,P0,2,5,3,0,1,1,14025,-0.557135695437,0.795032452826,0.270915546366,0.056448003224,0.159351894383,0.230000000000,538524
public-015,P0,2,6,0,2,0,0,14026,-0.485078535672,0.736615342067,0.440042571663,0.000000000000,0.245921347698,0.230000000000,538566
public-015,P0,2,7,2,1,3,0,14027,-0.207981779952,1.278988821115,0.388475563586,0.363718970730,0.212516943912,0.265000000000,538524
public-015,P0,3,0,1,0,1,0,14030,0.481105027843,0.989311600682,0.550000000000,0.336588393923,0.205412999824,0.195000000000,538566
public-015,P0,3,1,0,1,1,1,14031,0.463998785076,1.019809927474,0.435075576467,0.000000000000,0.125479393504,0.160000000000,538638
public-015,P0,3,2,1,3,3,0,14032,-0.329050770449,1.313121711065,0.195963290863,0.336588393923,0.158035236919,0.265000000000,538638
public-015,P0,3,3,3,2,3,0,14033,-0.034149577329,1.313029315054,0.052501875850,0.056448003224,0.183629580459,0.195000000000,538566
public-015,P0,3,4,2,3,3,1,14034,-0.265359016066,1.504720992195,0.136589094784,0.363718970730,0.129951849321,0.160000000000,538524
public-015,P0,3,5,3,1,1,0,14035,-0.526309197434,1.028735522650,0.370915546366,0.056448003224,0.183601095702,0.265000000000,538533
public-015,P0,3,6,1,0,1,0,14036,-0.651902606920,1.128933237964,0.540042571663,0.336588393923,0.208498533918,0.195000000000,538566
public-015,P0,3,7,0,1,1,1,14037,-0.268954304001,0.925410451904,0.488475563586,0.000000000000,0.128312117079,0.160000000000,538524
public-015,P1,0,0,3,0,0,1,14100,0.340622854007,0.442682784989,0.250000000000,-0.023551996776,0.384017181877,0.265000000000,538524
public-015,P1,0,1,0,2,2,0,14101,-0.357173163342,0.735579649386,0.135075576467,-0.080000000000,0.302533932103,0.230000000000,538625
public-015,P1,0,2,2,1,1,0,14102,0.003396721867,0.739095259611,-0.104036709137,0.283718970730,0.279235759430,0.265000000000,538636
public-015,P1,0,3,1,2,2,1,14103,-0.163015416080,0.955789809448,-0.247498124150,0.256588393923,0.383902079094,0.265000000000,538524
public-015,P1,0,4,2,0,0,0,14104,-0.553899793003,0.438714157563,-0.163410905216,0.283718970730,0.190907457556,0.230000000000,538566
public-015,P1,0,5,0,3,3,0,14105,-0.541214345647,1.135030567145,0.070915546366,-0.080000000000,0.284103576831,0.265000000000,538638
public-015,P1,0,6,3,0,0,1,14106,-0.556650066372,0.584294535344,0.240042571663,-0.023551996776,0.386220365697,0.265000000000,538638
public-015,P1,0,7,0,2,2,0,14107,-0.505210716604,0.777661187317,0.188475563586,-0.080000000000,0.289888238127,0.230000000000,538566
public-015,P1,1,0,0,2,1,1,14110,0.155677162243,0.726663667500,0.350000000000,-0.080000000000,0.333297931441,0.230000000000,538524
public-015,P1,1,1,2,1,0,1,14111,0.115716421731,0.609270581229,0.235075576467,0.283718970730,0.224492872980,0.265000000000,538566
public-015,P1,1,2,1,2,0,0,14112,-0.586960091923,0.683544265887,-0.004036709137,0.256588393923,0.242355564789,0.230000000000,538518
public-015,P1,1,3,2,0,3,1,14113,-0.055873950934,1.056525332808,-0.147498124150,0.283718970730,0.333198030912,0.230000000000,538523
public-015,P1,1,4,0,3,2,1,14114,-0.654044763997,0.902963708425,-0.063410905216,-0.080000000000,0.341531294196,0.265000000000,538638
public-015,P1,1,5,3,0,2,0,14115,-0.842166029199,1.074190444093,0.170915546366,-0.023551996776,0.246580462910,0.230000000000,538524
public-015,P1,1,6,0,2,1,1,14116,-0.189277418997,0.835222762050,0.340042571663,-0.080000000000,0.335210128718,0.230000000000,538566
public-015,P1,1,7,2,1,0,1,14117,-0.917603946309,0.620527850077,0.288475563586,0.283718970730,0.215109237393,0.265000000000,538524
public-015,P1,2,0,1,0,2,1,14120,0.502613508899,1.073646708831,0.450000000000,0.256588393923,0.282578681004,0.195000000000,538524
public-015,P1,2,1,0,1,2,0,14121,-0.405637170576,1.151842257939,0.335075576467,-0.080000000000,0.210458387550,0.160000000000,538566
public-015,P1,2,2,1,3,0,1,14122,-0.011750265569,0.641990764202,0.095963290863,0.256588393923,0.279235759430,0.265000000000,538524
public-015,P1,2,3,3,2,0,1,14123,0.086085261688,0.628152002483,-0.047498124150,-0.023551996776,0.282493982730,0.195000000000,538566
public-015,P1,2,4,2,3,0,0,14124,-0.471798124528,0.868768689777,0.036589094784,0.283718970730,0.132805187865,0.160000000000,538518
public-015,P1,2,5,3,1,2,1,14125,-0.940622937341,1.207559507156,0.270915546366,-0.023551996776,0.284103576831,0.265000000000,538524
public-015,P1,2,6,1,0,2,1,14126,-0.724938993851,1.131252299410,0.440042571663,0.256588393923,0.284199891739,0.195000000000,538631
public-015,P1,2,7,0,1,2,0,14127,-0.510929790275,1.082089602027,0.388475563586,-0.080000000000,0.201661383045,0.160000000000,538524
public-015,P1,3,0,2,3,3,1,14130,0.680712426017,1.266799983773,0.550000000000,0.283718970730,0.231859430567,0.160000000000,538645
public-015,P1,3,1,3,1,1,0,14131,-0.268691586900,1.014164994193,0.435075576467,-0.023551996776,0.348571704380,0.265000000000,538524
public-015,P1,3,2,1,0,0,0,14132,-0.469308612820,0.799948905274,0.195963290863,0.256588393923,0.168595175505,0.160000000000,538566
public-015,P1,3,3,0,1,1,1,14133,-0.123218270277,0.921639051253,0.052501875850,-0.080000000000,0.231789934548,0.160000000000,538541
public-015,P1,3,4,1,3,3,0,14134,-0.392806875480,1.431407137039,0.136589094784,0.256588393923,0.341531294196,0.265000000000,538591
public-015,P1,3,5,3,2,2,0,14135,-0.795560185762,1.077022205716,0.370915546366,-0.023551996776,0.171534235068,0.160000000000,538597
public-015,P1,3,6,2,3,3,1,14136,-0.232162466793,1.517946554360,0.540042571663,0.283718970730,0.233189654760,0.160000000000,538524
public-015,P1,3,7,3,1,1,0,14137,-0.886567360773,0.903205112174,0.488475563586,-0.023551996776,0.334001665668,0.265000000000,538566
public-015,P2,0,0,0,2,2,0,14200,0.027734174552,0.751618965319,0.250000000000,-0.160000000000,0.605558753239,0.230000000000,538524
public-015,P2,0,1,2,1,1,0,14201,-0.363713449990,0.689211544030,0.135075576467,0.203718970730,0.491897053173,0.265000000000,538566
public-015,P2,0,2,1,2,1,1,14202,-0.481912566717,0.724515810782,-0.104036709137,0.176588393923,0.384405368527,0.230000000000,538524
public-015,P2,0,3,2,0,0,0,14203,-0.454675269786,0.609949857196,-0.247498124150,0.203718970730,0.540976686740,0.230000000000,538524
public-015,P2,0,4,0,3,3,0,14204,-0.970928374722,1.158971079676,-0.163410905216,-0.160000000000,0.541651608711,0.265000000000,538645
public-015,P2,0,5,3,0,3,1,14205,-1.003987476617,1.154649342258,0.070915546366,-0.103551996776,0.355560159242,0.230000000000,538524
public-015,P2,0,6,0,2,2,0,14206,-1.203095901930,0.852632325005,0.240042571663,-0.160000000000,0.573333610717,0.230000000000,538566
public-015,P2,0,7,2,1,1,0,14207,-0.599927273238,0.639652709650,0.188475563586,0.203718970730,0.521967713097,0.265000000000,538541
public-015,P2,1,0,1,0,3,0,14210,-0.283093207977,1.058412851979,0.350000000000,0.176588393923,0.513408508181,0.195000000000,538566
public-015,P2,1,1,0,1,3,1,14211,-0.138579080839,1.059880241645,0.235075576467,-0.160000000000,0.296994447199,0.160000000000,538566
public-015,P2,1,2,1,3,1,0,14212,-0.543004297209,0.818620793760,-0.004036709137,0.176588393923,0.442901837651,0.265000000000,538634
public-015,P2,1,3,3,2,1,0,14213,-0.564746259251,0.686801496731,-0.147498124150,-0.103551996776,0.458654147453,0.195000000000,538636
public-015,P2,1,4,2,3,1,1,14214,-0.524313176561,0.674241694404,-0.063410905216,0.203718970730,0.327034933561,0.160000000000,538524
public-015,P2,1,5,3,1,3,0,14215,-1.148710437523,1.237279575475,0.170915546366,-0.103551996776,0.409667139996,0.265000000000,538537
public-015,P2,1,6,1,0,3,0,14216,-0.619546772468,1.255979840659,0.340042571663,0.176588393923,0.486087191695,0.195000000000,538635
public-015,P2,1,7,0,1,3,1,14217,-0.799750712535,1.038771678089,0.288475563586,-0.160000000000,0.315150317341,0.160000000000,538566
public-015,P2,2,0,2,3,0,0,14220,-0.275571539907,0.722341197803,0.450000000000,0.203718970730,0.421258263123,0.160000000000,538524
public-015,P2,2,1,3,1,2,1,14221,-0.173287579083,1.221489606699,0.335075576467,-0.103551996776,0.491897053173,0.265000000000,538524
public-015,P2,2,2,1,0,1,1,14222,-0.438194978703,0.904431590390,0.095963290863,0.176588393923,0.267412430280,0.160000000000,538566
public-015,P2,2,3,0,1,2,0,14223,-0.764174500838,1.013164875446,-0.047498124150,-0.160000000000,0.376331608167,0.160000000000,538627
public-015,P2,2,4,1,3,0,1,14224,-0.725386333946,0.846565660002,0.036589094784,0.176588393923,0.348843363548,0.265000000000,538524
public-015,P2,2,5,3,2,3,1,14225,-1.099764418730,1.154060414141,0.270915546366,-0.103551996776,0.247346197733,0.160000000000,538533
public-015,P2,2,6,2,3,0,0,14226,-0.683255765502,0.781515523175,0.440042571663,0.203718970730,0.398840772672,0.160000000000,538524
public-015,P2,2,7,3,1,2,1,14227,-0.888840315961,1.090837012356,0.388475563586,-0.103551996776,0.521967713097,0.265000000000,538626
public-015,P2,3,0,3,1,1,0,14230,-0.018284867148,0.968534996652,0.550000000000,-0.103551996776,0.697708998298,0.265000000000,538525
public-015,P2,3,1,1,0,0,0,14231,0.046270478380,0.947016994911,0.435075576467,0.176588393923,0.191275240856,0.160000000000,538524
public-015,P2,3,2,0,1,0,1,14232,-0.388931965188,0.793502655718,0.195963290863,-0.160000000000,0.442901837651,0.265000000000,538625
public-015,P2,3,3,1,3,3,0,14233,-0.549612516895,1.363810388727,0.052501875850,0.176588393923,0.623299226026,0.265000000000,538566
public-015,P2,3,4,3,2,2,0,14234,-0.680849725566,1.156552216154,0.136589094784,-0.103551996776,0.327034933561,0.160000000000,538541
public-015,P2,3,5,2,3,2,1,14235,-1.154894927871,1.342621374691,0.370915546366,0.203718970730,0.409667139996,0.265000000000,538518
public-015,P2,3,6,3,1,1,0,14236,-0.832026725034,0.937999349481,0.540042571663,-0.103551996776,0.660580029739,0.265000000000,538566
public-015,P2,3,7,1,0,0,0,14237,-0.909343643260,0.982336145471,0.488475563586,0.176588393923,0.202968282484,0.160000000000,538524
public-015,P3,0,0,1,0,0,1,14300,0.103740341648,0.384523291310,0.250000000000,0.096588393923,0.734077573411,0.195000000000,538626
public-015,P3,0,1,0,1,0,0,14301,-0.037153670012,0.596652369347,0.135075576467,-0.240000000000,0.343358777245,0.160000000000,538566
public-015,P3,0,2,1,3,2,1,14302,-0.314167716321,0.827443995382,-0.104036709137,0.096588393923,0.612712371640,0.265000000000,538635
public-015,P3,0,3,3,2,2,1,14303,-0.985407138158,0.930075694807,-0.247498124150,-0.183551996776,0.767628143381,0.195000000000,538626
public-015,P3,0,4,2,3,2,0,14304,-1.078953661818,0.832218555546,-0.163410905216,0.123718970730,0.518252422757,0.160000000000,538525
public-015,P3,0,5,3,1,0,1,14305,-0.345161348872,0.361961783748,0.070915546366,-0.183551996776,0.608026662422,0.265000000000,538524
public-015,P3,0,6,1,0,0,1,14306,-0.731740857538,0.562037933203,0.240042571663,0.096588393923,0.797637939163,0.195000000000,538625
public-015,P3,0,7,0,1,0,0,14307,-0.864563672321,0.453824892902,0.188475563586,-0.240000000000,0.319899114677,0.160000000000,538566
public-015,P3,1,0,2,3,1,1,14310,-0.392925922615,0.868999285000,0.350000000000,0.123718970730,0.602320060234,0.160000000000,538524
public-015,P3,1,1,3,1,3,0,14311,-0.589923342458,1.225521252146,0.235075576467,-0.183551996776,0.883005923571,0.265000000000,538524
public-015,P3,1,2,1,0,2,0,14312,0.080953031555,0.889103126070,-0.004036709137,0.096588393923,0.369939545141,0.160000000000,538629
public-015,P3,1,3,0,1,3,1,14313,-0.532074622530,1.065612537145,-0.147498124150,-0.240000000000,0.629848733031,0.160000000000,538626
public-015,P3,1,4,1,3,1,0,14314,-0.672768188992,0.874154530407,-0.063410905216,0.096588393923,0.858355575191,0.265000000000,538523
public-015,P3,1,5,3,2,0,0,14315,-0.685367680053,0.638574815535,0.170915546366,-0.183551996776,0.367110437689,0.160000000000,538566
public-015,P3,1,6,2,3,1,1,14316,-1.044900369017,0.821252910362,0.340042571663,0.123718970730,0.654472155210,0.160000000000,538635
public-015,P3,1,7,3,1,3,0,14317,-0.772211634491,1.179604896960,0.288475563586,-0.183551996776,0.822675381918,0.265000000000,538566
public-015,P3,2,0,3,1,2,1,14320,0.115926593225,1.159009839116,0.450000000000,-0.183551996776,0.997592599763,0.265000000000,538591
public-015,P3,2,1,1,0,1,1,14321,-0.149606368511,0.787735299797,0.335075576467,0.096588393923,0.533135651967,0.160000000000,538633
public-015,P3,2,2,0,1,1,0,14322,0.087095176749,0.822305762784,0.095963290863,-0.240000000000,0.612712371640,0.265000000000,538625
public-015,P3,2,3,1,3,0,1,14323,-0.982360658257,0.747703808471,-0.047498124150,0.096588393923,1.043186964082,0.265000000000,538566
public-015,P3,2,4,3,2,3,1,14324,-0.951104728587,1.220410424031,0.036589094784,-0.183551996776,0.518252422757,0.160000000000,538566
public-015,P3,2,5,2,3,3,0,14325,-0.818115770960,1.406485262342,0.270915546366,0.123718970730,0.608026662422,0.265000000000,538566
public-015,P3,2,6,3,1,2,1,14326,-1.228569762771,0.971871982154,0.440042571663,-0.183551996776,1.083969507067,0.265000000000,538566
public-015,P3,2,7,1,0,1,1,14327,-0.725835227335,0.874851696644,0.388475563586,0.096588393923,0.496709664554,0.160000000000,538518
public-015,P3,3,0,0,3,3,1,14330,0.176145304802,1.511904865855,0.550000000000,-0.240000000000,0.865835086587,0.230000000000,538625
public-015,P3,3,1,3,0,3,0,14331,-0.453281029342,1.393402765271,0.435075576467,-0.183551996776,0.649759075835,0.195000000000,538635
public-015,P3,3,2,0,2,1,1,14332,-0.118619559924,1.047544208466,0.195963290863,-0.240000000000,0.369939545141,0.160000000000,538566
public-015,P3,3,3,2,1,1,1,14333,-0.936287973233,0.962562605823,0.052501875850,0.123718970730,0.905407553731,0.230000000000,538524
public-015,P3,3,4,1,2,1,0,14334,-0.646241945297,0.959492842766,0.136589094784,0.096588393923,0.631620140235,0.195000000000,538518
public-015,P3,3,5,2,0,3,1,14335,-0.817866853410,1.526997211947,0.370915546366,0.123718970730,0.367110437689,0.160000000000,538592
public-015,P3,3,6,0,3,3,1,14336,-1.313216350567,1.289077501508,0.540042571663,-0.240000000000,0.940803723115,0.230000000000,538524
public-015,P3,3,7,3,0,3,0,14337,-0.745160207319,1.445085626095,0.488475563586,-0.183551996776,0.605364903676,0.195000000000,538524
public-016,P0,0,0,3,2,3,0,15000,0.300273790550,0.980991859570,0.250000000000,0.056448003224,0.224763119094,0.230000000000,538523
public-016,P0,0,1,2,3,3,1,15001,0.038959343011,0.925205461053,0.135075576467,0.363718970730,0.144906362682,0.195000000000,538638
public-016,P0,0,2,3,1,1,0,15002,-0.528854781576,0.583508106282,-0.104036709137,0.056448003224,0.097037241275,0.160000000000,538524
public-016,P0,0,3,1,0,1,0,15003,-0.435024866514,0.627689246934,-0.247498124150,0.336588393923,0.232774339833,0.230000000000,538566
public-016,P0,0,4,0,1,1,1,15004,-0.235507858184,0.793070871766,-0.163410905216,0.000000000000,0.168348322066,0.195000000000,538524
public-016,P0,0,5,1,3,3,0,15005,-0.316870073399,1.041108825812,0.070915546366,0.336588393923,0.110178994532,0.160000000000,538625
public-016,P0,0,6,3,2,3,0,15006,-0.512123110895,0.948179904355,0.240042571663,0.056448003224,0.229837193558,0.230000000000,538634
public-016,P0,0,7,2,3,3,1,15007,-0.205173175634,0.941256837878,0.188475563586,0.363718970730,0.146247724385,0.195000000000,538533
public-016,P0,1,0,0,1,0,0,15010,-0.068831765445,0.561821664174,0.350000000000,0.000000000000,0.190560035754,0.195000000000,538566
public-016,P0,1,1,1,3,2,1,15011,0.085499623599,0.955237292367,0.235075576467,0.336588393923,0.118897528355,0.160000000000,538518
public-016,P0,1,2,3,2,1,1,15012,-0.435216068211,0.712589655937,-0.004036709137,0.056448003224,0.118264137804,0.195000000000,538524
public-016,P0,1,3,2,3,2,0,15013,-0.271267617927,0.900570235532,-0.147498124150,0.363718970730,0.197352157684,0.195000000000,538631
public-016,P0,1,4,3,1,0,1,15014,-0.028561831346,0.590714450698,-0.063410905216,0.056448003224,0.088962010945,0.160000000000,538524
public-016,P0,1,5,1,0,3,1,15015,-0.550384347027,1.154878880666,0.170915546366,0.336588393923,0.134280649586,0.195000000000,538566
public-016,P0,1,6,0,1,0,0,15016,-0.646834878278,0.668337578393,0.340042571663,0.000000000000,0.194861968451,0.195000000000,538524
public-016,P0,1,7,1,3,2,1,15017,-0.265933684971,0.883243700920,0.288475563586,0.336588393923,0.119998132829,0.160000000000,538524
public-016,P0,2,0,1,3,1,0,15020,0.238014403300,0.852566282003,0.450000000000,0.336588393923,0.156356952413,0.160000000000,538541
public-016,P0,2,1,3,2,0,0,15021,0.167635084005,0.600280321449,0.335075576467,0.056448003224,0.093324975214,0.195000000000,538591
public-016,P0,2,2,2,3,0,1,15022,-0.423216856624,0.690625251138,0.095963290863,0.363718970730,0.097037241275,0.160000000000,538597
public-016,P0,2,3,3,1,3,0,15023,-0.640649212264,1.248877497715,-0.047498124150,0.056448003224,0.161929975536,0.160000000000,538524
public-016,P0,2,4,1,0,2,0,15024,-0.437512690632,1.048167288525,0.036589094784,0.336588393923,0.168348322066,0.195000000000,538566
public-016,P0,2,5,0,1,2,1,15025,-0.433371802040,1.185969022755,0.270915546366,0.000000000000,0.110178994532,0.160000000000,538566
public-016,P0,2,6,1,3,1,0,15026,-0.449658330315,0.775323133019,0.440042571663,0.336588393923,0.159886743345,0.160000000000,538634
public-016,P0,2,7,3,2,0,0,15027,-0.358042504404,0.626578203099,0.388475563586,0.056448003224,0.094188861004,0.195000000000,538636
public-016,P0,3,0,2,1,2,0,15030,-0.086291190309,1.234094136545,0.550000000000,0.363718970730,0.258966202434,0.265000000000,538566
public-016,P0,3,1,1,2,2,1,15031,0.019824238003,1.101034766390,0.435075576467,0.336588393923,0.170915197010,0.230000000000,538525
public-016,P0,3,2,2,0,0,0,15032,-0.453122145076,0.814718141553,0.195963290863,0.363718970730,0.118264137804,0.195000000000,538524
public-016,P0,3,3,0,3,0,0,15033,-0.750561158400,0.836427138507,0.052501875850,0.000000000000,0.268196521981,0.265000000000,538518
public-016,P0,3,4,3,0,0,1,15034,-0.344354390818,0.789551320858,0.136589094784,0.056448003224,0.127882890733,0.230000000000,538524
public-016,P0,3,5,0,2,2,0,15035,-0.370685187822,1.237320292626,0.370915546366,0.000000000000,0.134280649586,0.195000000000,538524
public-016,P0,3,6,2,1,2,0,15036,-0.849974103465,1.085380449077,0.540042571663,0.363718970730,0.264812418664,0.265000000000,538566
public-016,P0,3,7,1,2,2,1,15037,-0.224956903781,1.116821738714,0.488475563586,0.336588393923,0.172497315941,0.230000000000,538627
public-016,P1,0,0,0,1,1,1,15100,0.104147954988,0.639830303531,0.250000000000,-0.080000000000,0.319613896245,0.195000000000,538636
public-016,P1,0,1,1,3,3,0,15101,-0.343511103195,0.960986389078,0.135075576467,0.256588393923,0.210082525086,0.160000000000,538524
public-016,P1,0,2,3,2,2,0,15102,-0.718651185905,0.805460275392,-0.104036709137,-0.023551996776,0.181936413615,0.195000000000,538537
public-016,P1,0,3,2,3,3,1,15103,-0.466905774433,0.979785238413,-0.247498124150,0.283718970730,0.313158372456,0.195000000000,538635
public-016,P1,0,4,3,1,1,0,15104,-0.561920883812,0.765340680250,-0.163410905216,-0.023551996776,0.213744818817,0.160000000000,538566
public-016,P1,0,5,1,0,0,0,15105,-1.023786333466,0.493616310631,0.070915546366,0.256588393923,0.183035081148,0.195000000000,538525
public-016,P1,0,6,0,1,1,1,15106,-0.373848123247,0.627102249716,0.240042571663,-0.080000000000,0.306254272436,0.195000000000,538524
public-016,P1,0,7,1,3,3,0,15107,-0.855159510590,1.078018920672,0.188475563586,0.256588393923,0.216440759764,0.160000000000,538518
public-016,P1,1,0,1,3,2,1,15110,0.341025250631,1.044396258702,0.350000000000,0.256588393923,0.262247299483,0.160000000000,538627
public-016,P1,1,1,3,2,1,1,15111,-0.511025533449,0.831461466671,0.235075576467,-0.023551996776,0.256038077449,0.195000000000,538524
public-016,P1,1,2,2,3,1,0,15112,-0.425936770998,0.833142037104,-0.004036709137,0.283718970730,0.149281159889,0.160000000000,538533
public-016,P1,1,3,3,1,0,1,15113,-0.050831924696,0.547187231377,-0.147498124150,-0.023551996776,0.256950459451,0.160000000000,538524
public-016,P1,1,4,1,0,3,1,15114,-0.694136166656,1.268306147794,-0.063410905216,0.256588393923,0.260501497934,0.195000000000,538626
public-016,P1,1,5,0,1,3,0,15115,-1.054097472321,1.111943403415,0.170915546366,-0.080000000000,0.150182630685,0.160000000000,538566
public-016,P1,1,6,1,3,2,1,15116,-0.671679821310,0.925280544209,0.340042571663,0.256588393923,0.251285556870,0.160000000000,538635
public-016,P1,1,7,3,2,1,1,15117,-0.868022797486,0.733526291082,0.288475563586,-0.023551996776,0.263787175963,0.195000000000,538626
public-016,P1,2,0,2,1,3,1,15120,0.403110377065,1.334145523920,0.450000000000,0.283718970730,0.434347089769,0.265000000000,538566
public-016,P1,2,1,1,2,3,0,15121,-0.135191940561,1.274247385715,0.335075576467,0.256588393923,0.301993629811,0.230000000000,538541
public-016,P1,2,2,2,0,1,1,15122,-0.323548106958,0.878526099937,0.095963290863,0.283718970730,0.181936413615,0.195000000000,538518
public-016,P1,2,3,0,3,1,1,15123,-0.572225734983,0.988181013375,-0.047498124150,-0.080000000000,0.425574198465,0.265000000000,538566
public-016,P1,2,4,3,0,1,0,15124,-0.736082073544,0.781258164686,0.036589094784,-0.023551996776,0.307258177050,0.230000000000,538524
public-016,P1,2,5,0,2,3,1,15125,-0.741658110476,1.357294816098,0.270915546366,-0.080000000000,0.183035081148,0.195000000000,538524
public-016,P1,2,6,2,1,3,1,15126,-0.667845244298,1.392956474159,0.440042571663,0.283718970730,0.416191703567,0.265000000000,538629
public-016,P1,2,7,1,2,3,0,15127,-0.443049863525,1.169976176539,0.388475563586,0.256588393923,0.311133592161,0.230000000000,538626
public-016,P1,3,0,3,0,0,1,15130,0.288862338396,0.883446431588,0.550000000000,-0.023551996776,0.376980493007,0.230000000000,538566
public-016,P1,3,1,0,2,2,0,15131,-0.484942156732,1.108576995894,0.435075576467,-0.080000000000,0.256038077449,0.195000000000,538524
public-016,P1,3,2,2,1,1,0,15132,-0.366298027490,1.084388954760,0.195963290863,0.283718970730,0.214591667341,0.230000000000,538638
public-016,P1,3,3,1,2,2,1,15133,-0.079033748788,1.284881854810,0.052501875850,0.256588393923,0.369366285460,0.230000000000,538566
public-016,P1,3,4,2,0,0,0,15134,-0.534837208154,0.875190222703,0.136589094784,0.283718970730,0.167772452416,0.195000000000,538591
public-016,P1,3,5,0,3,3,0,15135,-1.069610008376,1.448189398091,0.370915546366,-0.080000000000,0.215887531610,0.230000000000,538633
public-016,P1,3,6,3,0,0,1,15136,-0.411600781321,0.961204846892,0.540042571663,-0.023551996776,0.361222988001,0.230000000000,538625
public-016,P1,3,7,0,2,2,0,15137,-0.674580494213,1.217949850647,0.488475563586,-0.080000000000,0.263787175963,0.195000000000,538566
public-016,P2,0,0,1,3,3,0,15200,-0.462921081115,1.120863631909,0.250000000000,0.176588393923,0.370077869768,0.160000000000,538626
public-016,P2,0,1,3,2,2,0,15201,-0.557557523495,0.867079061929,0.135075576467,-0.103551996776,0.406107495838,0.195000000000,538523
public-016,P2,0,2,2,3,2,1,15202,-0.775187513532,0.817029413462,-0.104036709137,0.203718970730,0.242371262064,0.160000000000,538566
public-016,P2,0,3,3,1,1,0,15203,-0.681408618785,0.549223192215,-0.247498124150,-0.103551996776,0.407510620800,0.160000000000,538635
public-016,P2,0,4,1,0,0,0,15204,-0.726334761248,0.368551445108,-0.163410905216,0.176588393923,0.241921842442,0.195000000000,538566
public-016,P2,0,5,0,1,0,1,15205,-0.898451931589,0.455615924668,0.070915546366,-0.160000000000,0.256867983814,0.160000000000,538524
public-016,P2,0,6,1,3,3,0,15206,-1.024413957094,1.111560870671,0.240042571663,0.176588393923,0.392701477076,0.160000000000,538638
public-016,P2,0,7,3,2,2,0,15207,-0.814641759546,0.839649506265,0.188475563586,-0.103551996776,0.381387826019,0.195000000000,538566
public-016,P2,1,0,2,1,0,0,15210,-0.262866889956,0.474447196211,0.350000000000,0.203718970730,0.612941471804,0.265000000000,538566
public-016,P2,1,1,1,2,0,1,15211,-0.557602000423,0.718723714846,0.235075576467,0.176588393923,0.308492534281,0.230000000000,538566
public-016,P2,1,2,2,0,2,0,15212,-0.655130805453,0.955032325984,-0.004036709137,0.203718970730,0.295389975641,0.195000000000,538566
public-016,P2,1,3,0,3,2,0,15213,-0.914469132531,0.987435414197,-0.147498124150,-0.160000000000,0.674939465700,0.265000000000,538566
public-016,P2,1,4,3,0,2,1,15214,-0.743161113111,1.087050866350,-0.063410905216,-0.103551996776,0.443055240755,0.230000000000,538518
public-016,P2,1,5,0,2,0,0,15215,-0.944140658806,0.478772341402,0.170915546366,-0.160000000000,0.313057855273,0.195000000000,538523
public-016,P2,1,6,2,1,0,0,15216,-1.017538030789,0.635755395699,0.340042571663,0.203718970730,0.650411821408,0.265000000000,538524
public-016,P2,1,7,1,2,0,1,15217,-0.649854750662,0.506787293898,0.288475563586,0.176588393923,0.289714664709,0.230000000000,538629
public-016,P2,2,0,3,0,1,0,15220,0.013795872011,0.896062235132,0.450000000000,-0.103551996776,0.531986937792,0.230000000000,538524
public-016,P2,2,1,0,2,3,1,15221,-0.628091038427,1.181796488506,0.335075576467,-0.160000000000,0.406107495838,0.195000000000,538518
public-016,P2,2,2,2,1,2,1,15222,-0.242293599645,1.161417379425,0.095963290863,0.203718970730,0.348408689217,0.230000000000,538592
public-016,P2,2,3,1,2,3,0,15223,-0.493787604606,1.210433702571,-0.047498124150,0.176588393923,0.585796517400,0.230000000000,538524
public-016,P2,2,4,2,0,1,1,15224,-0.628442719778,0.815034616223,0.036589094784,0.203718970730,0.375633791075,0.195000000000,538524
public-016,P2,2,5,0,3,0,1,15225,-1.127597943019,0.646511273064,0.270915546366,-0.160000000000,0.369247726733,0.230000000000,538635
public-016,P2,2,6,3,0,1,0,15226,-0.706341676983,1.028823438095,0.440042571663,-0.103551996776,0.564508373297,0.230000000000,538637
public-016,P2,2,7,0,2,3,1,15227,-0.726337078873,1.323961026500,0.388475563586,-0.160000000000,0.381387826019,0.195000000000,538524
public-016,P2,3,0,0,2,2,0,15230,-0.014545329358,1.249876340878,0.550000000000,-0.160000000000,0.451032403780,0.195000000000,538566
public-016,P2,3,1,2,1,1,0,15231,-0.181443301302,1.130217038338,0.435075576467,0.203718970730,0.478998584835,0.230000000000,538524
public-016,P2,3,2,1,2,1,1,15232,-0.526390640957,1.070639317061,0.195963290863,0.176588393923,0.295389975641,0.195000000000,538518
public-016,P2,3,3,2,0,0,0,15233,-0.531560449937,0.770332005396,0.052501875850,0.203718970730,0.496653569100,0.195000000000,538635
public-016,P2,3,4,0,3,3,0,15234,-0.599534350242,1.334843657788,0.136589094784,-0.160000000000,0.443055240755,0.230000000000,538527
public-016,P2,3,5,3,0,3,1,15235,-1.135269637084,1.398010017195,0.370915546366,-0.103551996776,0.313057855273,0.195000000000,538518
public-016,P2,3,6,0,2,2,0,15236,-1.097495759286,1.322742511532,0.540042571663,-0.160000000000,0.478604925187,0.195000000000,538645
public-016,P2,3,7,2,1,1,0,15237,-1.079337425273,1.042229598018,0.488475563586,0.203718970730,0.449842051202,0.230000000000,538635
public-016,P3,0,0,2,1,1,1,15300,-0.036662326712,0.762441832441,0.250000000000,0.123718970730,1.100293134332,0.265000000000,538524
public-016,P3,0,1,1,2,1,0,15301,-0.457312641042,0.603265313736,0.135075576467,0.096588393923,0.662648772204,0.230000000000,538634
public-016,P3,0,2,2,0,3,1,15302,-0.249837909217,1.011219999062,-0.104036709137,0.123718970730,0.494380482186,0.195000000000,538567
public-016,P3,0,3,0,3,3,1,15303,-0.855882412125,1.072482714561,-0.247498124150,-0.240000000000,1.069576908816,0.265000000000,538566
public-016,P3,0,4,3,0,3,0,15304,-0.626442427905,0.944866180742,-0.163410905216,-0.183551996776,0.657581175067,0.230000000000,538566
public-016,P3,0,5,0,2,1,1,15305,-0.446050635017,0.691701958134,0.070915546366,-0.240000000000,0.513707883658,0.195000000000,538524
public-016,P3,0,6,2,1,1,1,15306,-1.218293638802,0.618687058017,0.240042571663,0.123718970730,1.025116650235,0.265000000000,538518
public-016,P3,0,7,1,2,1,0,15307,-1.058975782099,0.599295968921,0.188475563586,0.096588393923,0.668958498685,0.230000000000,538635
public-016,P3,1,0,3,0,2,1,15310,-0.346622282263,0.937395308011,0.350000000000,-0.183551996776,0.954971399609,0.230000000000,538635
public-016,P3,1,1,0,2,0,0,15311,-0.230852846800,0.539827884641,0.235075576467,-0.240000000000,0.361826691386,0.195000000000,538524
public-016,P3,1,2,2,1,3,0,15312,-0.098529256879,1.129928578161,-0.004036709137,0.123718970730,0.583115440527,0.230000000000,538520
public-016,P3,1,3,1,2,0,1,15313,-0.789630937648,0.599697522937,-0.147498124150,0.096588393923,0.928312034066,0.230000000000,538558
public-016,P3,1,4,2,0,2,0,15314,-0.729496988817,1.102162650285,-0.063410905216,0.123718970730,0.557514474513,0.195000000000,538525
public-016,P3,1,5,0,3,1,0,15315,-0.996197556503,0.788733256330,0.170915546366,-0.240000000000,0.605911862777,0.230000000000,538524
public-016,P3,1,6,3,0,2,1,15316,-0.849779309883,0.936934486088,0.340042571663,-0.183551996776,0.889723885110,0.230000000000,538634
public-016,P3,1,7,0,2,0,0,15317,-1.006304475003,0.549154908854,0.288475563586,-0.240000000000,0.365271996881,0.195000000000,538524
public-016,P3,2,0,0,2,3,1,15320,-0.537876628803,1.292699369026,0.450000000000,-0.240000000000,0.809649664886,0.195000000000,538636
public-016,P3,2,1,2,1,2,1,15321,-0.602859226805,1.203101707412,0.335075576467,0.123718970730,0.662648772204,0.230000000000,538524
public-016,P3,2,2,1,2,2,0,15322,-0.259693464264,0.994878831853,0.095963290863,0.096588393923,0.494380482186,0.195000000000,538566
public-016,P3,2,3,2,0,1,1,15323,-0.761502795690,0.816285101549,-0.047498124150,0.123718970730,0.787047159317,0.195000000000,538566
public-016,P3,2,4,0,3,0,1,15324,-0.692326052901,0.744170850647,0.036589094784,-0.240000000000,0.423506226562,0.230000000000,538597
public-016,P3,2,5,3,0,0,0,15325,-0.528459333356,0.785330341699,0.270915546366,-0.183551996776,0.513707883658,0.195000000000,538524
public-016,P3,2,6,0,2,3,1,15326,-0.825368912377,1.372236555556,0.440042571663,-0.240000000000,0.754331119985,0.195000000000,538638
public-016,P3,2,7,2,1,2,1,15327,-0.993978359256,0.997405892276,0.388475563586,0.123718970730,0.668958498685,0.230000000000,538637
public-016,P3,3,0,1,0,0,1,15330,-0.050315039688,0.830047947260,0.550000000000,0.096588393923,0.664327930163,0.160000000000,538625
public-016,P3,3,1,0,1,0,0,15331,-0.264878628773,0.749839558868,0.435075576467,-0.240000000000,0.491713195986,0.265000000000,538524
public-016,P3,3,2,1,3,2,1,15332,-0.459449022620,1.326134544608,0.195963290863,0.096588393923,0.583115440527,0.230000000000,538566
public-016,P3,3,3,3,2,2,1,15333,-1.065263022074,1.290866281180,0.052501875850,-0.183551996776,0.645782284568,0.160000000000,538576
public-016,P3,3,4,2,3,2,0,15334,-1.039146911015,1.337178319736,0.136589094784,0.123718970730,0.757647875621,0.265000000000,538518
public-016,P3,3,5,3,1,0,1,15335,-0.965416162184,0.977518340760,0.370915546366,-0.183551996776,0.605911862777,0.230000000000,538529
public-016,P3,3,6,1,0,0,1,15336,-1.227396717600,0.780027424157,0.540042571663,0.096588393923,0.618938354859,0.160000000000,538524
public-016,P3,3,7,0,1,0,0,15337,-0.707402168912,0.863506871045,0.488475563586,-0.240000000000,0.496395277812,0.265000000000,538566
public-017,P0,0,0,0,3,0,0,16000,-0.019699496331,0.431681433582,0.250000000000,0.000000000000,0.148155443407,0.160000000000,538524
public-017,P0,0,1,3,0,0,1,16001,0.126681561128,0.392262192229,0.135075576467,0.056448003224,0.128979160686,0.265000000000,538626
public-017,P0,0,2,0,2,2,0,16002,-0.355603855483,0.799032788680,-0.104036709137,0.000000000000,0.149915152746,0.230000000000,538566
public-017,P0,0,3,2,1,2,0,16003,-0.271109124183,0.901524029880,-0.247498124150,0.363718970730,0.172123016829,0.160000000000,538635
public-017,P0,0,4,1,2,2,1,16004,-0.117116446161,0.821427954280,-0.163410905216,0.336588393923,0.227389015879,0.265000000000,538626
public-017,P0,0,5,2,0,0,0,16005,-0.642398739374,0.569146933717,0.070915546366,0.363718970730,0.148023523571,0.230000000000,538525
public-017,P0,0,6,0,3,0,0,16006,-0.906444230172,0.441027371405,0.240042571663,0.000000000000,0.149526881032,0.160000000000,538524
public-017,P0,0,7,3,0,0,1,16007,-0.521409476297,0.449168036650,0.188475563586,0.056448003224,0.127393861237,0.265000000000,538625
public-017,P0,1,0,1,2,1,0,16010,0.069078907951,0.856210496862,0.350000000000,0.336588393923,0.245382453143,0.265000000000,538566
public-017,P0,1,1,2,0,3,1,16011,0.111143025588,1.183786735091,0.235075576467,0.363718970730,0.173816532008,0.230000000000,538524
public-017,P0,1,2,0,3,2,1,16012,-0.436651844220,0.900434942748,-0.004036709137,0.000000000000,0.172728328164,0.265000000000,538524
public-017,P0,1,3,3,0,3,0,16013,-0.616466791564,1.023320123114,-0.147498124150,0.056448003224,0.285078746623,0.265000000000,538629
public-017,P0,1,4,0,2,1,1,16014,-0.108951918838,0.879523924804,-0.063410905216,0.000000000000,0.197356504348,0.230000000000,538626
public-017,P0,1,5,2,1,0,1,16015,-0.667367851023,0.613528706614,0.170915546366,0.363718970730,0.170548842375,0.265000000000,538523
public-017,P0,1,6,1,2,1,0,16016,-0.332245120570,0.723787593127,0.340042571663,0.336588393923,0.247653896709,0.265000000000,538566
public-017,P0,1,7,2,0,3,1,16017,0.039283381122,1.044913742257,0.288475563586,0.363718970730,0.171680130662,0.230000000000,538635
public-017,P0,2,0,2,0,2,0,16020,-0.320771391102,1.133149888145,0.450000000000,0.363718970730,0.212973449898,0.230000000000,538566
public-017,P0,2,1,0,3,1,0,16021,0.205147634210,0.794752222901,0.335075576467,0.000000000000,0.200266873835,0.265000000000,538591
public-017,P0,2,2,3,0,1,1,16022,-0.093175143310,0.845297486031,0.095963290863,0.056448003224,0.149915152746,0.230000000000,538633
public-017,P0,2,3,0,2,0,0,16023,-0.657687344080,0.743109446568,-0.047498124150,0.000000000000,0.247426836692,0.230000000000,538625
public-017,P0,2,4,2,1,3,0,16024,-0.146151763856,1.317517703420,0.036589094784,0.363718970730,0.227389015879,0.265000000000,538566
public-017,P0,2,5,1,2,3,1,16025,-0.545913916716,1.259795316874,0.270915546366,0.336588393923,0.148023523571,0.230000000000,538566
public-017,P0,2,6,2,0,2,0,16026,-0.431645172203,1.204308888233,0.440042571663,0.363718970730,0.214944891483,0.230000000000,538566
public-017,P0,2,7,0,3,1,0,16027,-0.359190070377,0.775201799248,0.388475563586,0.000000000000,0.197805367937,0.265000000000,538566
public-017,P0,3,0,3,2,3,0,16030,-0.320899193776,1.333139652004,0.550000000000,0.056448003224,0.180564446652,0.195000000000,538629
public-017,P0,3,1,2,3,3,1,16031,-0.145191144412,1.350631270747,0.435075576467,0.363718970730,0.120915848353,0.160000000000,538625
public-017,P0,3,2,3,1,1,0,16032,-0.640315454361,1.136041427673,0.195963290863,0.056448003224,0.172728328164,0.265000000000,538635
public-017,P0,3,3,1,0,1,0,16033,-0.785361891404,0.990660856299,0.052501875850,0.336588393923,0.209774926760,0.195000000000,538566
public-017,P0,3,4,0,1,1,1,16034,-0.323470336579,0.908267284190,0.136589094784,0.000000000000,0.137291481286,0.160000000000,538524
public-017,P0,3,5,1,3,3,0,16035,-0.625862509685,1.308003324470,0.370915546366,0.336588393923,0.170548842375,0.265000000000,538518
public-017,P0,3,6,3,2,3,0,16036,-0.836824757931,1.465434945893,0.540042571663,0.056448003224,0.182235886257,0.195000000000,538592
public-017,P0,3,7,2,3,3,1,16037,-0.203711553865,1.372904499317,0.488475563586,0.363718970730,0.119429656113,0.160000000000,538524
public-017,P1,0,0,1,2,2,1,16100,-0.068244279854,0.752154262842,0.250000000000,0.256588393923,0.433571379334,0.265000000000,538566
public-017,P1,0,1,2,0,0,0,16101,-0.154754247101,0.443273865859,0.135075576467,0.283718970730,0.172213846927,0.230000000000,538518
public-017,P1,0,2,0,3,3,0,16102,-0.627609583806,0.999199151241,-0.104036709137,-0.080000000000,0.274085283685,0.265000000000,538523
public-017,P1,0,3,3,0,0,1,16103,-0.239395048612,0.570201429820,-0.247498124150,-0.023551996776,0.441129674551,0.265000000000,538524
public-017,P1,0,4,0,2,2,0,16104,-0.576215415799,0.936209002110,-0.163410905216,-0.080000000000,0.269012429563,0.230000000000,538629
public-017,P1,0,5,2,1,1,0,16105,-0.611535341102,0.584973281938,0.070915546366,0.283718970730,0.268042615249,0.265000000000,538625
public-017,P1,0,6,1,2,2,1,16106,-0.549701558567,0.726198466614,0.240042571663,0.256588393923,0.446693596798,0.265000000000,538635
public-017,P1,0,7,2,0,0,0,16107,-0.486833916209,0.524047746841,0.188475563586,0.283718970730,0.175321062524,0.230000000000,538566
public-017,P1,1,0,2,0,3,1,16110,0.226993254336,1.081606899369,0.350000000000,0.283718970730,0.376307234894,0.230000000000,538524
public-017,P1,1,1,0,3,2,1,16111,-0.288675937048,0.992753710607,0.235075576467,-0.080000000000,0.308088635050,0.265000000000,538524
public-017,P1,1,2,3,0,2,0,16112,-0.251285928067,0.992762325307,-0.004036709137,-0.023551996776,0.237885340557,0.230000000000,538635
public-017,P1,1,3,0,2,1,1,16113,-0.441599582059,0.712299113649,-0.147498124150,-0.080000000000,0.382867264705,0.230000000000,538637
public-017,P1,1,4,2,1,0,1,16114,-0.611237795414,0.648890429857,-0.063410905216,0.283718970730,0.199618511418,0.265000000000,538524
public-017,P1,1,5,1,2,0,0,16115,-0.936963824724,0.496373185390,0.170915546366,0.256588393923,0.232640760405,0.230000000000,538634
public-017,P1,1,6,2,0,3,1,16116,-0.136156754731,1.259261405822,0.340042571663,0.283718970730,0.387696329296,0.230000000000,538567
public-017,P1,1,7,0,3,2,1,16117,-0.665735309970,1.069319988882,0.288475563586,-0.080000000000,0.313647408803,0.265000000000,538566
public-017,P1,2,0,3,2,0,1,16120,0.137892479996,0.600775214115,0.450000000000,-0.023551996776,0.319043090453,0.195000000000,538635
public-017,P1,2,1,2,3,0,0,16121,-0.438265958350,0.722297232583,0.335075576467,0.283718970730,0.119800936993,0.160000000000,538527
public-017,P1,2,2,3,1,2,1,16122,-0.628359227907,1.146212797352,0.095963290863,-0.023551996776,0.274085283685,0.265000000000,538518
public-017,P1,2,3,1,0,2,1,16123,-0.227874618506,1.225369786302,-0.047498124150,0.256588393923,0.324604854858,0.195000000000,538645
public-017,P1,2,4,0,1,2,0,16124,-1.015203118009,0.956881560100,0.036589094784,-0.080000000000,0.187139081435,0.160000000000,538635
public-017,P1,2,5,1,3,0,1,16125,-0.796462909490,0.636030272830,0.270915546366,0.256588393923,0.268042615249,0.265000000000,538524
public-017,P1,2,6,3,2,0,1,16126,-0.312896368329,0.867303148418,0.440042571663,-0.023551996776,0.328699061795,0.195000000000,538520
public-017,P1,2,7,2,3,0,0,16127,-0.549962807749,0.787325160548,0.388475563586,0.283718970730,0.121962478278,0.160000000000,538558
public-017,P1,3,0,0,1,1,1,16130,0.227328257472,0.905690037383,0.550000000000,-0.080000000000,0.261778946013,0.160000000000,538524
public-017,P1,3,1,1,3,3,0,16131,-0.591770943506,1.356566848603,0.435075576467,0.256588393923,0.308088635050,0.265000000000,538566
public-017,P1,3,2,3,2,2,0,16132,-0.828187172942,1.244980288889,0.195963290863,-0.023551996776,0.165485454300,0.160000000000,538524
public-017,P1,3,3,2,3,3,1,16133,-0.249961087033,1.307740379112,0.052501875850,0.283718970730,0.266342445012,0.160000000000,538524
public-017,P1,3,4,3,1,1,0,16134,-0.969638359356,0.955319816969,0.136589094784,-0.023551996776,0.309949103627,0.265000000000,538636
public-017,P1,3,5,1,0,0,0,16135,-0.526329492391,0.929635492862,0.370915546366,0.256588393923,0.161837050717,0.160000000000,538524
public-017,P1,3,6,0,1,1,1,16136,-0.454099857999,1.067647892837,0.540042571663,-0.080000000000,0.269701794293,0.160000000000,538566
public-017,P1,3,7,1,3,3,0,16137,-0.598385326892,1.512827879635,0.488475563586,0.256588393923,0.313647408803,0.265000000000,538566
public-017,P2,0,0,2,0,0,0,16200,-0.541213218827,0.501293588520,0.250000000000,0.203718970730,0.596868990547,0.230000000000,538558
public-017,P2,0,1,0,3,3,0,16201,-0.719986611192,0.962764773045,0.135075576467,-0.160000000000,0.500209345641,0.265000000000,538525
public-017,P2,0,2,3,0,3,1,16202,-0.342234004874,1.123090035602,-0.104036709137,-0.103551996776,0.377274292549,0.230000000000,538524
public-017,P2,0,3,0,2,2,0,16203,-0.756044548062,0.718743563053,-0.247498124150,-0.160000000000,0.552080825870,0.230000000000,538634
public-017,P2,0,4,2,1,1,0,16204,-1.004161312071,0.547260005316,-0.163410905216,0.203718970730,0.530127891424,0.265000000000,538524
public-017,P2,0,5,1,2,1,1,16205,-0.839252973722,0.805646799839,0.070915546366,0.176588393923,0.363563952410,0.230000000000,538566
public-017,P2,0,6,2,0,0,0,16206,-0.894740428885,0.599314257397,0.240042571663,0.203718970730,0.560537712442,0.230000000000,538524
public-017,P2,0,7,0,3,3,0,16207,-0.559743261523,0.984659865319,0.188475563586,-0.160000000000,0.533807717756,0.265000000000,538524
public-017,P2,1,0,3,2,1,0,16210,-0.368816811875,0.742601729277,0.350000000000,-0.103551996776,0.506041100681,0.195000000000,538566
public-017,P2,1,1,2,3,1,1,16211,-0.491117668580,0.665003079211,0.235075576467,0.203718970730,0.302013189821,0.160000000000,538597
public-017,P2,1,2,3,1,3,0,16212,-0.829218353181,1.103255687900,-0.004036709137,-0.103551996776,0.434685597937,0.265000000000,538524
public-017,P2,1,3,1,0,3,0,16213,-0.838823545574,1.258476220668,-0.147498124150,0.176588393923,0.468068526281,0.195000000000,538638
public-017,P2,1,4,0,1,3,1,16214,-0.906204117685,1.186569007036,-0.063410905216,-0.160000000000,0.320077217464,0.160000000000,538637
public-017,P2,1,5,1,3,1,0,16215,-1.071682259046,0.773073456100,0.170915546366,0.176588393923,0.418888901689,0.265000000000,538524
public-017,P2,1,6,3,2,1,0,16216,-0.905927658589,0.764515415693,0.340042571663,-0.103551996776,0.475238495331,0.195000000000,538635
public-017,P2,1,7,2,3,1,1,16217,-1.062382252785,0.866337619540,0.288475563586,0.203718970730,0.322298999400,0.160000000000,538524
public-017,P2,2,0,0,1,2,0,16220,-0.031384414837,1.193353090637,0.450000000000,-0.160000000000,0.415213210815,0.160000000000,538576
public-017,P2,2,1,1,3,0,1,16221,-0.619553026922,0.712452722024,0.335075576467,0.176588393923,0.322153036759,0.265000000000,538518
public-017,P2,2,2,3,2,3,1,16222,-0.419602376061,1.306379091136,0.095963290863,-0.103551996776,0.262451681773,0.160000000000,538529
public-017,P2,2,3,2,3,0,0,16223,-0.593440607985,0.787469132836,-0.047498124150,0.203718970730,0.384056226692,0.160000000000,538524
public-017,P2,2,4,3,1,2,1,16224,-0.767720878084,1.034609439075,0.036589094784,-0.103551996776,0.530127891424,0.265000000000,538566
public-017,P2,2,5,1,0,1,1,16225,-0.646988959096,0.921712865671,0.270915546366,0.176588393923,0.252914053850,0.160000000000,538524
public-017,P2,2,6,0,1,2,0,16226,-1.089847811573,1.114191055522,0.440042571663,-0.160000000000,0.389939278221,0.160000000000,538524
public-017,P2,2,7,1,3,0,1,16227,-0.977482465892,0.694030614412,0.388475563586,0.176588393923,0.343791612090,0.265000000000,538566
public-017,P2,3,0,1,3,3,0,16230,-0.325129798699,1.386940704905,0.550000000000,0.176588393923,0.687696880413,0.265000000000,538566
public-017,P2,3,1,3,2,2,0,16231,-0.365259027665,1.110726608526,0.435075576467,-0.103551996776,0.302013189821,0.160000000000,538558
public-017,P2,3,2,2,3,2,1,16232,-0.947625679480,1.283373760359,0.195963290863,0.203718970730,0.434685597937,0.265000000000,538524
public-017,P2,3,3,3,1,1,0,16233,-0.608809417465,0.973513702635,0.052501875850,-0.103551996776,0.636093125458,0.265000000000,538638
public-017,P2,3,4,1,0,0,0,16234,-1.064652765325,0.807358893020,0.136589094784,0.176588393923,0.206141385605,0.160000000000,538524
public-017,P2,3,5,0,1,0,1,16235,-0.699704844931,0.979464177398,0.370915546366,-0.160000000000,0.418888901689,0.265000000000,538566
public-017,P2,3,6,1,3,3,0,16236,-1.015967170696,1.392848547843,0.540042571663,0.176588393923,0.645836929553,0.265000000000,538518
public-017,P2,3,7,3,2,2,0,16237,-0.909987547298,1.119310995072,0.488475563586,-0.103551996776,0.322298999400,0.160000000000,538626
public-017,P3,0,0,3,2,2,1,16300,-0.653338990196,0.742888633526,0.250000000000,-0.183551996776,0.700059508875,0.195000000000,538566
public-017,P3,0,1,2,3,2,0,16301,-0.893377724549,0.928268343536,0.135075576467,0.123718970730,0.505465448130,0.160000000000,538529
public-017,P3,0,2,3,1,0,1,16302,-0.611687711527,0.450016665445,-0.104036709137,-0.183551996776,0.688846484427,0.265000000000,538527
public-017,P3,0,3,1,0,0,1,16303,-0.889776615082,0.520527661342,-0.247498124150,0.096588393923,0.694705813657,0.195000000000,538566
public-017,P3,0,4,0,1,0,0,16304,-0.666231996000,0.383658406100,-0.163410905216,-0.240000000000,0.338264806808,0.160000000000,538566
public-017,P3,0,5,1,3,2,1,16305,-0.593834339127,0.912175963834,0.070915546366,0.096588393923,0.660212458610,0.265000000000,538558
public-017,P3,0,6,3,2,2,1,16306,-0.986332742171,0.930499503501,0.240042571663,-0.183551996776,0.706725459536,0.195000000000,538524
public-017,P3,0,7,2,3,2,0,16307,-1.218309682010,0.970894959362,0.188475563586,0.123718970730,0.535853517175,0.160000000000,538638
public-017,P3,1,0,0,1,3,1,16310,-0.608796563226,1.104288214194,0.350000000000,-0.240000000000,0.574407802154,0.160000000000,538626
public-017,P3,1,1,1,3,1,0,16311,-0.791401902451,0.904619364103,0.235075576467,0.096588393923,0.837177148465,0.265000000000,538566
public-017,P3,1,2,3,2,0,0,16312,-0.738121175970,0.610989066679,-0.004036709137,-0.183551996776,0.415907311352,0.160000000000,538626
public-017,P3,1,3,2,3,1,1,16313,-0.862053987870,0.797916186316,-0.147498124150,0.123718970730,0.570015026590,0.160000000000,538521
public-017,P3,1,4,3,1,3,0,16314,-1.061123853281,1.134517831486,-0.063410905216,-0.183551996776,0.869905905840,0.265000000000,538630
public-017,P3,1,5,1,0,2,0,16315,-0.867449466404,1.041302488323,0.170915546366,0.096588393923,0.398618842935,0.160000000000,538524
public-017,P3,1,6,0,1,3,1,16316,-0.849661233108,1.240290289115,0.340042571663,-0.240000000000,0.579877300132,0.160000000000,538566
public-017,P3,1,7,1,3,1,0,16317,-0.754848649366,0.710430906717,0.288475563586,0.096588393923,0.887507387822,0.265000000000,538630
public-017,P3,2,0,1,3,0,1,16320,-0.349774112834,0.813952292143,0.450000000000,0.096588393923,0.951362922317,0.265000000000,538524
public-017,P3,2,1,3,2,3,1,16321,-0.864379049357,1.403609739433,0.335075576467,-0.183551996776,0.505465448130,0.160000000000,538637
public-017,P3,2,2,2,3,3,0,16322,-0.379827278940,1.132738280099,0.095963290863,0.123718970730,0.688846484427,0.265000000000,538566
public-017,P3,2,3,3,1,2,1,16323,-0.887723503589,0.997047482531,-0.047498124150,-0.183551996776,0.944087387790,0.265000000000,538566
public-017,P3,2,4,1,0,1,1,16324,-0.928061740488,0.888583829541,0.036589094784,0.096588393923,0.525226207299,0.160000000000,538524
public-017,P3,2,5,0,1,1,0,16325,-0.532721539489,0.805892583174,0.270915546366,-0.240000000000,0.660212458610,0.265000000000,538566
public-017,P3,2,6,1,3,0,1,16326,-1.056518589572,0.844650007856,0.440042571663,0.096588393923,0.960421778344,0.265000000000,538576
public-017,P3,2,7,3,2,3,1,16327,-1.036013278277,1.399493687211,0.388475563586,-0.183551996776,0.535853517175,0.160000000000,538629
public-017,P3,3,0,2,1,1,1,16330,-0.216703008233,0.924835108825,0.550000000000,0.123718970730,0.825711215596,0.230000000000,538566
public-017,P3,3,1,1,2,1,0,16331,-0.713896989720,0.900895153602,0.435075576467,0.096588393923,0.616036014908,0.195000000000,538626
public-017,P3,3,2,2,0,3,1,16332,-0.637909799176,1.467559713103,0.195963290863,0.123718970730,0.415907311352,0.160000000000,538518
public-017,P3,3,3,0,3,3,1,16333,-0.707203825713,1.379025949083,0.052501875850,-0.240000000000,0.819396600723,0.230000000000,538524
public-017,P3,3,4,3,0,3,0,16334,-0.973870461246,1.250191107503,0.136589094784,-0.183551996776,0.640119440146,0.195000000000,538566
public-017,P3,3,5,0,2,1,1,16335,-0.571436100050,1.156452728514,0.370915546366,-0.240000000000,0.398618842935,0.160000000000,538566
public-017,P3,3,6,2,1,1,1,16336,-0.757981672855,0.976620922473,0.540042571663,0.123718970730,0.833573618940,0.230000000000,538634
public-017,P3,3,7,1,2,1,0,16337,-0.783183225495,1.169161699748,0.488475563586,0.096588393923,0.653071474057,0.195000000000,538593
public-018,P0,0,0,1,0,1,0,17000,-0.110433101068,0.665910365290,0.250000000000,0.336588393923,0.216588735926,0.230000000000,538637
public-018,P0,0,1,0,1,1,1,17001,-0.286289117413,0.540514085077,0.135075576467,0.000000000000,0.158378816360,0.195000000000,538524
public-018,P0,0,2,1,3,3,0,17002,-0.214896170822,0.991163876199,-0.104036709137,0.336588393923,0.110853491745,0.160000000000,538634
public-018,P0,0,3,3,2,3,0,17003,-0.314029229714,0.980976001189,-0.247498124150,0.056448003224,0.245921347698,0.230000000000,538567
public-018,P0,0,4,2,3,3,1,17004,-0.649155346925,1.040560073060,-0.163410905216,0.363718970730,0.156380392690,0.195000000000,538566
public-018,P0,0,5,3,1,1,0,17005,-0.894227236399,0.768677398735,0.070915546366,0.056448003224,0.096300757315,0.160000000000,538566
public-018,P0,0,6,1,0,1,0,17006,-0.798349815572,0.535525484727,0.240042571663,0.336588393923,0.213926615923,0.230000000000,538524
public-018,P0,0,7,0,1,1,1,17007,-0.066282894191,0.571540309125,0.188475563586,0.000000000000,0.154842956365,0.195000000000,538518
public-018,P0,1,0,2,3,2,0,17010,0.082651823085,0.835872936721,0.350000000000,0.363718970730,0.183629580459,0.195000000000,538645
public-018,P0,1,1,3,1,0,1,17011,-0.168116300210,0.481927117455,0.235075576467,0.056448003224,0.083693723950,0.160000000000,538635
public-018,P0,1,2,1,0,3,1,17012,-0.407723147513,1.268778649324,-0.004036709137,0.336588393923,0.135102693064,0.195000000000,538524
public-018,P0,1,3,0,1,0,0,17013,-0.419860603548,0.735110999930,-0.147498124150,0.000000000000,0.208498533918,0.195000000000,538520
public-018,P0,1,4,1,3,2,1,17014,-0.276006332143,1.101729851595,-0.063410905216,0.336588393923,0.128312117079,0.160000000000,538558
public-018,P0,1,5,3,2,1,1,17015,-0.752783485306,0.833925625630,0.170915546366,0.056448003224,0.117366547978,0.195000000000,538525
public-018,P0,1,6,2,3,2,0,17016,-0.723869919783,1.050234195501,0.340042571663,0.363718970730,0.181372565673,0.195000000000,538524
public-018,P0,1,7,3,1,0,1,17017,-0.437588364528,0.672462298690,0.288475563586,0.056448003224,0.081825233598,0.160000000000,538634
public-018,P0,2,0,3,1,3,0,17020,-0.056399906714,1.182914771538,0.450000000000,0.056448003224,0.150670424992,0.160000000000,538524
public-018,P0,2,1,1,0,2,0,17021,-0.313470597814,1.223494395094,0.335075576467,0.336588393923,0.158378816360,0.195000000000,538636
public-018,P0,2,2,0,1,2,1,17022,-0.591066622949,0.975272854720,0.095963290863,0.000000000000,0.110853491745,0.160000000000,538524
public-018,P0,2,3,1,3,1,0,17023,-0.390561204645,0.779410068773,-0.047498124150,0.336588393923,0.171075720138,0.160000000000,538566
public-018,P0,2,4,3,2,0,0,17024,-0.563361902109,0.757964648410,0.036589094784,0.056448003224,0.100714668436,0.195000000000,538566
public-018,P0,2,5,2,3,0,1,17025,-0.712390905478,0.764712102753,0.270915546366,0.363718970730,0.096300757315,0.160000000000,538597
public-018,P0,2,6,3,1,3,0,17026,-0.858614800852,1.270093696118,0.440042571663,0.056448003224,0.148818515424,0.160000000000,538524
public-018,P0,2,7,1,0,2,0,17027,-0.418945994898,1.012141155809,0.388475563586,0.336588393923,0.154842956365,0.195000000000,538638
public-018,P0,3,0,0,3,0,0,17030,-0.066790589340,0.835627999876,0.550000000000,0.000000000000,0.249547891393,0.265000000000,538524
public-018,P0,3,1,3,0,0,1,17031,-0.217884235504,0.760071470291,0.435075576467,0.056448003224,0.120309728178,0.230000000000,538625
public-018,P0,3,2,0,2,2,0,17032,-0.560911012652,1.312167993538,0.195963290863,0.000000000000,0.135102693064,0.195000000000,538524
public-018,P0,3,3,2,1,2,0,17033,-0.363984497014,1.220292894763,0.052501875850,0.363718970730,0.283344161479,0.265000000000,538566
public-018,P0,3,4,1,2,2,1,17034,-0.280438428681,1.158171419345,0.136589094784,0.336588393923,0.184448668301,0.230000000000,538576
public-018,P0,3,5,2,0,0,0,17035,-0.463191182537,0.770965516308,0.370915546366,0.363718970730,0.117366547978,0.195000000000,538518
public-018,P0,3,6,0,3,0,0,17036,-0.316978613941,0.925836291476,0.540042571663,0.000000000000,0.246480666172,0.265000000000,538529
public-018,P0,3,7,3,0,0,1,17037,-0.041127988173,0.947168262248,0.488475563586,0.056448003224,0.117623773296,0.230000000000,538524
public-018,P1,0,0,2,3,3,1,17100,0.162250252705,0.967545918150,0.250000000000,0.283718970730,0.282493982730,0.195000000000,538638
public-018,P1,0,1,3,1,1,0,17101,-0.471840426905,0.793561353841,0.135075576467,-0.023551996776,0.206207573854,0.160000000000,538637
public-018,P1,0,2,1,0,0,0,17102,-0.796062387835,0.524212961809,-0.104036709137,0.256588393923,0.209057348989,0.195000000000,538524
public-018,P1,0,3,0,1,1,1,17103,-0.588210822111,0.795353628755,-0.247498124150,-0.080000000000,0.284199891739,0.195000000000,538635
public-018,P1,0,4,1,3,3,0,17104,-0.936279569247,1.046089614785,-0.163410905216,0.256588393923,0.201661383045,0.160000000000,538524
public-018,P1,0,5,3,2,2,0,17105,-0.861505290431,0.753839978364,0.070915546366,-0.023551996776,0.211694167372,0.195000000000,538625
public-018,P1,0,6,2,3,3,1,17106,-0.118104104517,1.130200255980,0.240042571663,0.283718970730,0.287590957944,0.195000000000,538524
public-018,P1,0,7,3,1,1,0,17107,-0.287265368037,0.770900483676,0.188475563586,-0.023551996776,0.197193173995,0.160000000000,538566
public-018,P1,1,0,3,1,0,1,17110,0.266401407626,0.600141368724,0.350000000000,-0.023551996776,0.231789934548,0.160000000000,538524
public-018,P1,1,1,1,0,3,1,17111,-0.612150746120,1.246025080958,0.235075576467,0.256588393923,0.251315480635,0.195000000000,538566
public-018,P1,1,2,0,1,3,0,17112,-0.895592017706,1.157935762165,-0.004036709137,-0.080000000000,0.171534235068,0.160000000000,538524
public-018,P1,1,3,1,3,2,1,17113,-0.475241471549,1.086614296600,-0.147498124150,0.256588393923,0.233189654760,0.160000000000,538524
public-018,P1,1,4,3,2,1,1,17114,-1.019409228730,0.790998493119,-0.063410905216,-0.023551996776,0.245774810586,0.195000000000,538566
public-018,P1,1,5,2,3,1,0,17115,-0.585548349079,0.899325766749,0.170915546366,0.283718970730,0.173697778356,0.160000000000,538529
public-018,P1,1,6,3,1,0,1,17116,-0.387956653670,0.734466004537,0.340042571663,-0.023551996776,0.235972068056,0.160000000000,538527
public-018,P1,1,7,1,0,3,1,17117,-0.349125823106,1.161297908217,0.288475563586,0.256588393923,0.240329180806,0.195000000000,538566
public-018,P1,2,0,0,3,1,1,17120,-0.066904657528,0.955554391690,0.450000000000,-0.080000000000,0.383902079094,0.265000000000,538638
public-018,P1,2,1,3,0,1,0,17121,-0.595023117003,0.785441236739,0.335075576467,-0.023551996776,0.296423387416,0.230000000000,538524
public-018,P1,2,2,0,2,3,1,17122,-0.363094793460,1.150589371784,0.095963290863,-0.080000000000,0.209057348989,0.195000000000,538566
public-018,P1,2,3,2,1,3,1,17123,-0.584949472478,1.273550595979,-0.047498124150,0.283718970730,0.386220365697,0.265000000000,538518
public-018,P1,2,4,1,2,3,0,17124,-0.818788645691,1.257312668075,0.036589094784,0.256588393923,0.289888238127,0.230000000000,538626
public-018,P1,2,5,2,0,1,1,17125,-0.969681551913,0.837501181111,0.270915546366,0.283718970730,0.211694167372,0.195000000000,538566
public-018,P1,2,6,0,3,1,1,17126,-0.321455182816,0.842991441689,0.440042571663,-0.080000000000,0.390828737718,0.265000000000,538626
public-018,P1,2,7,3,0,1,0,17127,-0.721599697960,0.967017652255,0.388475563586,-0.023551996776,0.283465187617,0.230000000000,538521
public-018,P1,3,0,1,2,2,1,17130,0.277375960145,1.344193458746,0.550000000000,0.256588393923,0.333198030912,0.230000000000,538630
public-018,P1,3,1,2,0,0,0,17131,-0.649820271670,0.761820716365,0.435075576467,0.283718970730,0.161856322711,0.195000000000,538524
public-018,P1,3,2,0,3,3,0,17132,-0.891643935820,1.409013941763,0.195963290863,-0.080000000000,0.246580462910,0.230000000000,538524
public-018,P1,3,3,3,0,0,1,17133,-0.559871697853,0.829464631917,0.052501875850,-0.023551996776,0.335210128718,0.230000000000,538635
public-018,P1,3,4,0,2,2,0,17134,-0.900859750048,1.199670513669,0.136589094784,-0.080000000000,0.245774810586,0.195000000000,538524
public-018,P1,3,5,2,1,1,0,17135,-0.958130232167,1.155385590322,0.370915546366,0.283718970730,0.249690556387,0.230000000000,538637
public-018,P1,3,6,1,2,2,1,17136,-0.149300323878,1.303642777116,0.540042571663,0.256588393923,0.339209847831,0.230000000000,538566
public-018,P1,3,7,2,0,0,0,17137,-0.532699520635,0.906557012062,0.488475563586,0.283718970730,0.154780745488,0.195000000000,538566
public-018,P2,0,0,3,1,1,0,17200,-0.712038660270,0.618865596025,0.250000000000,-0.103551996776,0.376331608167,0.160000000000,538521
public-018,P2,0,1,1,0,0,0,17201,-0.408575676245,0.570394020340,0.135075576467,0.176588393923,0.256696059969,0.195000000000,538630
public-018,P2,0,2,0,1,0,1,17202,-0.804238127727,0.447323916958,-0.104036709137,-0.160000000000,0.247346197733,0.160000000000,538524
public-018,P2,0,3,1,3,3,0,17203,-1.132705349166,1.165909972190,-0.247498124150,0.176588393923,0.398840772672,0.160000000000,538566
public-018,P2,0,4,3,2,2,0,17204,-0.692307119281,0.877536658585,-0.163410905216,-0.103551996776,0.384089449260,0.195000000000,538630
public-018,P2,0,5,2,3,2,1,17205,-0.789105668508,0.828437207027,0.070915546366,0.203718970730,0.251135097185,0.160000000000,538524
public-018,P2,0,6,3,1,1,0,17206,-0.807507048391,0.748235457887,0.240042571663,-0.103551996776,0.401609283444,0.160000000000,538524
public-018,P2,0,7,1,0,0,0,17207,-0.968085491637,0.411704490605,0.188475563586,0.176588393923,0.240321360012,0.195000000000,538635
public-018,P2,1,0,0,3,2,0,17210,-0.150212128337,0.908923331303,0.350000000000,-0.160000000000,0.623299226026,0.265000000000,538566
public-018,P2,1,1,3,0,2,1,17211,-0.590050200245,0.967187449321,0.235075576467,-0.103551996776,0.470112716994,0.230000000000,538524
public-018,P2,1,2,0,2,0,0,17212,-1.008673269557,0.718775944667,-0.004036709137,-0.160000000000,0.301453178488,0.195000000000,538566
public-018,P2,1,3,2,1,0,0,17213,-1.112684547864,0.729092444609,-0.147498124150,0.203718970730,0.660580029739,0.265000000000,538576
public-018,P2,1,4,1,2,0,1,17214,-1.094628016221,0.737127664382,-0.063410905216,0.176588393923,0.291766906070,0.230000000000,538629
public-018,P2,1,5,2,0,2,0,17215,-0.927757722643,0.845243465079,0.170915546366,0.203718970730,0.306070899694,0.195000000000,538524
public-018,P2,1,6,0,3,2,0,17216,-0.759259338099,0.955753798420,0.340042571663,-0.160000000000,0.665165375703,0.265000000000,538532
public-018,P2,1,7,3,0,2,1,17217,-0.719204921188,0.977210786241,0.288475563586,-0.103551996776,0.440124120022,0.230000000000,538566
public-018,P2,2,0,1,2,3,0,17220,-0.397477067784,1.319039304536,0.450000000000,0.176588393923,0.540976686740,0.230000000000,538524
public-018,P2,2,1,2,0,1,1,17221,-0.309802436029,0.796976108118,0.335075576467,0.203718970730,0.398573825278,0.195000000000,538566
public-018,P2,2,2,0,3,0,1,17222,-0.469227354562,0.827662875468,0.095963290863,-0.160000000000,0.355560159242,0.230000000000,538566
public-018,P2,2,3,3,0,1,0,17223,-0.698719638675,0.836230583212,-0.047498124150,-0.103551996776,0.573333610717,0.230000000000,538634
public-018,P2,2,4,0,2,3,1,17224,-0.921512080188,1.298694810830,0.036589094784,-0.160000000000,0.384089449260,0.195000000000,538593
public-018,P2,2,5,2,1,2,1,17225,-0.580173614645,1.105692356381,0.270915546366,0.203718970730,0.361006702203,0.230000000000,538634
public-018,P2,2,6,1,2,3,0,17226,-0.812177890520,1.202373380429,0.440042571663,0.176588393923,0.577313344950,0.230000000000,538566
public-018,P2,2,7,2,0,1,1,17227,-0.678202151902,1.024698580145,0.388475563586,0.203718970730,0.373148710453,0.195000000000,538638
public-018,P2,3,0,2,0,0,0,17230,-0.704217805899,0.787465312141,0.550000000000,0.203718970730,0.458654147453,0.195000000000,538524
public-018,P2,3,1,0,3,3,0,17231,-0.359645958279,1.350239509483,0.435075576467,-0.160000000000,0.470112716994,0.230000000000,538524
public-018,P2,3,2,3,0,3,1,17232,-0.906163759493,1.305400792972,0.195963290863,-0.103551996776,0.301453178488,0.195000000000,538566
public-018,P2,3,3,0,2,2,0,17233,-0.736852532705,1.156958211159,0.052501875850,-0.160000000000,0.486087191695,0.195000000000,538626
public-018,P2,3,4,2,1,1,0,17234,-0.952631606047,1.049527421452,0.136589094784,0.203718970730,0.453028581178,0.230000000000,538520
public-018,P2,3,5,1,2,1,1,17235,-0.816928333381,0.903584193158,0.370915546366,0.176588393923,0.306070899694,0.195000000000,538566
public-018,P2,3,6,2,0,0,0,17236,-0.911046490888,0.746818886545,0.540042571663,0.203718970730,0.489461314197,0.195000000000,538566
public-018,P2,3,7,0,3,3,0,17237,-1.002656992266,1.507220194402,0.488475563586,-0.160000000000,0.440124120022,0.230000000000,538524
public-018,P3,0,0,0,3,3,1,17300,-0.449349524083,0.899697976442,0.250000000000,-0.240000000000,1.043186964082,0.265000000000,538638
public-018,P3,0,1,3,0,3,0,17301,-1.000625901627,1.072232356953,0.135075576467,-0.183551996776,0.744987857713,0.230000000000,538524
public-018,P3,0,2,0,2,1,1,17302,-0.298103171846,0.541956553134,-0.104036709137,-0.240000000000,0.447415845933,0.195000000000,538566
public-018,P3,0,3,2,1,1,1,17303,-1.239822428828,0.639576829532,-0.247498124150,0.123718970730,1.083969507067,0.265000000000,538638
public-018,P3,0,4,1,2,1,0,17304,-1.132071464655,0.685821164618,-0.163410905216,0.096588393923,0.714020142797,0.230000000000,538524
public-018,P3,0,5,2,0,3,1,17305,-0.428217840579,0.919799415620,0.070915546366,0.123718970730,0.455156935648,0.195000000000,538524
public-018,P3,0,6,0,3,3,1,17306,-0.936104611248,1.076983277548,0.240042571663,-0.240000000000,1.105902304189,0.265000000000,538566
public-018,P3,0,7,3,0,3,0,17307,-0.949166585825,0.895091736264,0.188475563586,-0.183551996776,0.683734755210,0.230000000000,538626
public-018,P3,1,0,1,2,0,1,17310,-0.790493844721,0.678099687875,0.350000000000,0.096588393923,0.905407553731,0.230000000000,538524
public-018,P3,1,1,2,0,2,0,17311,-0.714507733712,0.937682020950,0.235075576467,0.123718970730,0.631620140235,0.195000000000,538524
public-018,P3,1,2,0,3,1,0,17312,-0.568980250101,0.902612463560,-0.004036709137,-0.240000000000,0.527721254178,0.230000000000,538518
public-018,P3,1,3,3,0,2,1,17313,-1.234781312919,0.920176945778,-0.147498124150,-0.183551996776,0.940803723115,0.230000000000,538532
public-018,P3,1,4,0,2,0,0,17314,-0.836998560429,0.526373150105,-0.063410905216,-0.240000000000,0.389877046013,0.195000000000,538629
public-018,P3,1,5,2,1,3,0,17315,-0.500711515313,1.047358342873,0.170915546366,0.123718970730,0.536851770252,0.230000000000,538558
public-018,P3,1,6,1,2,0,1,17316,-0.803313627621,0.569555182031,0.340042571663,0.096588393923,0.959839735711,0.230000000000,538566
public-018,P3,1,7,2,0,2,0,17317,-1.115506240304,0.955720276495,0.288475563586,0.123718970730,0.579688162026,0.195000000000,538629
public-018,P3,2,0,2,0,1,1,17320,-0.374657686622,0.999612012795,0.450000000000,0.123718970730,0.767628143381,0.195000000000,538518
public-018,P3,2,1,0,3,0,1,17321,-0.625919111358,0.668520464323,0.335075576467,-0.240000000000,0.479799313632,0.230000000000,538533
public-018,P3,2,2,3,0,0,0,17322,-0.460957345013,0.830479421173,0.095963290863,-0.183551996776,0.447415845933,0.195000000000,538566
public-018,P3,2,3,0,2,3,1,17323,-1.082828458667,1.378832583004,-0.047498124150,-0.240000000000,0.797637939163,0.195000000000,538566
public-018,P3,2,4,2,1,2,1,17324,-0.876141947020,1.199876822151,0.036589094784,0.123718970730,0.714020142797,0.230000000000,538634
public-018,P3,2,5,1,2,2,0,17325,-0.750716426083,0.953100283785,0.270915546366,0.096588393923,0.455156935648,0.195000000000,538524
public-018,P3,2,6,2,0,1,1,17326,-0.669353299333,0.869214692130,0.440042571663,0.123718970730,0.813777167233,0.195000000000,538524
public-018,P3,2,7,0,3,0,1,17327,-0.644399156692,0.614306266999,0.388475563586,-0.240000000000,0.440350084716,0.230000000000,538566
public-018,P3,3,0,3,2,2,1,17330,-0.833869720299,1.311368581840,0.550000000000,-0.183551996776,0.629848733031,0.160000000000,538636
public-018,P3,3,1,2,3,2,0,17331,-0.906521937756,1.166479040336,0.435075576467,0.123718970730,0.858355575191,0.265000000000,538566
public-018,P3,3,2,3,1,0,1,17332,-0.348417167930,0.851185528213,0.195963290863,-0.183551996776,0.527721254178,0.230000000000,538626
public-018,P3,3,3,1,0,0,1,17333,-0.736772023381,0.778649962412,0.052501875850,0.096588393923,0.654472155210,0.160000000000,538566
public-018,P3,3,4,0,1,0,0,17334,-1.105302410552,0.955765382146,0.136589094784,-0.240000000000,0.529832908684,0.265000000000,538524
public-018,P3,3,5,1,3,2,1,17335,-0.971556561686,1.245445234432,0.370915546366,0.096588393923,0.536851770252,0.230000000000,538566
public-018,P3,3,6,3,2,2,1,17336,-0.702441722268,1.309411971057,0.540042571663,-0.183551996776,0.667714598756,0.160000000000,538524
public-018,P3,3,7,2,3,2,0,17337,-0.711855210085,1.344528417470,0.488475563586,0.123718970730,0.787781348395,0.265000000000,538634
public-019,P0,0,0,2,1,2,0,18000,-0.576168566469,0.752514920540,0.250000000000,0.363718970730,0.161929975536,0.160000000000,538524
public-019,P0,0,1,1,2,2,1,18001,-0.033846456591,0.714091538430,0.135075576467,0.336588393923,0.228781053065,0.265000000000,538566
public-019,P0,0,2,2,0,0,0,18002,-0.717239815366,0.506617418529,-0.104036709137,0.363718970730,0.158382304640,0.230000000000,538529
public-019,P0,0,3,0,3,0,0,18003,-0.832307449421,0.423724872017,-0.247498124150,0.000000000000,0.159886743345,0.160000000000,538527
public-019,P0,0,4,3,0,0,1,18004,-0.122035585315,0.380061895168,-0.163410905216,0.056448003224,0.128000247006,0.265000000000,538566
public-019,P0,0,5,0,2,2,0,18005,-0.355158035584,0.772116240063,0.070915546366,0.000000000000,0.137776532093,0.230000000000,538566
public-019,P0,0,6,2,1,2,0,18006,-0.628049983322,0.755818655189,0.240042571663,0.363718970730,0.158314834725,0.160000000000,538558
public-019,P0,0,7,1,2,2,1,18007,-0.064098921790,0.723560612854,0.188475563586,0.336588393923,0.226045092120,0.265000000000,538524
public-019,P0,1,0,3,0,3,0,18010,-0.319501903792,1.249583936960,0.350000000000,0.056448003224,0.268196521981,0.265000000000,538518
public-019,P0,1,1,0,2,1,1,18011,-0.090935648315,0.697439581883,0.235075576467,0.000000000000,0.198564687566,0.230000000000,538626
public-019,P0,1,2,2,1,0,1,18012,-0.850260914285,0.486227694750,-0.004036709137,0.363718970730,0.182483959693,0.265000000000,538566
public-019,P0,1,3,1,2,1,0,18013,-0.727495961581,0.811801000246,-0.147498124150,0.336588393923,0.264812418664,0.265000000000,538626
public-019,P0,1,4,2,0,3,1,18014,-0.193563089608,1.271766158104,-0.063410905216,0.363718970730,0.172497315941,0.230000000000,538521
public-019,P0,1,5,0,3,2,1,18015,-0.800698258697,0.928034993651,0.170915546366,0.000000000000,0.158742526107,0.265000000000,538630
public-019,P0,1,6,3,0,3,0,18016,-0.659337972975,1.251645470652,0.340042571663,0.056448003224,0.262208945013,0.265000000000,538524
public-019,P0,1,7,0,2,1,1,18017,0.150838039134,0.654882195131,0.288475563586,0.000000000000,0.196190079953,0.230000000000,538566
public-019,P0,2,0,0,2,0,0,18020,-0.567744156627,0.867772544434,0.450000000000,0.000000000000,0.232774339833,0.230000000000,538635
public-019,P0,2,1,2,1,3,0,18021,0.047579161446,1.229504185213,0.335075576467,0.363718970730,0.228781053065,0.265000000000,538524
public-019,P0,2,2,1,2,3,1,18022,-0.858981833340,1.358782507870,0.095963290863,0.336588393923,0.158382304640,0.230000000000,538637
public-019,P0,2,3,2,0,2,0,18023,-0.688885152079,1.022567154618,-0.047498124150,0.363718970730,0.229837193558,0.230000000000,538566
public-019,P0,2,4,0,3,1,0,18024,-0.404975875155,1.042238762511,0.036589094784,0.000000000000,0.198746907497,0.265000000000,538566
public-019,P0,2,5,3,0,1,1,18025,-0.600934352638,0.955557245812,0.270915546366,0.056448003224,0.137776532093,0.230000000000,538524
public-019,P0,2,6,0,2,0,0,18026,-0.195400725428,0.605031404622,0.440042571663,0.000000000000,0.227577574917,0.230000000000,538566
public-019,P0,2,7,2,1,3,0,18027,-0.018690884812,1.329223138261,0.388475563586,0.363718970730,0.226045092120,0.265000000000,538576
public-019,P0,3,0,1,0,1,0,18030,0.024101818350,0.954747489512,0.550000000000,0.336588393923,0.197352157684,0.195000000000,538566
public-019,P0,3,1,0,1,1,1,18031,-0.013069586914,0.968309276106,0.435075576467,0.000000000000,0.138131956567,0.160000000000,538566
public-019,P0,3,2,1,3,3,0,18032,-0.848188104112,1.436250807856,0.195963290863,0.336588393923,0.182483959693,0.265000000000,538626
public-019,P0,3,3,3,2,3,0,18033,-0.392723426161,1.522343035198,0.052501875850,0.056448003224,0.194861968451,0.195000000000,538518
public-019,P0,3,4,2,3,3,1,18034,-0.609521412506,1.252573736375,0.136589094784,0.363718970730,0.119998132829,0.160000000000,538524
public-019,P0,3,5,3,1,1,0,18035,-0.442529189070,0.965538623576,0.370915546366,0.056448003224,0.158742526107,0.265000000000,538566
public-019,P0,3,6,1,0,1,0,18036,-0.716482119667,0.997576721642,0.540042571663,0.336588393923,0.192946204821,0.195000000000,538566
public-019,P0,3,7,0,1,1,1,18037,0.140469819647,0.895701334482,0.488475563586,0.000000000000,0.136480055620,0.160000000000,538634
public-019,P1,0,0,3,0,0,1,18100,-0.294852869810,0.378855008331,0.250000000000,-0.023551996776,0.425574198465,0.265000000000,538576
public-019,P1,0,1,0,2,2,0,18101,-0.255437626402,0.804807923816,0.135075576467,-0.080000000000,0.307258177050,0.230000000000,538629
public-019,P1,0,2,2,1,1,0,18102,-0.886579154947,0.530199678295,-0.104036709137,0.283718970730,0.248739982073,0.265000000000,538524
public-019,P1,0,3,1,2,2,1,18103,-0.339138122837,0.826427111896,-0.247498124150,0.256588393923,0.416191703567,0.265000000000,538532
public-019,P1,0,4,2,0,0,0,18104,-0.953400851314,0.595321102364,-0.163410905216,0.283718970730,0.200381365174,0.230000000000,538566
public-019,P1,0,5,0,3,3,0,18105,-0.844303683044,1.078713072965,0.070915546366,-0.080000000000,0.251707941497,0.265000000000,538566
public-019,P1,0,6,3,0,0,1,18106,-0.578145312242,0.493636400954,0.240042571663,-0.023551996776,0.406970148559,0.265000000000,538626
public-019,P1,0,7,0,2,2,0,18107,-0.188837561701,0.755245687900,0.188475563586,-0.080000000000,0.313252481736,0.230000000000,538518
public-019,P1,1,0,0,2,1,1,18110,0.159577874681,0.815453739160,0.350000000000,-0.080000000000,0.369366285460,0.230000000000,538634
public-019,P1,1,1,2,1,0,1,18111,-0.437509982704,0.663052753885,0.235075576467,0.283718970730,0.227998460976,0.265000000000,538593
public-019,P1,1,2,1,2,0,0,18112,-0.728317890732,0.669013457110,-0.004036709137,0.256588393923,0.215887531610,0.230000000000,538634
public-019,P1,1,3,2,0,3,1,18113,-0.549219936508,1.257722569635,-0.147498124150,0.283718970730,0.361222988001,0.230000000000,538566
public-019,P1,1,4,0,3,2,1,18114,-0.557051241961,0.890863976150,-0.063410905216,-0.080000000000,0.358480008360,0.265000000000,538638
public-019,P1,1,5,3,0,2,0,18115,-0.877549923021,1.011228528831,0.170915546366,-0.023551996776,0.218463496393,0.230000000000,538524
public-019,P1,1,6,0,2,1,1,18116,-0.326695460805,0.752290147566,0.340042571663,-0.080000000000,0.353219374221,0.230000000000,538566
public-019,P1,1,7,2,1,0,1,18117,-0.681685985792,0.730587203316,0.288475563586,0.283718970730,0.232446486594,0.265000000000,538638
public-019,P1,2,0,1,0,2,1,18120,-0.421664924532,1.198782970094,0.450000000000,0.256588393923,0.313158372456,0.195000000000,538626
public-019,P1,2,1,0,1,2,0,18121,-0.523494468369,1.114773283634,0.335075576467,-0.080000000000,0.213744818817,0.160000000000,538520
public-019,P1,2,2,1,3,0,1,18122,-0.978715109951,0.733930773154,0.095963290863,0.256588393923,0.248739982073,0.265000000000,538566
public-019,P1,2,3,3,2,0,1,18123,-0.401473006040,0.720548303808,-0.047498124150,-0.023551996776,0.306254272436,0.195000000000,538566
public-019,P1,2,4,2,3,0,0,18124,-0.923259373710,0.602835822788,0.036589094784,0.283718970730,0.139395732295,0.160000000000,538524
public-019,P1,2,5,3,1,2,1,18125,-0.609928806448,1.008655286069,0.270915546366,-0.023551996776,0.251707941497,0.265000000000,538524
public-019,P1,2,6,1,0,2,1,18126,-0.090004911109,1.029730907891,0.440042571663,0.256588393923,0.299468599883,0.195000000000,538518
public-019,P1,2,7,0,1,2,0,18127,-0.715852926390,1.072762462732,0.388475563586,-0.080000000000,0.217914769903,0.160000000000,538532
public-019,P1,3,0,2,3,3,1,18130,-0.341268804436,1.477871578167,0.550000000000,0.283718970730,0.256950459451,0.160000000000,538629
public-019,P1,3,1,3,1,1,0,18131,-0.807759999574,1.051541755232,0.435075576467,-0.023551996776,0.354014856166,0.265000000000,538566
public-019,P1,3,2,1,0,0,0,18132,-0.549992599807,0.972908130743,0.195963290863,0.256588393923,0.150182630685,0.160000000000,538525
public-019,P1,3,3,0,1,1,1,18133,-0.728511533535,0.908245950492,0.052501875850,-0.080000000000,0.251285556870,0.160000000000,538641
public-019,P1,3,4,1,3,3,0,18134,-0.786032162652,1.513501363155,0.136589094784,0.256588393923,0.358480008360,0.265000000000,538518
public-019,P1,3,5,3,2,2,0,18135,-0.500121283987,1.174878195326,0.370915546366,-0.023551996776,0.151974606187,0.160000000000,538533
public-019,P1,3,6,2,3,3,1,18136,-0.279200654656,1.378295473213,0.540042571663,0.283718970730,0.245717825545,0.160000000000,538566
public-019,P1,3,7,3,1,1,0,18137,-0.161331407117,0.902418525457,0.488475563586,-0.023551996776,0.360921337653,0.265000000000,538566
public-019,P2,0,0,0,2,2,0,18200,-0.668442934823,0.753961011586,0.250000000000,-0.160000000000,0.585796517400,0.230000000000,538532
public-019,P2,0,1,2,1,1,0,18201,-0.896591251153,0.741412929458,0.135075576467,0.203718970730,0.510476690435,0.265000000000,538629
public-019,P2,0,2,1,2,1,1,18202,-0.767890870140,0.574939508551,-0.104036709137,0.176588393923,0.369247726733,0.230000000000,538558
public-019,P2,0,3,2,0,0,0,18203,-0.949839262312,0.511925288188,-0.247498124150,0.203718970730,0.564508373297,0.230000000000,538566
public-019,P2,0,4,0,3,3,0,18204,-1.098366780678,0.961540212978,-0.163410905216,-0.160000000000,0.518296276384,0.265000000000,538629
public-019,P2,0,5,3,0,3,1,18205,-0.818899380623,0.919131275600,0.070915546366,-0.103551996776,0.371810820525,0.230000000000,538566
public-019,P2,0,6,0,2,2,0,18206,-0.957734398979,0.784697319902,0.240042571663,-0.160000000000,0.548428424529,0.230000000000,538525
public-019,P2,0,7,2,1,1,0,18207,-0.369210111665,0.769416830496,0.188475563586,0.203718970730,0.545033958810,0.265000000000,538641
public-019,P2,1,0,1,0,3,0,18210,-0.719352400337,1.285044095415,0.350000000000,0.176588393923,0.496653569100,0.195000000000,538566
public-019,P2,1,1,0,1,3,1,18211,-0.635999578846,1.230517822882,0.235075576467,-0.160000000000,0.308212341395,0.160000000000,538634
public-019,P2,1,2,1,3,1,0,18212,-1.091727983385,0.865983128374,-0.004036709137,0.176588393923,0.425437598192,0.265000000000,538524
public-019,P2,1,3,3,2,1,0,18213,-0.917117320851,0.811174801497,-0.147498124150,-0.103551996776,0.478604925187,0.195000000000,538524
public-019,P2,1,4,2,3,1,1,18214,-0.831328758904,0.919645049421,-0.063410905216,0.203718970730,0.312933600836,0.160000000000,538566
public-019,P2,1,5,3,1,3,0,18215,-0.764063448281,1.271668316254,0.170915546366,-0.103551996776,0.428390727996,0.265000000000,538630
public-019,P2,1,6,1,0,3,0,18216,-0.847208724760,1.266758447099,0.340042571663,0.176588393923,0.464971925144,0.195000000000,538566
public-019,P2,1,7,0,1,3,1,18217,-0.431738049522,1.017045373531,0.288475563586,-0.160000000000,0.329077107206,0.160000000000,538524
public-019,P2,2,0,2,3,0,0,18220,-0.594455881287,0.777504094830,0.450000000000,0.203718970730,0.407510620800,0.160000000000,538566
public-019,P2,2,1,3,1,2,1,18221,-0.634386991120,1.120563209317,0.335075576467,-0.103551996776,0.510476690435,0.265000000000,538524
public-019,P2,2,2,1,0,1,1,18222,-0.910984088049,0.819133753240,0.095963290863,0.176588393923,0.256867983814,0.160000000000,538566
public-019,P2,2,3,0,1,2,0,18223,-1.111728012071,1.021221697165,-0.047498124150,-0.160000000000,0.392701477076,0.160000000000,538524
public-019,P2,2,4,1,3,0,1,18224,-0.794171350690,0.605208355439,0.036589094784,0.176588393923,0.333801678903,0.265000000000,538634
public-019,P2,2,5,3,2,3,1,18225,-0.839948418324,1.291915777223,0.270915546366,-0.103551996776,0.258651005583,0.160000000000,538566
public-019,P2,2,6,2,3,0,0,18226,-0.520455441550,0.594732926957,0.440042571663,0.203718970730,0.381515425759,0.160000000000,538625
public-019,P2,2,7,3,1,2,1,18227,-0.391814406122,0.966120586302,0.388475563586,-0.103551996776,0.545033958810,0.265000000000,538625
public-019,P2,3,0,3,1,1,0,18230,-0.306303587273,0.920923140736,0.550000000000,-0.103551996776,0.674939465700,0.265000000000,538529
public-019,P2,3,1,1,0,0,0,18231,-0.470701376169,0.793319931967,0.435075576467,0.176588393923,0.198499973286,0.160000000000,538636
public-019,P2,3,2,0,1,0,1,18232,-0.778222318913,0.930138482157,0.195963290863,-0.160000000000,0.425437598192,0.265000000000,538630
public-019,P2,3,3,1,3,3,0,18233,-1.148048260637,1.288129392340,0.052501875850,0.176588393923,0.650411821408,0.265000000000,538524
public-019,P2,3,4,3,2,2,0,18234,-0.695896731796,1.306964251776,0.136589094784,-0.103551996776,0.312933600836,0.160000000000,538566
public-019,P2,3,5,2,3,2,1,18235,-0.875833271997,1.160372778393,0.370915546366,0.203718970730,0.428390727996,0.265000000000,538566
public-019,P2,3,6,3,1,1,0,18236,-1.029014905349,1.114662253638,0.540042571663,-0.103551996776,0.631884923914,0.265000000000,538524
public-019,P2,3,7,1,0,0,0,18237,-0.527720704393,0.806471333843,0.488475563586,0.176588393923,0.211937642385,0.160000000000,538636
public-019,P3,0,0,1,0,0,1,18300,-0.457919876928,0.377572779258,0.250000000000,0.096588393923,0.787047159317,0.195000000000,538625
public-019,P3,0,1,0,1,0,0,18301,-0.795215009030,0.552906349046,0.135075576467,-0.240000000000,0.294613027173,0.160000000000,538566
public-019,P3,0,2,1,3,2,1,18302,-0.607440171797,0.828024768257,-0.104036709137,0.096588393923,0.698115841895,0.265000000000,538630
public-019,P3,0,3,3,2,2,1,18303,-0.946412234879,0.975852099197,-0.247498124150,-0.183551996776,0.754331119985,0.195000000000,538567
public-019,P3,0,4,2,3,2,0,18304,-0.970492063234,0.752647177914,-0.163410905216,0.123718970730,0.465362433868,0.160000000000,538529
public-019,P3,0,5,3,1,0,1,18305,-0.975430807346,0.582784377414,0.070915546366,-0.183551996776,0.712241362057,0.265000000000,538636
public-019,P3,0,6,1,0,0,1,18306,-1.129987120426,0.603665806268,0.240042571663,0.096588393923,0.722335929698,0.195000000000,538630
public-019,P3,0,7,0,1,0,0,18307,-0.832341826545,0.592546578274,0.188475563586,-0.240000000000,0.310891514385,0.160000000000,538524
public-019,P3,1,0,2,3,1,1,18310,-0.481966338280,0.788728264899,0.350000000000,0.123718970730,0.645782284568,0.160000000000,538636
public-019,P3,1,1,3,1,3,0,18311,-0.634187434624,1.192943203094,0.235075576467,-0.183551996776,0.757647875621,0.265000000000,538524
public-019,P3,1,2,1,0,2,0,18312,-0.809850100357,1.060825038693,-0.004036709137,0.096588393923,0.421503904540,0.160000000000,538566
public-019,P3,1,3,0,1,3,1,18313,-0.727221263234,1.279765948007,-0.147498124150,-0.240000000000,0.618938354859,0.160000000000,538524
public-019,P3,1,4,1,3,1,0,18314,-0.999215678450,0.722887977006,-0.063410905216,0.096588393923,0.770756531094,0.265000000000,538525
public-019,P3,1,5,3,2,0,0,18315,-0.482001028657,0.527240616487,0.170915546366,-0.183551996776,0.430032520488,0.160000000000,538634
public-019,P3,1,6,2,3,1,1,18316,-0.595236365001,0.706509978627,0.340042571663,0.123718970730,0.592685891034,0.160000000000,538566
public-019,P3,1,7,3,1,3,0,18317,-0.801960727540,1.054723673116,0.288475563586,-0.183551996776,0.799510794490,0.265000000000,538566
public-019,P3,2,0,3,1,2,1,18320,-0.358067292117,1.020595172306,0.450000000000,-0.183551996776,1.069576908816,0.265000000000,538524
public-019,P3,2,1,1,0,1,1,18321,-0.850735910086,0.774300431762,0.335075576467,0.096588393923,0.457447773960,0.160000000000,538524
public-019,P3,2,2,0,1,1,0,18322,-0.743138834970,0.781854201980,0.095963290863,-0.240000000000,0.698115841895,0.265000000000,538566
public-019,P3,2,3,1,3,0,1,18323,-1.134789084727,0.811198938274,-0.047498124150,0.096588393923,1.025116650235,0.265000000000,538566
public-019,P3,2,4,3,2,3,1,18324,-0.733974019445,1.270168148295,0.036589094784,-0.183551996776,0.465362433868,0.160000000000,538524
public-019,P3,2,5,2,3,3,0,18325,-0.527705574815,1.323319416729,0.270915546366,0.123718970730,0.712241362057,0.265000000000,538633
public-019,P3,2,6,3,1,2,1,18326,-0.707473415790,1.013683132483,0.440042571663,-0.183551996776,0.981636007025,0.265000000000,538524
public-019,P3,2,7,1,0,1,1,18327,-0.630319300310,0.983554882687,0.388475563586,0.096588393923,0.482723498560,0.160000000000,538566
public-019,P3,3,0,0,3,3,1,18330,-0.509225067971,1.294870638101,0.550000000000,-0.240000000000,0.928312034066,0.230000000000,538566
public-019,P3,3,1,3,0,3,0,18331,-1.019189673470,1.521189455391,0.435075576467,-0.183551996776,0.557514474513,0.195000000000,538635
public-019,P3,3,2,0,2,1,1,18332,-0.737537891970,0.909512127022,0.195963290863,-0.240000000000,0.421503904540,0.160000000000,538524
public-019,P3,3,3,2,1,1,1,18333,-1.099627689672,1.096641242070,0.052501875850,0.123718970730,0.889723885110,0.230000000000,538636
public-019,P3,3,4,1,2,1,0,18334,-1.087379101898,0.916233062634,0.136589094784,0.096588393923,0.567160466277,0.195000000000,538566
public-019,P3,3,5,2,0,3,1,18335,-0.916977001299,1.366089227481,0.370915546366,0.123718970730,0.430032520488,0.160000000000,538533
public-019,P3,3,6,0,3,3,1,18336,-0.661739511321,1.430661332022,0.540042571663,-0.240000000000,0.851985968361,0.230000000000,538524
public-019,P3,3,7,3,0,3,0,18337,-0.559688255500,1.339727521771,0.488475563586,-0.183551996776,0.588319263870,0.195000000000,538567
public-020,P0,0,0,3,2,3,0,19000,-0.625578739637,1.005429028291,0.250000000000,0.056448003224,0.247426836692,0.230000000000,538566
public-020,P0,0,1,2,3,3,1,19001,-0.265356635961,1.156313304551,0.135075576467,0.363718970730,0.167323992817,0.195000000000,538638
public-020,P0,0,2,3,1,1,0,19002,-0.397660190178,0.694745635830,-0.104036709137,0.056448003224,0.102972885962,0.160000000000,538524
public-020,P0,0,3,1,0,1,0,19003,-0.814522413354,0.578605992972,-0.247498124150,0.336588393923,0.214944891483,0.230000000000,538566
public-020,P0,0,4,0,1,1,1,19004,-0.145279414744,0.646386004242,-0.163410905216,0.000000000000,0.145554893388,0.195000000000,538638
public-020,P0,0,5,1,3,3,0,19005,-0.854644583884,1.124401422525,0.070915546366,0.336588393923,0.101960519561,0.160000000000,538524
public-020,P0,0,6,3,2,3,0,19006,-0.481179526211,0.949421558636,0.240042571663,0.056448003224,0.244467893402,0.230000000000,538524
public-020,P0,0,7,2,3,3,1,19007,-0.106944847324,0.899692070062,0.188475563586,0.363718970730,0.168934257918,0.195000000000,538566
public-020,P0,1,0,0,1,0,0,19010,-0.112319955667,0.501975005323,0.350000000000,0.000000000000,0.209774926760,0.195000000000,538566
public-020,P0,1,1,1,3,2,1,19011,-0.444606219847,0.871863463478,0.235075576467,0.336588393923,0.137291481286,0.160000000000,538524
public-020,P0,1,2,3,2,1,1,19012,-0.457759635085,0.692064815349,-0.004036709137,0.056448003224,0.125498204767,0.195000000000,538524
public-020,P0,1,3,2,3,2,0,19013,-0.911714956290,1.036895970993,-0.147498124150,0.363718970730,0.182235886257,0.195000000000,538518
public-020,P0,1,4,3,1,0,1,19014,-0.095729604336,0.523766559874,-0.063410905216,0.056448003224,0.076917048294,0.160000000000,538532
public-020,P0,1,5,1,0,3,1,19015,-0.747595631024,1.072068596869,0.170915546366,0.336588393923,0.124264383215,0.195000000000,538629
public-020,P0,1,6,0,1,0,0,19016,-0.517965002062,0.633785215354,0.340042571663,0.000000000000,0.207266257449,0.195000000000,538558
public-020,P0,1,7,1,3,2,1,19017,-0.075687746876,1.097504536779,0.288475563586,0.336588393923,0.138612724445,0.160000000000,538566
public-020,P0,2,0,1,3,1,0,19020,-0.504248346845,1.023570996596,0.450000000000,0.336588393923,0.172123016829,0.160000000000,538641
public-020,P0,2,1,3,2,0,0,19021,-0.359154265658,0.658262005843,0.335075576467,0.056448003224,0.107762745495,0.195000000000,538518
public-020,P0,2,2,2,3,0,1,19022,-0.605131913928,0.828081417984,0.095963290863,0.363718970730,0.102972885962,0.160000000000,538533
public-020,P0,2,3,3,1,3,0,19023,-0.429784465671,1.361824922867,-0.047498124150,0.056448003224,0.149526881032,0.160000000000,538566
public-020,P0,2,4,1,0,2,0,19024,-0.212173905823,0.965208326727,0.036589094784,0.336588393923,0.145554893388,0.195000000000,538566
public-020,P0,2,5,0,1,2,1,19025,-0.386162943618,1.020451930037,0.270915546366,0.000000000000,0.101960519561,0.160000000000,538634
public-020,P0,2,6,1,3,1,0,19026,-0.502860198797,0.981506557413,0.440042571663,0.336588393923,0.170064621497,0.160000000000,538524
public-020,P0,2,7,3,2,0,0,19027,0.098262800236,0.834353335319,0.388475563586,0.056448003224,0.108799814868,0.195000000000,538524
public-020,P0,3,0,2,1,2,0,19030,-0.579403093830,1.087666630995,0.550000000000,0.363718970730,0.285078746623,0.265000000000,538524
public-020,P0,3,1,1,2,2,1,19031,-0.095279571222,1.159756939024,0.435075576467,0.336588393923,0.197356504348,0.230000000000,538636
public-020,P0,3,2,2,0,0,0,19032,-0.688715638023,0.758736047265,0.195963290863,0.363718970730,0.125498204767,0.195000000000,538566
public-020,P0,3,3,0,3,0,0,19033,-0.741656467328,0.736479673617,0.052501875850,0.000000000000,0.247653896709,0.265000000000,538626
public-020,P0,3,4,3,0,0,1,19034,-0.164797538545,0.909134917656,0.136589094784,0.056448003224,0.110568256923,0.230000000000,538566
public-020,P0,3,5,0,2,2,0,19035,-0.318229654391,1.234151662669,0.370915546366,0.000000000000,0.124264383215,0.195000000000,538524
public-020,P0,3,6,2,1,2,0,19036,-0.302224847726,1.107263152322,0.540042571663,0.363718970730,0.281669529354,0.265000000000,538566
public-020,P0,3,7,1,2,2,1,19037,0.026682070845,1.223143546505,0.488475563586,0.336588393923,0.199255791390,0.230000000000,538524
public-020,P1,0,0,0,1,1,1,19100,-0.302867757547,0.605387634860,0.250000000000,-0.080000000000,0.324604854858,0.195000000000,538524
public-020,P1,0,1,1,3,3,0,19101,-0.566189005025,0.956852369357,0.135075576467,0.256588393923,0.187139081435,0.160000000000,538566
public-020,P1,0,2,3,2,2,0,19102,-0.812337648963,0.807200653417,-0.104036709137,-0.023551996776,0.197238905561,0.195000000000,538630
public-020,P1,0,3,2,3,3,1,19103,-0.196324695076,1.024646046613,-0.247498124150,0.283718970730,0.328699061795,0.195000000000,538566
public-020,P1,0,4,3,1,1,0,19104,-0.576029803549,0.547628883000,-0.163410905216,-0.023551996776,0.189372020409,0.160000000000,538524
public-020,P1,0,5,1,0,0,0,19105,-0.432095738553,0.493698782238,0.070915546366,0.256588393923,0.192868685296,0.195000000000,538636
public-020,P1,0,6,0,1,1,1,19106,-0.064271980572,0.595130276734,0.240042571663,-0.080000000000,0.330937576159,0.195000000000,538566
public-020,P1,0,7,1,3,3,0,19107,-0.595525249180,1.111812464570,0.188475563586,0.256588393923,0.192572111991,0.160000000000,538626
public-020,P1,1,0,1,3,2,1,19110,-0.049089124997,0.927622254406,0.350000000000,0.256588393923,0.266342445012,0.160000000000,538524
public-020,P1,1,1,3,2,1,1,19111,-0.430390163355,0.655746881373,0.235075576467,-0.023551996776,0.228075755499,0.195000000000,538634
public-020,P1,1,2,2,3,1,0,19112,-0.815450963293,0.768088474869,-0.004036709137,0.283718970730,0.161837050717,0.160000000000,538566
public-020,P1,1,3,3,1,0,1,19113,-0.367575623199,0.705017787206,-0.147498124150,-0.023551996776,0.269701794293,0.160000000000,538625
public-020,P1,1,4,1,0,3,1,19114,-0.685445803274,1.028328931233,-0.063410905216,0.256588393923,0.230797149874,0.195000000000,538625
public-020,P1,1,5,0,1,3,0,19115,-0.710271529801,1.022039843936,0.170915546366,-0.080000000000,0.158251228961,0.160000000000,538566
public-020,P1,1,6,1,3,2,1,19116,-0.495447965508,0.830395629349,0.340042571663,0.256588393923,0.271538524028,0.160000000000,538630
public-020,P1,1,7,3,2,1,1,19117,-0.452781891497,0.918756578528,0.288475563586,-0.023551996776,0.234697261489,0.195000000000,538567
public-020,P1,2,0,2,1,3,1,19120,-0.352817947019,1.318854617451,0.450000000000,0.283718970730,0.441129674551,0.265000000000,538524
public-020,P1,2,1,1,2,3,0,19121,-0.582614791921,1.216598831804,0.335075576467,0.256588393923,0.269012429563,0.230000000000,538566
public-020,P1,2,2,2,0,1,1,19122,-0.736867837704,0.897796389048,0.095963290863,0.283718970730,0.197238905561,0.195000000000,538566
public-020,P1,2,3,0,3,1,1,19123,-0.763042304621,0.788053034279,-0.047498124150,-0.080000000000,0.446693596798,0.265000000000,538524
public-020,P1,2,4,3,0,1,0,19124,-0.541705178393,0.795633274067,0.036589094784,-0.023551996776,0.272222279338,0.230000000000,538636
public-020,P1,2,5,0,2,3,1,19125,-0.441415035358,1.147978626051,0.270915546366,-0.080000000000,0.192868685296,0.195000000000,538524
public-020,P1,2,6,2,1,3,1,19126,-0.060263945884,1.249447023579,0.440042571663,0.283718970730,0.449735680421,0.265000000000,538566
public-020,P1,2,7,1,2,3,0,19127,-0.480184369759,1.186351470384,0.388475563586,0.256588393923,0.276822410987,0.230000000000,538524
public-020,P1,3,0,3,0,0,1,19130,-0.214727872869,0.957208693950,0.550000000000,-0.023551996776,0.382867264705,0.230000000000,538566
public-020,P1,3,1,0,2,2,0,19131,-0.749629557420,1.117957288863,0.435075576467,-0.080000000000,0.228075755499,0.195000000000,538639
public-020,P1,3,2,2,1,1,0,19132,-0.419549375647,0.941004519852,0.195963290863,0.283718970730,0.232640760405,0.230000000000,538524
public-020,P1,3,3,1,2,2,1,19133,-0.587330337835,1.208507221373,0.052501875850,0.256588393923,0.387696329296,0.230000000000,538635
public-020,P1,3,4,2,0,0,0,19134,-0.562340889743,0.729363182397,0.136589094784,0.283718970730,0.148641770401,0.195000000000,538524
public-020,P1,3,5,0,3,3,0,19135,-0.383397884267,1.512547162954,0.370915546366,-0.080000000000,0.227486141631,0.230000000000,538524
public-020,P1,3,6,3,0,0,1,19136,-0.437645609699,0.799413243399,0.540042571663,-0.023551996776,0.390336628290,0.230000000000,538566
public-020,P1,3,7,0,2,2,0,19137,-0.185882317217,1.099705598086,0.488475563586,-0.080000000000,0.234697261489,0.195000000000,538566
public-020,P2,0,0,1,3,3,0,19200,-0.465258542610,1.063271020932,0.250000000000,0.176588393923,0.384056226692,0.160000000000,538524
public-020,P2,0,1,3,2,2,0,19201,-0.473482925671,0.934953129632,0.135075576467,-0.103551996776,0.390094108784,0.195000000000,538525
public-020,P2,0,2,2,3,2,1,19202,-0.940212386562,0.715300071503,-0.104036709137,0.203718970730,0.252914053850,0.160000000000,538634
public-020,P2,0,3,3,1,1,0,19203,-0.571810407601,0.592270447169,-0.247498124150,-0.103551996776,0.389939278221,0.160000000000,538566
public-020,P2,0,4,1,0,0,0,19204,-0.777964228152,0.540243577638,-0.163410905216,0.176588393923,0.252978733425,0.195000000000,538566
public-020,P2,0,5,0,1,0,1,19205,-0.862041016633,0.386083741115,0.070915546366,-0.160000000000,0.245709829394,0.160000000000,538639
public-020,P2,0,6,1,3,3,0,19206,-0.962016541892,1.110276275368,0.240042571663,0.176588393923,0.410055325858,0.160000000000,538524
public-020,P2,0,7,3,2,2,0,19207,-0.306816596522,0.909598762015,0.188475563586,-0.103551996776,0.365990918050,0.195000000000,538635
public-020,P2,1,0,2,1,0,0,19210,-0.374597536855,0.519236149330,0.350000000000,0.203718970730,0.636093125458,0.265000000000,538566
public-020,P2,1,1,1,2,0,1,19211,-0.909017138761,0.506187607250,0.235075576467,0.176588393923,0.296328241808,0.230000000000,538524
public-020,P2,1,2,2,0,2,0,19212,-0.648350971452,1.057684037059,-0.004036709137,0.203718970730,0.308239003130,0.195000000000,538633
public-020,P2,1,3,0,3,2,0,19213,-0.723514195809,1.063240035254,-0.147498124150,-0.160000000000,0.645836929553,0.265000000000,538524
public-020,P2,1,4,3,0,2,1,19214,-0.643401324160,1.057941001580,-0.063410905216,-0.103551996776,0.463304811637,0.230000000000,538566
public-020,P2,1,5,0,2,0,0,19215,-0.605386625406,0.656110585618,0.170915546366,-0.160000000000,0.299458854574,0.195000000000,538566
public-020,P2,1,6,2,1,0,0,19216,-0.596398972350,0.509169001938,0.340042571663,0.203718970730,0.679154133453,0.265000000000,538524
public-020,P2,1,7,1,2,0,1,19217,-0.566444183689,0.484780889983,0.288475563586,0.176588393923,0.278018669909,0.230000000000,538566
public-020,P2,2,0,3,0,1,0,19220,-0.524652966409,0.812465127380,0.450000000000,-0.103551996776,0.552080825870,0.230000000000,538636
public-020,P2,2,1,0,2,3,1,19221,-0.725118946239,1.237219570370,0.335075576467,-0.160000000000,0.390094108784,0.195000000000,538566
public-020,P2,2,2,2,1,2,1,19222,-0.904314469422,1.124358242160,0.095963290863,0.203718970730,0.363563952410,0.230000000000,538533
public-020,P2,2,3,1,2,3,0,19223,-0.625832122028,1.398124360867,-0.047498124150,0.176588393923,0.560537712442,0.230000000000,538524
public-020,P2,2,4,2,0,1,1,19224,-1.103522351638,0.994102536933,0.036589094784,0.203718970730,0.392801905518,0.195000000000,538567
public-020,P2,2,5,0,3,0,1,19225,-0.806858261299,0.677790162238,0.270915546366,-0.160000000000,0.353207879754,0.230000000000,538524
public-020,P2,2,6,3,0,1,0,19226,-0.476350332995,1.037828645247,0.440042571663,-0.103551996776,0.589454530922,0.230000000000,538524
public-020,P2,2,7,0,2,3,1,19227,-0.386891968544,1.205560852955,0.388475563586,-0.160000000000,0.365990918050,0.195000000000,538635
public-020,P2,3,0,0,2,2,0,19230,-0.893672711890,1.229715971171,0.550000000000,-0.160000000000,0.468068526281,0.195000000000,538566
public-020,P2,3,1,2,1,1,0,19231,-0.726447725823,1.155089810202,0.435075576467,0.203718970730,0.460111000104,0.230000000000,538625
public-020,P2,3,2,1,2,1,1,19232,-1.006017092629,1.088874148560,0.195963290863,0.176588393923,0.308239003130,0.195000000000,538566
public-020,P2,3,3,2,0,0,0,19233,-0.619224236511,0.870619022374,0.052501875850,0.203718970730,0.475238495331,0.195000000000,538558
public-020,P2,3,4,0,3,3,0,19234,-0.643832510488,1.276948197805,0.136589094784,-0.160000000000,0.463304811637,0.230000000000,538627
public-020,P2,3,5,3,0,3,1,19235,-0.645974964925,1.386149481299,0.370915546366,-0.103551996776,0.299458854574,0.195000000000,538566
public-020,P2,3,6,0,2,2,0,19236,-0.737349264869,1.124118308426,0.540042571663,-0.160000000000,0.499754928390,0.195000000000,538566
public-020,P2,3,7,2,1,1,0,19237,-0.755602425490,1.023897405180,0.488475563586,0.203718970730,0.431681595648,0.230000000000,538524
public-020,P3,0,0,2,1,1,1,19300,-0.592176694822,0.761305914525,0.250000000000,0.123718970730,0.944087387790,0.265000000000,538635
public-020,P3,0,1,1,2,1,0,19301,-0.994163570747,0.722146473310,0.135075576467,0.096588393923,0.755012672993,0.230000000000,538566
public-020,P3,0,2,2,0,3,1,19302,-0.484266551431,0.990893312795,-0.104036709137,0.123718970730,0.485816714826,0.195000000000,538630
public-020,P3,0,3,0,3,3,1,19303,-1.222952203090,0.939946295875,-0.247498124150,-0.240000000000,0.960421778344,0.265000000000,538597
public-020,P3,0,4,3,0,3,0,19304,-0.992410797934,0.907346816284,-0.163410905216,-0.183551996776,0.770289430940,0.230000000000,538566
public-020,P3,0,5,0,2,1,1,19305,-0.532083318623,0.716811076854,0.070915546366,-0.240000000000,0.465210646982,0.195000000000,538625
public-020,P3,0,6,2,1,1,1,19306,-0.836342434282,0.692877689773,0.240042571663,0.123718970730,0.996251796867,0.265000000000,538566
public-020,P3,0,7,1,2,1,0,19307,-0.376376686243,0.806857059625,0.188475563586,0.096588393923,0.766799063113,0.230000000000,538558
public-020,P3,1,0,3,0,2,1,19310,-1.032188610130,0.990125918804,0.350000000000,-0.183551996776,0.819396600723,0.230000000000,538524
public-020,P3,1,1,0,2,0,0,19311,-0.898472073727,0.601608329237,0.235075576467,-0.240000000000,0.412260233297,0.195000000000,538524
public-020,P3,1,2,2,1,3,0,19312,-0.818524234288,1.133895912286,-0.004036709137,0.123718970730,0.573014586718,0.230000000000,538566
public-020,P3,1,3,1,2,0,1,19313,-1.303048608673,0.603104046683,-0.147498124150,0.096588393923,0.833573618940,0.230000000000,538521
public-020,P3,1,4,2,0,2,0,19314,-1.277488904659,1.057705096860,-0.063410905216,0.123718970730,0.653071474057,0.195000000000,538566
public-020,P3,1,5,0,3,1,0,19315,-0.396817871776,0.738186541744,0.170915546366,-0.240000000000,0.548709993877,0.230000000000,538518
public-020,P3,1,6,3,0,2,1,19316,-1.069383291793,0.942193454013,0.340042571663,-0.183551996776,0.864671370866,0.230000000000,538625
public-020,P3,1,7,0,2,0,0,19317,-0.560127843771,0.666243192225,0.288475563586,-0.240000000000,0.418695966252,0.195000000000,538522
public-020,P3,2,0,0,2,3,1,19320,-1.040461324153,1.158009047460,0.450000000000,-0.240000000000,0.694705813657,0.195000000000,538524
public-020,P3,2,1,2,1,2,1,19321,-1.153213068384,1.116230968190,0.335075576467,0.123718970730,0.755012672993,0.230000000000,538529
public-020,P3,2,2,1,2,2,0,19322,-0.800993458181,1.224264975830,0.095963290863,0.096588393923,0.485816714826,0.195000000000,538521
public-020,P3,2,3,2,0,1,1,19323,-0.831705909453,0.886870249291,-0.047498124150,0.123718970730,0.706725459536,0.195000000000,538524
public-020,P3,2,4,0,3,0,1,19324,-0.846392713065,0.613249450740,0.036589094784,-0.240000000000,0.496094448300,0.230000000000,538524
public-020,P3,2,5,3,0,0,0,19325,-0.525556528121,0.863128737141,0.270915546366,-0.183551996776,0.465210646982,0.195000000000,538630
public-020,P3,2,6,0,2,3,1,19326,-0.996350272137,1.390568557411,0.440042571663,-0.240000000000,0.733090944864,0.195000000000,538630
public-020,P3,2,7,2,1,2,1,19327,-0.746520348544,1.008804200563,0.388475563586,0.123718970730,0.766799063113,0.230000000000,538518
public-020,P3,3,0,1,0,0,1,19330,-1.004766363689,0.738635794743,0.550000000000,0.096588393923,0.570015026590,0.160000000000,538636
public-020,P3,3,1,0,1,0,0,19331,-1.093793466448,0.873899146261,0.435075576467,-0.240000000000,0.560251086276,0.265000000000,538626
public-020,P3,3,2,1,3,2,1,19332,-0.390272039024,1.243549696061,0.195963290863,0.096588393923,0.573014586718,0.230000000000,538629
public-020,P3,3,3,3,2,2,1,19333,-1.086965716520,1.196673555757,0.052501875850,-0.183551996776,0.579877300132,0.160000000000,538521
public-020,P3,3,4,2,3,2,0,19334,-1.119782022610,1.181376334817,0.136589094784,0.123718970730,0.887507387822,0.265000000000,538567
public-020,P3,3,5,3,1,0,1,19335,-0.415441732560,0.726697324080,0.370915546366,-0.183551996776,0.548709993877,0.230000000000,538566
public-020,P3,3,6,1,0,0,1,19336,-0.987620436302,0.926426509588,0.540042571663,0.096588393923,0.601510518863,0.160000000000,538637
public-020,P3,3,7,0,1,0,0,19337,-0.377325144667,0.814025595145,0.488475563586,-0.240000000000,0.568997082342,0.265000000000,538524
public-021,P0,0,0,0,3,0,0,20000,-0.757863475057,0.471635656008,0.250000000000,0.000000000000,0.171075720138,0.160000000000,538625
public-021,P0,0,1,3,0,0,1,20001,-0.454127799290,0.607946234245,0.135075576467,0.056448003224,0.136868651977,0.265000000000,538625
public-021,P0,0,2,0,2,2,0,20002,-0.949534058143,0.982177277788,-0.104036709137,0.000000000000,0.138432338641,0.230000000000,538566
public-021,P0,0,3,2,1,2,0,20003,-0.359296406907,0.866619627127,-0.247498124150,0.363718970730,0.148818515424,0.160000000000,538630
public-021,P0,0,4,1,2,2,1,20004,-0.337939356237,0.791783234551,-0.163410905216,0.336588393923,0.210427607367,0.265000000000,538567
public-021,P0,0,5,2,0,0,0,20005,-0.245311064657,0.506655544721,0.070915546366,0.363718970730,0.157446227136,0.230000000000,538529
public-021,P0,0,6,0,3,0,0,20006,-0.001790347964,0.565372371029,0.240042571663,0.000000000000,0.172722090495,0.160000000000,538636
public-021,P0,0,7,3,0,0,1,20007,0.248443015690,0.595031179542,0.188475563586,0.056448003224,0.139966385338,0.265000000000,538630
public-021,P0,1,0,1,2,1,0,20010,-0.389388274723,0.717693756093,0.350000000000,0.336588393923,0.283344161479,0.265000000000,538524
public-021,P0,1,1,2,0,3,1,20011,-0.087785129012,1.094066104099,0.235075576467,0.363718970730,0.184448668301,0.230000000000,538636
public-021,P0,1,2,0,3,2,1,20012,-0.904156636411,0.964185399833,-0.004036709137,0.000000000000,0.159498129304,0.265000000000,538524
public-021,P0,1,3,3,0,3,0,20013,-0.452064758012,1.076371322739,-0.147498124150,0.056448003224,0.246480666172,0.265000000000,538566
public-021,P0,1,4,0,2,1,1,20014,-0.210120288655,0.792590738557,-0.063410905216,0.000000000000,0.182635281866,0.230000000000,538524
public-021,P0,1,5,2,1,0,1,20015,-0.361681863358,0.693266425335,0.170915546366,0.363718970730,0.181405435613,0.265000000000,538525
public-021,P0,1,6,1,2,1,0,20016,-0.056487468338,0.724963916993,0.340042571663,0.336588393923,0.286070962382,0.265000000000,538634
public-021,P0,1,7,2,0,3,1,20017,0.063876341485,1.051728186532,0.288475563586,0.363718970730,0.188623275013,0.230000000000,538566
public-021,P0,2,0,2,0,2,0,20020,-0.414729092505,1.049507241413,0.450000000000,0.363718970730,0.245921347698,0.230000000000,538635
public-021,P0,2,1,0,3,1,0,20021,-0.000511074657,0.932734205865,0.335075576467,0.000000000000,0.212516943912,0.265000000000,538524
public-021,P0,2,2,3,0,1,1,20022,-0.548113080515,0.903052615010,0.095963290863,0.056448003224,0.138432338641,0.230000000000,538524
public-021,P0,2,3,0,2,0,0,20023,-0.425342470960,0.863686897390,-0.047498124150,0.000000000000,0.213926615923,0.230000000000,538566
public-021,P0,2,4,2,1,3,0,20024,-0.322119889925,1.294103481052,0.036589094784,0.363718970730,0.210427607367,0.265000000000,538566
public-021,P0,2,5,1,2,3,1,20025,-0.460502505128,1.344413121568,0.270915546366,0.336588393923,0.157446227136,0.230000000000,538524
public-021,P0,2,6,2,0,2,0,20026,-0.519248965379,0.979732061420,0.440042571663,0.363718970730,0.248288005086,0.230000000000,538633
public-021,P0,2,7,0,3,1,0,20027,0.355839419699,0.947639182755,0.388475563586,0.000000000000,0.217326816863,0.265000000000,538524
public-021,P0,3,0,3,2,3,0,20030,-0.634797269394,1.308342672782,0.550000000000,0.056448003224,0.208498533918,0.195000000000,538566
public-021,P0,3,1,2,3,3,1,20031,-0.241342896790,1.356523683719,0.435075576467,0.363718970730,0.128312117079,0.160000000000,538566
public-021,P0,3,2,3,1,1,0,20032,-0.483861501076,0.912852239068,0.195963290863,0.056448003224,0.159498129304,0.265000000000,538635
public-021,P0,3,3,1,0,1,0,20033,-0.789345287304,1.077464438820,0.052501875850,0.336588393923,0.181372565673,0.195000000000,538524
public-021,P0,3,4,0,1,1,1,20034,-0.118683496908,0.943838252984,0.136589094784,0.000000000000,0.127050630863,0.160000000000,538636
public-021,P0,3,5,1,3,3,0,20035,-0.258342954464,1.282688857891,0.370915546366,0.336588393923,0.181405435613,0.265000000000,538566
public-021,P0,3,6,3,2,3,0,20036,-0.554409209548,1.283791656822,0.540042571663,0.056448003224,0.210505047790,0.195000000000,538533
public-021,P0,3,7,2,3,3,1,20037,-0.063951279695,1.292503500020,0.488475563586,0.363718970730,0.131216191314,0.160000000000,538524
public-021,P1,0,0,1,2,2,1,20100,-0.374303269441,0.884192204556,0.250000000000,0.256588393923,0.386220365697,0.265000000000,538524
public-021,P1,0,1,2,0,0,0,20101,-0.753808851276,0.398715403520,0.135075576467,0.283718970730,0.186698583397,0.230000000000,538566
public-021,P1,0,2,0,3,3,0,20102,-0.828276735438,1.076580826539,-0.104036709137,-0.080000000000,0.287686945403,0.265000000000,538566
public-021,P1,0,3,3,0,0,1,20103,-0.310320112915,0.508380358944,-0.247498124150,-0.023551996776,0.390828737718,0.265000000000,538524
public-021,P1,0,4,0,2,2,0,20104,-0.662383349729,0.718605084550,-0.163410905216,-0.080000000000,0.283465187617,0.230000000000,538566
public-021,P1,0,5,2,1,1,0,20105,-0.443106142921,0.725355757513,0.070915546366,0.283718970730,0.289646158052,0.265000000000,538566
public-021,P1,0,6,1,2,2,1,20106,0.034187491009,0.903391450112,0.240042571663,0.256588393923,0.397433133398,0.265000000000,538635
public-021,P1,0,7,2,0,0,0,20107,-0.231390769702,0.533602540124,0.188475563586,0.283718970730,0.178815621726,0.230000000000,538524
public-021,P1,1,0,2,0,3,1,20110,-0.012179196575,1.078184779956,0.350000000000,0.283718970730,0.335210128718,0.230000000000,538524
public-021,P1,1,1,0,3,2,1,20111,-0.438065967993,1.002771938515,0.235075576467,-0.080000000000,0.334001665668,0.265000000000,538567
public-021,P1,1,2,3,0,2,0,20112,-0.918306925271,1.063907707232,-0.004036709137,-0.023551996776,0.249690556387,0.230000000000,538524
public-021,P1,1,3,0,2,1,1,20113,-0.217099506336,0.803424464511,-0.147498124150,-0.080000000000,0.339209847831,0.230000000000,538524
public-021,P1,1,4,2,1,0,1,20114,-0.499291169983,0.721922883841,-0.063410905216,0.283718970730,0.210343064381,0.265000000000,538635
public-021,P1,1,5,1,2,0,0,20115,-0.298867291030,0.666893808170,0.170915546366,0.256588393923,0.251391005102,0.230000000000,538566
public-021,P1,1,6,2,0,3,1,20116,-0.145136924662,1.150779966252,0.340042571663,0.283718970730,0.344941964836,0.230000000000,538630
public-021,P1,1,7,0,3,2,1,20117,-0.052489848997,1.022175285653,0.288475563586,-0.080000000000,0.319899135908,0.265000000000,538597
public-021,P1,2,0,3,2,0,1,20120,-0.251208753810,0.601698067029,0.450000000000,-0.023551996776,0.284199891739,0.195000000000,538558
public-021,P1,2,1,2,3,0,0,20121,-0.574564739991,0.620919894572,0.335075576467,0.283718970730,0.129877275407,0.160000000000,538627
public-021,P1,2,2,3,1,2,1,20122,-1.065235267359,1.133923701326,0.095963290863,-0.023551996776,0.287686945403,0.265000000000,538566
public-021,P1,2,3,1,0,2,1,20123,-0.768447477565,1.194128820041,-0.047498124150,0.256588393923,0.287590957944,0.195000000000,538566
public-021,P1,2,4,0,1,2,0,20124,-1.008795264149,1.146683507707,0.036589094784,-0.080000000000,0.197193173995,0.160000000000,538524
public-021,P1,2,5,1,3,0,1,20125,-0.896340189966,0.763078497999,0.270915546366,0.256588393923,0.289646158052,0.265000000000,538524
public-021,P1,2,6,3,2,0,1,20126,-0.209091969581,0.805313486879,0.440042571663,-0.023551996776,0.292450796274,0.195000000000,538566
public-021,P1,2,7,2,3,0,0,20127,-0.030771303068,0.654719475044,0.388475563586,0.283718970730,0.124393475983,0.160000000000,538521
public-021,P1,3,0,0,1,1,1,20130,-0.124169873433,1.016330940513,0.550000000000,-0.080000000000,0.233189654760,0.160000000000,538522
public-021,P1,3,1,1,3,3,0,20131,-0.426777920077,1.301085292071,0.435075576467,0.256588393923,0.334001665668,0.265000000000,538524
public-021,P1,3,2,3,2,2,0,20132,-0.462418367354,1.269805016692,0.195963290863,-0.023551996776,0.173697778356,0.160000000000,538524
public-021,P1,3,3,2,3,3,1,20133,-0.262505792679,1.307278789929,0.052501875850,0.283718970730,0.235972068056,0.160000000000,538593
public-021,P1,3,4,3,1,1,0,20134,-0.954802398510,1.088820406159,0.136589094784,-0.023551996776,0.326601194429,0.265000000000,538524
public-021,P1,3,5,1,0,0,0,20135,-0.389930977452,0.959916828987,0.370915546366,0.256588393923,0.174880699201,0.160000000000,538529
public-021,P1,3,6,0,1,1,1,20136,-0.308689488305,0.903398274820,0.540042571663,-0.080000000000,0.239959627712,0.160000000000,538521
public-021,P1,3,7,1,3,3,0,20137,-0.049341516063,1.403499013384,0.488475563586,0.256588393923,0.319899135908,0.265000000000,538524
public-021,P2,0,0,2,0,0,0,20200,-0.695720885602,0.600404067832,0.250000000000,0.203718970730,0.573333610717,0.230000000000,538521
public-021,P2,0,1,0,3,3,0,20201,-1.067620463417,0.961155400375,0.135075576467,-0.160000000000,0.521967713097,0.265000000000,538566
public-021,P2,0,2,3,0,3,1,20202,-1.094284304652,1.120093076272,-0.104036709137,-0.103551996776,0.361006702203,0.230000000000,538518
public-021,P2,0,3,0,2,2,0,20203,-0.701294004110,0.743396646497,-0.247498124150,-0.160000000000,0.577313344950,0.230000000000,538625
public-021,P2,0,4,2,1,1,0,20204,-0.513647076689,0.649573957325,-0.163410905216,0.203718970730,0.507099529590,0.265000000000,538522
public-021,P2,0,5,1,2,1,1,20205,-0.762286401852,0.695137364823,0.070915546366,0.176588393923,0.379630186486,0.230000000000,538524
public-021,P2,0,6,2,0,0,0,20206,-0.438737208117,0.565121756269,0.240042571663,0.203718970730,0.537908391360,0.230000000000,538524
public-021,P2,0,7,0,3,3,0,20207,-0.427719387246,1.054575716479,0.188475563586,-0.160000000000,0.554676494825,0.265000000000,538593
public-021,P2,1,0,3,2,1,0,20210,-0.765223458052,0.913448567008,0.350000000000,-0.103551996776,0.486087191695,0.195000000000,538524
public-021,P2,1,1,2,3,1,1,20211,-0.726324830412,0.871068187614,0.235075576467,0.203718970730,0.315150317341,0.160000000000,538524
public-021,P2,1,2,3,1,3,0,20212,-0.583778766267,1.126807404945,-0.004036709137,-0.103551996776,0.415942504712,0.265000000000,538630
public-021,P2,1,3,1,0,3,0,20213,-0.679736633125,1.187404670249,-0.147498124150,0.176588393923,0.489461314197,0.195000000000,538630
public-021,P2,1,4,0,1,3,1,20214,-0.638601266157,1.071075003246,-0.063410905216,-0.160000000000,0.306173300885,0.160000000000,538518
public-021,P2,1,5,1,3,1,0,20215,-0.632042200043,0.680107762375,0.170915546366,0.176588393923,0.437399997473,0.265000000000,538630
public-021,P2,1,6,3,2,1,0,20216,-0.837899807929,0.759743324484,0.340042571663,-0.103551996776,0.456052766588,0.195000000000,538524
public-021,P2,1,7,2,3,1,1,20217,-0.060003806252,0.796674326582,0.288475563586,0.203718970730,0.334899015744,0.160000000000,538541
public-021,P2,2,0,0,1,2,0,20220,-0.753642839109,1.089310239706,0.450000000000,-0.160000000000,0.398840772672,0.160000000000,538521
public-021,P2,2,1,1,3,0,1,20221,-0.727034060956,0.749925553242,0.335075576467,0.176588393923,0.336166217864,0.265000000000,538567
public-021,P2,2,2,3,2,3,1,20222,-1.169125075602,1.398147858450,0.095963290863,-0.103551996776,0.251135097185,0.160000000000,538566
public-021,P2,2,3,2,3,0,0,20223,-0.674515451565,0.750108807036,-0.047498124150,0.203718970730,0.401609283444,0.160000000000,538637
public-021,P2,2,4,3,1,2,1,20224,-0.632814942528,1.043416712173,0.036589094784,-0.103551996776,0.507099529590,0.265000000000,538524
public-021,P2,2,5,1,0,1,1,20225,-1.012177236383,0.939014663645,0.270915546366,0.176588393923,0.264090564512,0.160000000000,538630
public-021,P2,2,6,0,1,2,0,20226,-0.334553791784,1.160085906227,0.440042571663,-0.160000000000,0.374197141816,0.160000000000,538634
public-021,P2,2,7,1,3,0,1,20227,-0.109463211027,0.735535086455,0.388475563586,0.176588393923,0.357231864586,0.265000000000,538627
public-021,P2,3,0,1,3,3,0,20230,-0.541933323329,1.286150557405,0.550000000000,0.176588393923,0.660580029739,0.265000000000,538524
public-021,P2,3,1,3,2,2,0,20231,-0.974866314651,1.325794579533,0.435075576467,-0.103551996776,0.315150317341,0.160000000000,538566
public-021,P2,3,2,2,3,2,1,20232,-0.958969577122,1.343984964875,0.195963290863,0.203718970730,0.415942504712,0.265000000000,538566
public-021,P2,3,3,3,1,1,0,20233,-1.192129783597,1.099842808380,0.052501875850,-0.103551996776,0.665165375703,0.265000000000,538566
public-021,P2,3,4,1,0,0,0,20234,-0.747570085657,0.849195954710,0.136589094784,0.176588393923,0.197186756933,0.160000000000,538566
public-021,P2,3,5,0,1,0,1,20235,-0.567173328670,0.780551927712,0.370915546366,-0.160000000000,0.437399997473,0.265000000000,538518
public-021,P2,3,6,1,3,3,0,20236,-0.335825893774,1.422288000796,0.540042571663,0.176588393923,0.619764016133,0.265000000000,538524
public-021,P2,3,7,3,2,2,0,20237,-0.141933337326,1.148071339829,0.488475563586,-0.103551996776,0.334899015744,0.160000000000,538638
public-021,P3,0,0,3,2,2,1,20300,-0.884501774169,0.903833435994,0.250000000000,-0.183551996776,0.797637939163,0.195000000000,538627
public-021,P3,0,1,2,3,2,0,20301,-1.170449865825,0.910903739817,0.135075576467,0.123718970730,0.496709664554,0.160000000000,538524
public-021,P3,0,2,3,1,0,1,20302,-0.398357654052,0.380683116842,-0.104036709137,-0.183551996776,0.618546604855,0.265000000000,538566
public-021,P3,0,3,1,0,0,1,20303,-0.768698373287,0.606526710706,-0.247498124150,0.096588393923,0.813777167233,0.195000000000,538541
public-021,P3,0,4,0,1,0,0,20304,-1.229336187845,0.464821434347,-0.163410905216,-0.240000000000,0.306330493715,0.160000000000,538524
public-021,P3,0,5,1,3,2,1,20305,-0.288539218737,0.726550295673,0.070915546366,0.096588393923,0.641622441752,0.265000000000,538566
public-021,P3,0,6,3,2,2,1,20306,-0.573774023704,0.979263490409,0.240042571663,-0.183551996776,0.810089745949,0.195000000000,538566
public-021,P3,0,7,2,3,2,0,20307,-0.425027187879,0.793017974111,0.188475563586,0.123718970730,0.461265669634,0.160000000000,538566
public-021,P3,1,0,0,1,3,1,20310,-0.648821713516,1.228463861109,0.350000000000,-0.240000000000,0.654472155210,0.160000000000,538638
public-021,P3,1,1,1,3,1,0,20311,-0.976398247865,0.657772888286,0.235075576467,0.096588393923,0.822675381918,0.265000000000,538533
public-021,P3,1,2,3,2,0,0,20312,-0.888509979762,0.506793356254,-0.004036709137,-0.183551996776,0.373462101045,0.160000000000,538558
public-021,P3,1,3,2,3,1,1,20313,-0.841236091074,0.884665852902,-0.147498124150,0.123718970730,0.667714598756,0.160000000000,538524
public-021,P3,1,4,3,1,3,0,20314,-1.123039759884,1.144380547171,-0.063410905216,-0.183551996776,0.787781348395,0.265000000000,538566
public-021,P3,1,5,1,0,2,0,20315,-0.241205876778,0.899605669757,0.170915546366,0.096588393923,0.387394681812,0.160000000000,538597
public-021,P3,1,6,0,1,3,1,20316,-0.444851415692,1.141951084709,0.340042571663,-0.240000000000,0.664689022317,0.160000000000,538635
public-021,P3,1,7,1,3,1,0,20317,-0.288791293773,0.818221719492,0.288475563586,0.096588393923,0.763971265332,0.265000000000,538535
public-021,P3,2,0,1,3,0,1,20320,-0.719980267005,0.592811595009,0.450000000000,0.096588393923,1.083969507067,0.265000000000,538524
public-021,P3,2,1,3,2,3,1,20321,-0.782315962972,1.314141225476,0.335075576467,-0.183551996776,0.496709664554,0.160000000000,538566
public-021,P3,2,2,2,3,3,0,20322,-0.945647118865,1.140062525010,0.095963290863,0.123718970730,0.618546604855,0.265000000000,538566
public-021,P3,2,3,3,1,2,1,20323,-1.202971723371,1.134439736195,-0.047498124150,-0.183551996776,1.105902304189,0.265000000000,538517
public-021,P3,2,4,1,0,1,1,20324,-1.244375274374,0.836674172778,0.036589094784,0.096588393923,0.475641568842,0.160000000000,538631
public-021,P3,2,5,0,1,1,0,20325,-0.373328609979,0.860834809866,0.270915546366,-0.240000000000,0.641622441752,0.265000000000,538524
public-021,P3,2,6,1,3,0,1,20326,-0.814101658686,0.743334066856,0.440042571663,0.096588393923,1.100891193213,0.265000000000,538517
public-021,P3,2,7,3,2,3,1,20327,-0.768483433273,1.302094552062,0.388475563586,-0.183551996776,0.461265669634,0.160000000000,538637
public-021,P3,3,0,2,1,1,1,20330,-1.064291079531,1.095129319317,0.550000000000,0.123718970730,0.940803723115,0.230000000000,538625
public-021,P3,3,1,1,2,1,0,20331,-0.790756892966,0.913904778288,0.435075576467,0.096588393923,0.605364903676,0.195000000000,538524
public-021,P3,3,2,2,0,3,1,20332,-0.497656841794,1.356280977394,0.195963290863,0.123718970730,0.373462101045,0.160000000000,538523
public-021,P3,3,3,0,3,3,1,20333,-1.153150727750,1.374550212584,0.052501875850,-0.240000000000,0.959839735711,0.230000000000,538597
public-021,P3,3,4,3,0,3,0,20334,-0.646179795835,1.525601313251,0.136589094784,-0.183551996776,0.579688162026,0.195000000000,538518
public-021,P3,3,5,0,2,1,1,20335,-0.764407432453,1.012205515602,0.370915546366,-0.240000000000,0.387394681812,0.160000000000,538524
public-021,P3,3,6,2,1,1,1,20336,-0.573010071562,1.069533932754,0.540042571663,0.123718970730,0.955490469581,0.230000000000,538634
public-021,P3,3,7,1,2,1,0,20337,-0.345350797442,1.018717397973,0.488475563586,0.096588393923,0.562167534867,0.195000000000,538524
public-022,P0,0,0,1,0,1,0,21000,-0.516295426836,0.724140820050,0.250000000000,0.336588393923,0.229837193558,0.230000000000,538524
public-022,P0,0,1,0,1,1,1,21001,-0.379206157670,0.595242464459,0.135075576467,0.000000000000,0.146247724385,0.195000000000,538635
public-022,P0,0,2,1,3,3,0,21002,-0.332872070888,0.891269889141,-0.104036709137,0.336588393923,0.095844544065,0.160000000000,538566
public-022,P0,0,3,3,2,3,0,21003,-0.447514056584,1.008185913605,-0.247498124150,0.056448003224,0.227577574917,0.230000000000,538630
public-022,P0,0,4,2,3,3,1,21004,-0.494810214889,0.965905021140,-0.163410905216,0.363718970730,0.166335067786,0.195000000000,538597
public-022,P0,0,5,3,1,1,0,21005,-0.657284327829,0.630698586266,0.070915546366,0.056448003224,0.111239317004,0.160000000000,538566
public-022,P0,0,6,1,0,1,0,21006,0.119677033684,0.609705921181,0.240042571663,0.336588393923,0.235039073841,0.230000000000,538625
public-022,P0,0,7,0,1,1,1,21007,0.132336418083,0.617982427949,0.188475563586,0.000000000000,0.148399631537,0.195000000000,538566
public-022,P0,1,0,2,3,2,0,21010,-0.820274596723,1.004793648998,0.350000000000,0.363718970730,0.194861968451,0.195000000000,538566
public-022,P0,1,1,3,1,0,1,21011,-0.416403543913,0.728737837526,0.235075576467,0.056448003224,0.077283168004,0.160000000000,538524
public-022,P0,1,2,1,0,3,1,21012,-0.742533368906,1.179404058816,-0.004036709137,0.336588393923,0.116810538079,0.195000000000,538524
public-022,P0,1,3,0,1,0,0,21013,-0.699427498739,0.504407182978,-0.147498124150,0.000000000000,0.192946204821,0.195000000000,538566
public-022,P0,1,4,1,3,2,1,21014,-0.500179404296,0.908296779360,-0.063410905216,0.336588393923,0.136480055620,0.160000000000,538521
public-022,P0,1,5,3,2,1,1,21015,-0.369139736159,0.825431372884,0.170915546366,0.056448003224,0.135572917599,0.195000000000,538566
public-022,P0,1,6,2,3,2,0,21016,-0.425957475132,1.062248275506,0.340042571663,0.363718970730,0.199272258257,0.195000000000,538518
public-022,P0,1,7,3,1,0,1,21017,0.140671212947,0.724442978716,0.288475563586,0.056448003224,0.078420322121,0.160000000000,538625
public-022,P0,2,0,3,1,3,0,21020,-0.514707885691,1.275006043878,0.450000000000,0.056448003224,0.159886743345,0.160000000000,538593
public-022,P0,2,1,1,0,2,0,21021,-0.375982127970,1.024276757878,0.335075576467,0.336588393923,0.146247724385,0.195000000000,538524
public-022,P0,2,2,0,1,2,1,21022,-0.431287808574,0.975029996929,0.095963290863,0.000000000000,0.095844544065,0.160000000000,538529
public-022,P0,2,3,1,3,1,0,21023,-0.909463240374,0.845621216877,-0.047498124150,0.336588393923,0.158314834725,0.160000000000,538521
public-022,P0,2,4,3,2,0,0,21024,-0.431850789486,0.711812529990,0.036589094784,0.056448003224,0.107125841758,0.195000000000,538524
public-022,P0,2,5,2,3,0,1,21025,-0.642456023998,0.680550869830,0.270915546366,0.363718970730,0.111239317004,0.160000000000,538524
public-022,P0,2,6,3,1,3,0,21026,-0.254470164991,1.403616695825,0.440042571663,0.056448003224,0.163505442672,0.160000000000,538630
public-022,P0,2,7,1,0,2,0,21027,0.197759143630,1.168536104225,0.388475563586,0.336588393923,0.148399631537,0.195000000000,538630
public-022,P0,3,0,0,3,0,0,21030,-0.701395660007,0.854164503464,0.550000000000,0.000000000000,0.264812418664,0.265000000000,538541
public-022,P0,3,1,3,0,0,1,21031,-0.519687203119,0.747746902267,0.435075576467,0.056448003224,0.111094554005,0.230000000000,538636
public-022,P0,3,2,0,2,2,0,21032,-0.406047921071,1.329890278543,0.195963290863,0.000000000000,0.116810538079,0.195000000000,538626
public-022,P0,3,3,2,1,2,0,21033,-0.309624739288,1.348981353396,0.052501875850,0.363718970730,0.262208945013,0.265000000000,538629
public-022,P0,3,4,1,2,2,1,21034,-0.391287872932,1.218339278246,0.136589094784,0.336588393923,0.196190079953,0.230000000000,538521
public-022,P0,3,5,2,0,0,0,21035,-0.162935903731,0.894944844666,0.370915546366,0.363718970730,0.135572917599,0.195000000000,538567
public-022,P0,3,6,0,3,0,0,21036,-0.074160806170,0.917559313079,0.540042571663,0.000000000000,0.270805889426,0.265000000000,538566
public-022,P0,3,7,3,0,0,1,21037,0.402936525906,0.961421302680,0.488475563586,0.056448003224,0.112729213049,0.230000000000,538637
public-022,P1,0,0,2,3,3,1,21100,-0.487012682921,1.100744010135,0.250000000000,0.283718970730,0.306254272436,0.195000000000,538630
public-022,P1,0,1,3,1,1,0,21101,-0.862622689657,0.683092807608,0.135075576467,-0.023551996776,0.216440759764,0.160000000000,538518
public-022,P1,0,2,1,0,0,0,21102,-0.634284359258,0.560341594141,-0.104036709137,0.256588393923,0.185219051290,0.195000000000,538630
public-022,P1,0,3,0,1,1,1,21103,-0.568630849759,0.625524323591,-0.247498124150,-0.080000000000,0.299468599883,0.195000000000,538524
public-022,P1,0,4,1,3,3,0,21104,-0.576187404356,0.975282954831,-0.163410905216,0.256588393923,0.217914769903,0.160000000000,538541
public-022,P1,0,5,3,2,2,0,21105,-0.295070777411,0.797631608389,0.070915546366,-0.023551996776,0.188348964175,0.195000000000,538636
public-022,P1,0,6,2,3,3,1,21106,0.178681144438,1.045841574810,0.240042571663,0.283718970730,0.293323318985,0.195000000000,538626
public-022,P1,0,7,3,1,1,0,21107,-0.141646102929,0.546514668296,0.188475563586,-0.023551996776,0.218023668300,0.160000000000,538629
public-022,P1,1,0,3,1,0,1,21110,-0.324581448318,0.638207192044,0.350000000000,-0.023551996776,0.251285556870,0.160000000000,538637
public-022,P1,1,1,1,0,3,1,21111,-1.004120978010,1.279660391123,0.235075576467,0.256588393923,0.263787175963,0.195000000000,538524
public-022,P1,1,2,0,1,3,0,21112,-0.966427108081,1.173871903238,-0.004036709137,-0.080000000000,0.151974606187,0.160000000000,538630
public-022,P1,1,3,1,3,2,1,21113,-0.430628401196,1.036659299653,-0.147498124150,0.256588393923,0.245717825545,0.160000000000,538634
public-022,P1,1,4,3,2,1,1,21114,-0.321371193355,0.667975505393,-0.063410905216,-0.023551996776,0.265583625820,0.195000000000,538627
public-022,P1,1,5,2,3,1,0,21115,-0.227849347043,0.871927435935,0.170915546366,0.283718970730,0.154542739836,0.160000000000,538524
public-022,P1,1,6,3,1,0,1,21116,0.127387422924,0.705683423242,0.340042571663,-0.023551996776,0.240675543782,0.160000000000,538566
public-022,P1,1,7,1,0,3,1,21117,0.162875952798,1.111168580325,0.288475563586,0.256588393923,0.265716345741,0.195000000000,538541
public-022,P1,2,0,0,3,1,1,21120,-0.168747657292,1.040992033141,0.450000000000,-0.080000000000,0.416191703567,0.265000000000,538566
public-022,P1,2,1,3,0,1,0,21121,-0.658529619467,1.013705393778,0.335075576467,-0.023551996776,0.311133592161,0.230000000000,538566
public-022,P1,2,2,0,2,3,1,21122,-0.493645439487,1.378891746630,0.095963290863,-0.080000000000,0.185219051290,0.195000000000,538518
public-022,P1,2,3,2,1,3,1,21123,-0.369104356092,1.232093710992,-0.047498124150,0.283718970730,0.406970148559,0.265000000000,538524
public-022,P1,2,4,1,2,3,0,21124,-0.876004680082,1.359302515449,0.036589094784,0.256588393923,0.313252481736,0.230000000000,538638
public-022,P1,2,5,2,0,1,1,21125,-0.454532789728,0.858797396126,0.270915546366,0.283718970730,0.188348964175,0.195000000000,538533
public-022,P1,2,6,0,3,1,1,21126,0.003309928846,1.017968225897,0.440042571663,-0.080000000000,0.398618869390,0.265000000000,538558
public-022,P1,2,7,3,0,1,0,21127,0.007230679995,0.777443365511,0.388475563586,-0.023551996776,0.313409023182,0.230000000000,538524
public-022,P1,3,0,1,2,2,1,21130,-0.357693939118,1.224637298493,0.550000000000,0.256588393923,0.361222988001,0.230000000000,538535
public-022,P1,3,1,2,0,0,0,21131,-0.836653840481,0.989557904608,0.435075576467,0.283718970730,0.169888548735,0.195000000000,538518
public-022,P1,3,2,0,3,3,0,21132,-0.591323096497,1.480947595354,0.195963290863,-0.080000000000,0.218463496393,0.230000000000,538626
public-022,P1,3,3,3,0,0,1,21133,-0.703813234487,0.856759726652,0.052501875850,-0.023551996776,0.353219374221,0.230000000000,538523
public-022,P1,3,4,0,2,2,0,21134,-0.852877982911,1.264395230976,0.136589094784,-0.080000000000,0.265583625820,0.195000000000,538524
public-022,P1,3,5,2,1,1,0,21135,-0.307786758788,0.947902571912,0.370915546366,0.283718970730,0.222155188514,0.230000000000,538566
public-022,P1,3,6,1,2,2,1,21136,-0.034021610253,1.281348841687,0.540042571663,0.256588393923,0.345971094187,0.230000000000,538566
public-022,P1,3,7,2,0,0,0,21137,-0.424200527980,0.778984245090,0.488475563586,0.283718970730,0.171131004334,0.195000000000,538517
public-022,P2,0,0,3,1,1,0,21200,-1.046023730906,0.682931648644,0.250000000000,-0.103551996776,0.392701477076,0.160000000000,538524
public-022,P2,0,1,1,0,0,0,21201,-0.835062794864,0.584796673472,0.135075576467,0.176588393923,0.245627650514,0.195000000000,538566
public-022,P2,0,2,0,1,0,1,21202,-1.166277315385,0.381907877228,-0.104036709137,-0.160000000000,0.258651005583,0.160000000000,538597
public-022,P2,0,3,1,3,3,0,21203,-0.587617003089,1.086476820474,-0.247498124150,0.176588393923,0.381515425759,0.160000000000,538635
public-022,P2,0,4,3,2,2,0,21204,-0.928065753627,0.863126171380,-0.163410905216,-0.103551996776,0.401062724407,0.195000000000,538535
public-022,P2,0,5,2,3,2,1,21205,-0.408561578798,0.978294488271,0.070915546366,0.203718970730,0.240996587995,0.160000000000,538518
public-022,P2,0,6,3,1,1,0,21206,-0.280180807468,0.652125821044,0.240042571663,-0.103551996776,0.417309870615,0.160000000000,538626
public-022,P2,0,7,1,0,0,0,21207,-0.492123827037,0.401991341076,0.188475563586,0.176588393923,0.232119919294,0.195000000000,538523
public-022,P2,1,0,0,3,2,0,21210,-0.886607959290,0.988389479122,0.350000000000,-0.160000000000,0.650411821408,0.265000000000,538517
public-022,P2,1,1,3,0,2,1,21211,-0.883083690253,1.021663721675,0.235075576467,-0.103551996776,0.449842051202,0.230000000000,538631
public-022,P2,1,2,0,2,0,0,21212,-0.919270868314,0.666137620315,-0.004036709137,-0.160000000000,0.315230913054,0.195000000000,538524
public-022,P2,1,3,2,1,0,0,21213,-0.909856762763,0.654300641874,-0.147498124150,0.203718970730,0.631884923914,0.265000000000,538517
public-022,P2,1,4,1,2,0,1,21214,-0.595695264658,0.606967899454,-0.063410905216,0.176588393923,0.304660360929,0.230000000000,538637
public-022,P2,1,5,2,0,2,0,21215,-0.419118750135,1.057144536863,0.170915546366,0.203718970730,0.293714591618,0.195000000000,538518
public-022,P2,1,6,0,3,2,0,21216,-0.354344435207,0.919389772316,0.340042571663,-0.160000000000,0.691169473206,0.265000000000,538524
public-022,P2,1,7,3,0,2,1,21217,-0.002306448418,1.025696152468,0.288475563586,-0.103551996776,0.425104015781,0.230000000000,538566
public-022,P2,2,0,1,2,3,0,21220,-0.950034806290,1.291661932822,0.450000000000,0.176588393923,0.564508373297,0.230000000000,538597
public-022,P2,2,1,2,0,1,1,21221,-0.835055058355,0.861888904810,0.335075576467,0.203718970730,0.381387826019,0.195000000000,538518
public-022,P2,2,2,0,3,0,1,21222,-0.851368468720,0.752940020068,0.095963290863,-0.160000000000,0.371810820525,0.230000000000,538524
public-022,P2,2,3,3,0,1,0,21223,-0.531886115753,0.876785480788,-0.047498124150,-0.103551996776,0.548428424529,0.230000000000,538634
public-022,P2,2,4,0,2,3,1,21224,-0.528133627875,1.339697754543,0.036589094784,-0.160000000000,0.401062724407,0.195000000000,538524
public-022,P2,2,5,2,1,2,1,21225,-0.566377730305,1.185642608717,0.270915546366,0.203718970730,0.346432595242,0.230000000000,538566
public-022,P2,2,6,1,2,3,0,21226,-0.525409148530,1.221364108756,0.440042571663,0.176588393923,0.599882939009,0.230000000000,538630
public-022,P2,2,7,2,0,1,1,21227,-0.181001076371,0.850502596892,0.388475563586,0.203718970730,0.360414274249,0.195000000000,538630
public-022,P2,3,0,2,0,0,0,21230,-0.750578598755,0.717830241643,0.550000000000,0.203718970730,0.478604925187,0.195000000000,538524
public-022,P2,3,1,0,3,3,0,21231,-0.815686772332,1.441539334534,0.435075576467,-0.160000000000,0.449842051202,0.230000000000,538523
public-022,P2,3,2,3,0,3,1,21232,-1.146540058288,1.400699903326,0.195963290863,-0.103551996776,0.315230913054,0.195000000000,538625
public-022,P2,3,3,0,2,2,0,21233,-0.698140634444,1.287454187139,0.052501875850,-0.160000000000,0.464971925144,0.195000000000,538518
public-022,P2,3,4,2,1,1,0,21234,-0.813836016128,0.937378798380,0.136589094784,0.203718970730,0.473048341609,0.230000000000,538633
public-022,P2,3,5,1,2,1,1,21235,-0.678071077614,0.948994237319,0.370915546366,0.176588393923,0.293714591618,0.195000000000,538529
public-022,P2,3,6,2,0,0,0,21236,-0.416649012540,0.770677223166,0.540042571663,0.203718970730,0.508596404812,0.195000000000,538596
public-022,P2,3,7,0,3,3,0,21237,-0.055946681488,1.281356234548,0.488475563586,-0.160000000000,0.425104015781,0.230000000000,538566
public-022,P3,0,0,0,3,3,1,21300,-0.754791578394,1.098162563370,0.250000000000,-0.240000000000,1.025116650235,0.265000000000,538630
public-022,P3,0,1,3,0,3,0,21301,-1.210025882705,0.966791947009,0.135075576467,-0.183551996776,0.668958498685,0.230000000000,538524
public-022,P3,0,2,0,2,1,1,21302,-0.472246744093,0.620349482029,-0.104036709137,-0.240000000000,0.524102134344,0.195000000000,538567
public-022,P3,0,3,2,1,1,1,21303,-0.972479459068,0.590787513954,-0.247498124150,0.123718970730,0.981636007025,0.265000000000,538630
public-022,P3,0,4,1,2,1,0,21304,-0.986055047004,0.761955724354,-0.163410905216,0.096588393923,0.693915029180,0.230000000000,538524
public-022,P3,0,5,2,0,3,1,21305,-0.524630135915,0.909910470406,0.070915546366,0.123718970730,0.521727300737,0.195000000000,538523
public-022,P3,0,6,0,3,3,1,21306,-0.290256970263,0.982176565526,0.240042571663,-0.240000000000,0.951966816567,0.265000000000,538625
public-022,P3,0,7,3,0,3,0,21307,-0.151762113665,1.031013618172,0.188475563586,-0.183551996776,0.725609666211,0.230000000000,538518
public-022,P3,1,0,1,2,0,1,21310,-1.140186363136,0.659022615472,0.350000000000,0.096588393923,0.889723885110,0.230000000000,538566
public-022,P3,1,1,2,0,2,0,21311,-1.244874534158,0.930125599136,0.235075576467,0.123718970730,0.567160466277,0.195000000000,538626
public-022,P3,1,2,0,3,1,0,21312,-0.803784548690,0.670925922334,-0.004036709137,-0.240000000000,0.618171748201,0.230000000000,538566
public-022,P3,1,3,3,0,2,1,21313,-0.908084094131,1.059162434525,-0.147498124150,-0.183551996776,0.851985968361,0.230000000000,538566
public-022,P3,1,4,0,2,0,0,21314,-0.671678601609,0.570580181336,-0.063410905216,-0.240000000000,0.378899033157,0.195000000000,538641
public-022,P3,1,5,2,1,3,0,21315,-0.202118284420,1.163409863348,0.170915546366,0.123718970730,0.615370662408,0.230000000000,538566
public-022,P3,1,6,1,2,0,1,21316,-0.251319799121,0.739055053196,0.340042571663,0.096588393923,0.826235350228,0.230000000000,538636
public-022,P3,1,7,2,0,2,0,21317,-0.637797995960,1.101220924334,0.288475563586,0.123718970730,0.615190803962,0.195000000000,538566
public-022,P3,2,0,2,0,1,1,21320,-0.669365875703,1.039040287323,0.450000000000,0.123718970730,0.754331119985,0.195000000000,538524
public-022,P3,2,1,0,3,0,1,21321,-1.046941245505,0.699926002232,0.335075576467,-0.240000000000,0.430833637346,0.230000000000,538633
public-022,P3,2,2,3,0,0,0,21322,-0.589575371050,0.701845123772,0.095963290863,-0.183551996776,0.524102134344,0.195000000000,538535
public-022,P3,2,3,0,2,3,1,21323,-0.839849090050,1.359607480201,-0.047498124150,-0.240000000000,0.722335929698,0.195000000000,538524
public-022,P3,2,4,2,1,2,1,21324,-0.763856087184,0.989463723793,0.036589094784,0.123718970730,0.693915029180,0.230000000000,538524
public-022,P3,2,5,1,2,2,0,21325,-0.678558198367,1.065033765290,0.270915546366,0.096588393923,0.521727300737,0.195000000000,538558
public-022,P3,2,6,2,0,1,1,21326,-0.552250995243,0.995197809321,0.440042571663,0.123718970730,0.700503883889,0.195000000000,538524
public-022,P3,2,7,0,3,0,1,21327,-0.160365367273,0.796597713951,0.388475563586,-0.240000000000,0.467319052530,0.230000000000,538566
public-022,P3,3,0,3,2,2,1,21330,-0.936036136113,1.301006087745,0.550000000000,-0.183551996776,0.618938354859,0.160000000000,538638
public-022,P3,3,1,2,3,2,0,21331,-1.226973118343,1.112521123111,0.435075576467,0.123718970730,0.770756531094,0.265000000000,538515
public-022,P3,3,2,3,1,0,1,21332,-0.429980132487,0.963692194423,0.195963290863,-0.183551996776,0.618171748201,0.230000000000,538524
public-022,P3,3,3,1,0,0,1,21333,-1.171245082157,0.924220941971,0.052501875850,0.096588393923,0.592685891034,0.160000000000,538524
public-022,P3,3,4,0,1,0,0,21334,-0.910148781502,0.889276083353,0.136589094784,-0.240000000000,0.514914070700,0.265000000000,538593
public-022,P3,3,5,1,3,2,1,21335,-0.354740674835,1.123185351530,0.370915546366,0.096588393923,0.615370662408,0.230000000000,538635
public-022,P3,3,6,3,2,2,1,21336,-0.711518297307,1.283922123087,0.540042571663,-0.183551996776,0.574772417550,0.160000000000,538533
public-022,P3,3,7,2,3,2,0,21337,-0.218489325633,1.269108339637,0.488475563586,0.123718970730,0.836028528461,0.265000000000,538525
public-023,P0,0,0,2,1,2,0,22000,-0.680675574544,0.787061828065,0.250000000000,0.363718970730,0.149526881032,0.160000000000,538634
public-023,P0,0,1,1,2,2,1,22001,-0.298289696480,0.750437079895,0.135075576467,0.336588393923,0.197805367937,0.265000000000,538627
public-023,P0,0,2,2,0,0,0,22002,-0.635663367337,0.557606212289,-0.104036709137,0.363718970730,0.146568246869,0.230000000000,538524
public-023,P0,0,3,0,3,0,0,22003,-0.672670359203,0.432770698822,-0.247498124150,0.000000000000,0.170064621497,0.160000000000,538566
public-023,P0,0,4,3,0,0,1,22004,-0.057382702246,0.629002702796,-0.163410905216,0.056448003224,0.147856158666,0.265000000000,538541
public-023,P0,0,5,0,2,2,0,22005,-0.019245775990,0.930382744292,0.070915546366,0.000000000000,0.151373723931,0.230000000000,538524
public-023,P0,0,6,2,1,2,0,22006,0.053541616111,0.947180432687,0.240042571663,0.363718970730,0.151727038101,0.160000000000,538566
public-023,P0,0,7,1,2,2,1,22007,0.408643393058,0.861750991034,0.188475563586,0.336588393923,0.196504885984,0.265000000000,538566
public-023,P0,1,0,3,0,3,0,22010,-0.488193020833,1.246199127323,0.350000000000,0.056448003224,0.247653896709,0.265000000000,538524
public-023,P0,1,1,0,2,1,1,22011,-0.495416574798,0.768356890583,0.235075576467,0.000000000000,0.171680130662,0.230000000000,538638
public-023,P0,1,2,2,1,0,1,22012,-0.600607882830,0.749373944506,-0.004036709137,0.363718970730,0.168872110522,0.265000000000,538533
public-023,P0,1,3,1,2,1,0,22013,-0.413255389921,0.689460943934,-0.147498124150,0.336588393923,0.281669529354,0.265000000000,538558
public-023,P0,1,4,2,0,3,1,22014,-0.072586139724,1.157578968852,-0.063410905216,0.363718970730,0.199255791390,0.230000000000,538524
public-023,P0,1,5,0,3,2,1,22015,-0.531781997581,1.101643320236,0.170915546366,0.000000000000,0.174408855834,0.265000000000,538566
public-023,P0,1,6,3,0,3,0,22016,-0.373861746641,1.095412318130,0.340042571663,0.056448003224,0.251297906856,0.265000000000,538597
public-023,P0,1,7,0,2,1,1,22017,0.463258811016,0.775014083555,0.288475563586,0.000000000000,0.170551410477,0.230000000000,538635
public-023,P0,2,0,0,2,0,0,22020,-0.864330262056,0.862877215599,0.450000000000,0.000000000000,0.214944891483,0.230000000000,538523
public-023,P0,2,1,2,1,3,0,22021,-0.333976754048,1.146626988177,0.335075576467,0.363718970730,0.197805367937,0.265000000000,538524
public-023,P0,2,2,1,2,3,1,22022,-0.602209117035,1.199123411482,0.095963290863,0.336588393923,0.146568246869,0.230000000000,538566
public-023,P0,2,3,2,0,2,0,22023,-0.617127491857,0.958341642817,-0.047498124150,0.363718970730,0.244467893402,0.230000000000,538566
public-023,P0,2,4,0,3,1,0,22024,-0.103748872234,1.004545189459,0.036589094784,0.000000000000,0.229577324862,0.265000000000,538517
public-023,P0,2,5,3,0,1,1,22025,0.068525244673,0.923010260180,0.270915546366,0.056448003224,0.151373723931,0.230000000000,538631
public-023,P0,2,6,0,2,0,0,22026,-0.245375545693,0.690632101795,0.440042571663,0.000000000000,0.218107617271,0.230000000000,538524
public-023,P0,2,7,2,1,3,0,22027,0.499003433556,1.350219007932,0.388475563586,0.363718970730,0.196504885984,0.265000000000,538517
public-023,P0,3,0,1,0,1,0,22030,-0.440321813571,1.115784081876,0.550000000000,0.336588393923,0.182235886257,0.195000000000,538566
public-023,P0,3,1,0,1,1,1,22031,-0.504671915488,1.056218433666,0.435075576467,0.000000000000,0.119429656113,0.160000000000,538625
public-023,P0,3,2,1,3,3,0,22032,-0.612156644311,1.345984131328,0.195963290863,0.336588393923,0.168872110522,0.265000000000,538524
public-023,P0,3,3,3,2,3,0,22033,-0.846724701246,1.261921271518,0.052501875850,0.056448003224,0.207266257449,0.195000000000,538523
public-023,P0,3,4,2,3,3,1,22034,-0.416899624450,1.289405629309,0.136589094784,0.363718970730,0.138612724445,0.160000000000,538597
public-023,P0,3,5,3,1,1,0,22035,0.009718030491,1.144766700455,0.370915546366,0.056448003224,0.174408855834,0.265000000000,538518
public-023,P0,3,6,1,0,1,0,22036,0.224078873117,0.942318144131,0.540042571663,0.336588393923,0.184917327686,0.195000000000,538524
public-023,P0,3,7,0,1,1,1,22037,0.707525113468,0.958099345409,0.488475563586,0.000000000000,0.118644459462,0.160000000000,538634
public-023,P1,0,0,3,0,0,1,22100,-0.245020566021,0.491685471951,0.250000000000,-0.023551996776,0.446693596798,0.265000000000,538517
public-023,P1,0,1,0,2,2,0,22101,-0.717544099892,0.911276273402,0.135075576467,-0.080000000000,0.272222279338,0.230000000000,538637
public-023,P1,0,2,2,1,1,0,22102,-0.643764863642,0.609195269087,-0.104036709137,0.283718970730,0.262103597966,0.265000000000,538518
public-023,P1,0,3,1,2,2,1,22103,-0.187018195528,0.918966022444,-0.247498124150,0.256588393923,0.449735680421,0.265000000000,538524
public-023,P1,0,4,2,0,0,0,22104,-0.700688806776,0.596994268640,-0.163410905216,0.283718970730,0.178283714848,0.230000000000,538566
public-023,P1,0,5,0,3,3,0,22105,-0.351689016168,0.906863552787,0.070915546366,-0.080000000000,0.256725070018,0.265000000000,538625
public-023,P1,0,6,3,0,0,1,22106,-0.059018828127,0.397947111242,0.240042571663,-0.023551996776,0.449960426521,0.265000000000,538524
public-023,P1,0,7,0,2,2,0,22107,-0.006183115970,0.848289723478,0.188475563586,-0.080000000000,0.282504494229,0.230000000000,538523
public-023,P1,1,0,0,2,1,1,22110,-0.343638466583,0.672523824424,0.350000000000,-0.080000000000,0.387696329296,0.230000000000,538634
public-023,P1,1,1,2,1,0,1,22111,-0.979722477462,0.538645568127,0.235075576467,0.283718970730,0.202000354647,0.265000000000,538524
public-023,P1,1,2,1,2,0,0,22112,-0.485070430218,0.529946200703,-0.004036709137,0.256588393923,0.227486141631,0.230000000000,538566
public-023,P1,1,3,2,0,3,1,22113,-0.608777683424,1.041171090424,-0.147498124150,0.283718970730,0.390336628290,0.230000000000,538630
public-023,P1,1,4,0,3,2,1,22114,-0.333493589662,1.001642977762,-0.063410905216,-0.080000000000,0.318947560485,0.265000000000,538630
public-023,P1,1,5,3,0,2,0,22115,-0.638091713537,0.950319149025,0.170915546366,-0.023551996776,0.222817985299,0.230000000000,538524
public-023,P1,1,6,0,2,1,1,22116,0.160603368521,0.873039139934,0.340042571663,-0.080000000000,0.390531690943,0.230000000000,538567
public-023,P1,1,7,2,1,0,1,22117,0.070853692945,0.687811733620,0.288475563586,0.283718970730,0.209630189573,0.265000000000,538630
public-023,P1,2,0,1,0,2,1,22120,-0.381706578359,1.047721491955,0.450000000000,0.256588393923,0.328699061795,0.195000000000,538518
public-023,P1,2,1,0,1,2,0,22121,-0.606434312284,1.165785409262,0.335075576467,-0.080000000000,0.189372020409,0.160000000000,538633
public-023,P1,2,2,1,3,0,1,22122,-0.562692658567,0.836322496342,0.095963290863,0.256588393923,0.262103597966,0.265000000000,538529
public-023,P1,2,3,3,2,0,1,22123,-0.413746147456,0.817882501626,-0.047498124150,-0.023551996776,0.330937576159,0.195000000000,538596
public-023,P1,2,4,2,3,0,0,22124,-0.357083825522,0.647167705029,0.036589094784,0.283718970730,0.124023453807,0.160000000000,538566
public-023,P1,2,5,3,1,2,1,22125,-0.386369724830,1.076202933054,0.270915546366,-0.023551996776,0.256725070018,0.265000000000,538626
public-023,P1,2,6,1,0,2,1,22126,0.423700167308,1.183464055929,0.440042571663,0.256588393923,0.331102955365,0.195000000000,538566
public-023,P1,2,7,0,1,2,0,22127,0.249820956316,0.964192601823,0.388475563586,-0.080000000000,0.196524865551,0.160000000000,538566
public-023,P1,3,0,2,3,3,1,22130,-0.375744300313,1.452417820953,0.550000000000,0.283718970730,0.269701794293,0.160000000000,538566
public-023,P1,3,1,3,1,1,0,22131,-0.491854211891,0.949083263857,0.435075576467,-0.023551996776,0.313647408803,0.265000000000,538637
public-023,P1,3,2,1,0,0,0,22132,-0.741072013888,0.910166227513,0.195963290863,0.256588393923,0.158251228961,0.160000000000,538597
public-023,P1,3,3,0,1,1,1,22133,-0.569783819193,1.156718733050,0.052501875850,-0.080000000000,0.271538524028,0.160000000000,538524
public-023,P1,3,4,1,3,3,0,22134,-0.732083766062,1.342287580036,0.136589094784,0.256588393923,0.318947560485,0.265000000000,538524
public-023,P1,3,5,3,2,2,0,22135,-0.217903334829,1.075892003749,0.370915546366,-0.023551996776,0.155003815860,0.160000000000,538633
public-023,P1,3,6,2,3,3,1,22136,-0.154327222427,1.335576927763,0.540042571663,0.283718970730,0.271674219786,0.160000000000,538535
public-023,P1,3,7,3,1,1,0,22137,-0.185841977743,0.977072580371,0.488475563586,-0.023551996776,0.325494308568,0.265000000000,538524
public-023,P2,0,0,0,2,2,0,22200,-0.707431351666,0.806748571878,0.250000000000,-0.160000000000,0.560537712442,0.230000000000,538566
public-023,P2,0,1,2,1,1,0,22201,-0.867864225097,0.537998280083,0.135075576467,0.203718970730,0.533807717756,0.265000000000,538641
public-023,P2,0,2,1,2,1,1,22202,-0.626950972839,0.770980222735,-0.104036709137,0.176588393923,0.353207879754,0.230000000000,538566
public-023,P2,0,3,2,0,0,0,22203,-0.550965397850,0.608081482827,-0.247498124150,0.203718970730,0.589454530922,0.230000000000,538636
public-023,P2,0,4,0,3,3,0,22204,-0.933299946568,0.976834857985,-0.163410905216,-0.160000000000,0.497372273247,0.265000000000,538566
public-023,P2,0,5,3,0,3,1,22205,-0.410921472143,0.919960915688,0.070915546366,-0.103551996776,0.386346461108,0.230000000000,538637
public-023,P2,0,6,0,2,2,0,22206,-0.321748941649,0.903394880345,0.240042571663,-0.160000000000,0.529712222143,0.230000000000,538597
public-023,P2,0,7,2,1,1,0,22207,0.193326279790,0.661981775382,0.188475563586,0.203718970730,0.561858230444,0.265000000000,538524
public-023,P2,1,0,1,0,3,0,22210,-0.999977618722,1.128768436712,0.350000000000,0.176588393923,0.475238495331,0.195000000000,538524
public-023,P2,1,1,0,1,3,1,22211,-1.141334660239,1.068483534911,0.235075576467,-0.160000000000,0.322298999400,0.160000000000,538524
public-023,P2,1,2,1,3,1,0,22212,-1.087059539461,0.910573673413,-0.004036709137,0.176588393923,0.406956904934,0.265000000000,538558
public-023,P2,1,3,3,2,1,0,22213,-0.630847335069,0.853133611177,-0.147498124150,-0.103551996776,0.499754928390,0.195000000000,538524
public-023,P2,1,4,2,3,1,1,22214,-0.335879621330,0.840313615775,-0.063410905216,0.203718970730,0.300300240451,0.160000000000,538566
public-023,P2,1,5,3,1,3,0,22215,-0.542952430776,1.192917867766,0.170915546366,-0.103551996776,0.445138313885,0.265000000000,538524
public-023,P2,1,6,1,0,3,0,22216,-0.201085919962,1.244091103817,0.340042571663,0.176588393923,0.449103840513,0.195000000000,538566
public-023,P2,1,7,0,1,3,1,22217,-0.396190686856,1.026555107129,0.288475563586,-0.160000000000,0.339235158004,0.160000000000,538518
public-023,P2,2,0,2,3,0,0,22220,-0.931660688144,0.652498090220,0.450000000000,0.203718970730,0.389939278221,0.160000000000,538524
public-023,P2,2,1,3,1,2,1,22221,-1.187593396756,1.118052075513,0.335075576467,-0.103551996776,0.533807717756,0.265000000000,538593
public-023,P2,2,2,1,0,1,1,22222,-0.822853825034,0.849352449822,0.095963290863,0.176588393923,0.245709829394,0.160000000000,538635
public-023,P2,2,3,0,1,2,0,22223,-0.830107893063,0.995988387114,-0.047498124150,-0.160000000000,0.410055325858,0.160000000000,538533
public-023,P2,2,4,1,3,0,1,22224,-0.668265828895,0.704116822730,0.036589094784,0.176588393923,0.320325858808,0.265000000000,538525
public-023,P2,2,5,3,2,3,1,22225,-0.558976026054,1.215414587965,0.270915546366,-0.103551996776,0.268762755553,0.160000000000,538596
public-023,P2,2,6,2,3,0,0,22226,-0.403782542045,0.804637234868,0.440042571663,0.203718970730,0.368495458882,0.160000000000,538626
public-023,P2,2,7,3,1,2,1,22227,-0.042530038684,1.028896265234,0.388475563586,-0.103551996776,0.561858230444,0.265000000000,538633
public-023,P2,3,0,3,1,1,0,22230,-0.973534160122,1.078933970709,0.550000000000,-0.103551996776,0.645836929553,0.265000000000,538558
public-023,P2,3,1,1,0,0,0,22231,-0.930801723413,0.868459100547,0.435075576467,0.176588393923,0.207572294092,0.160000000000,538626
public-023,P2,3,2,0,1,0,1,22232,-0.847771044610,0.906464643439,0.195963290863,-0.160000000000,0.406956904934,0.265000000000,538566
public-023,P2,3,3,1,3,3,0,22233,-0.607241004458,1.300807552354,0.052501875850,0.176588393923,0.679154133453,0.265000000000,538626
public-023,P2,3,4,3,2,2,0,22234,-0.403636843493,1.117943332689,0.136589094784,-0.103551996776,0.300300240451,0.160000000000,538566
public-023,P2,3,5,2,3,2,1,22235,-0.587842509733,1.308637207167,0.370915546366,0.203718970730,0.445138313885,0.265000000000,538566
public-023,P2,3,6,3,1,1,0,22236,-0.549506747523,1.096450589180,0.540042571663,-0.103551996776,0.610320603774,0.265000000000,538566
public-023,P2,3,7,1,0,0,0,22237,-0.324851554226,0.715072225295,0.488475563586,0.176588393923,0.218479797066,0.160000000000,538533
public-023,P3,0,0,1,0,0,1,22300,-1.061452238603,0.493422133345,0.250000000000,0.096588393923,0.706725459536,0.195000000000,538633
public-023,P3,0,1,0,1,0,0,22301,-1.217680710786,0.353268382710,0.135075576467,-0.240000000000,0.345109181426,0.160000000000,538566
public-023,P3,0,2,1,3,2,1,22302,-0.416111183446,0.989993108965,-0.104036709137,0.096588393923,0.632209340771,0.265000000000,538566
public-023,P3,0,3,3,2,2,1,22303,-1.203369941714,0.782972840996,-0.247498124150,-0.183551996776,0.733090944864,0.195000000000,538524
public-023,P3,0,4,2,3,2,0,22304,-0.638184303168,0.945140498398,-0.163410905216,0.123718970730,0.533425435209,0.160000000000,538558
public-023,P3,0,5,3,1,0,1,22305,-0.129620723447,0.420500023153,0.070915546366,-0.183551996776,0.613101301532,0.265000000000,538626
public-023,P3,0,6,1,0,0,1,22306,-0.532866495990,0.386964147659,0.240042571663,0.096588393923,0.766574945688,0.195000000000,538566
public-023,P3,0,7,0,1,0,0,22307,-0.464004825954,0.578331967171,0.188475563586,-0.240000000000,0.334160932235,0.160000000000,538626
public-023,P3,1,0,2,3,1,1,22310,-0.698346832683,0.709424362598,0.350000000000,0.123718970730,0.579877300132,0.160000000000,538533
public-023,P3,1,1,3,1,3,0,22311,-1.010451987202,1.199297760619,0.235075576467,-0.183551996776,0.887507387822,0.265000000000,538636
public-023,P3,1,2,1,0,2,0,22312,-0.723350856502,0.875150540004,-0.004036709137,0.096588393923,0.381711300088,0.160000000000,538635
public-023,P3,1,3,0,1,3,1,22313,-1.183199218145,1.193815580804,-0.147498124150,-0.240000000000,0.601510518863,0.160000000000,538566
public-023,P3,1,4,1,3,1,0,22314,-0.940027071122,0.808321201431,-0.063410905216,0.096588393923,0.883485877065,0.265000000000,538524
public-023,P3,1,5,3,2,0,0,22315,-0.237959715056,0.664145549641,0.170915546366,-0.183551996776,0.370174370736,0.160000000000,538524
public-023,P3,1,6,2,3,1,1,22316,-0.344407012225,0.748856940258,0.340042571663,0.123718970730,0.628984570821,0.160000000000,538566
public-023,P3,1,7,3,1,3,0,22317,-0.330265292622,1.077876662482,0.288475563586,-0.183551996776,0.859352089255,0.265000000000,538566
public-023,P3,2,0,3,1,2,1,22320,-0.751437403223,0.983052001226,0.450000000000,-0.183551996776,0.960421778344,0.265000000000,538625
public-023,P3,2,1,1,0,1,1,22321,-0.957851778104,0.812493868443,0.335075576467,0.096588393923,0.535853517175,0.160000000000,538566
public-023,P3,2,2,0,1,1,0,22322,-0.846431761056,0.927803373677,0.095963290863,-0.240000000000,0.632209340771,0.265000000000,538629
public-023,P3,2,3,1,3,0,1,22323,-0.942341037881,0.705125318703,-0.047498124150,0.096588393923,0.996251796867,0.265000000000,538625
public-023,P3,2,4,3,2,3,1,22324,-0.468565806891,1.138655676136,0.036589094784,-0.183551996776,0.533425435209,0.160000000000,538637
public-023,P3,2,5,2,3,3,0,22325,-0.545879324529,1.311664342991,0.270915546366,0.123718970730,0.613101301532,0.265000000000,538524
public-023,P3,2,6,3,1,2,1,22326,-0.575095865526,1.149547044682,0.440042571663,-0.183551996776,1.041755695422,0.265000000000,538518
public-023,P3,2,7,1,0,1,1,22327,-0.393045619777,0.808945008722,0.388475563586,0.096588393923,0.518854091625,0.160000000000,538629
public-023,P3,3,0,0,3,3,1,22330,-0.806400902641,1.264786194384,0.550000000000,-0.240000000000,0.833573618940,0.230000000000,538626
public-023,P3,3,1,3,0,3,0,22331,-0.759899467682,1.422987398774,0.435075576467,-0.183551996776,0.653071474057,0.195000000000,538524
public-023,P3,3,2,0,2,1,1,22332,-0.785621717083,0.919010169613,0.195963290863,-0.240000000000,0.381711300088,0.160000000000,538634
public-023,P3,3,3,2,1,1,1,22333,-0.909121932292,1.155190841130,0.052501875850,0.123718970730,0.864671370866,0.230000000000,538635
public-023,P3,3,4,1,2,1,0,22334,-0.752508514672,1.139714395660,0.136589094784,0.096588393923,0.650112249161,0.195000000000,538566
public-023,P3,3,5,2,0,3,1,22335,-0.175609309813,1.498130665663,0.370915546366,0.123718970730,0.370174370736,0.160000000000,538566
public-023,P3,3,6,0,3,3,1,22336,-0.290489448723,1.392871012884,0.540042571663,-0.240000000000,0.904165320555,0.230000000000,538524
public-023,P3,3,7,3,0,3,0,22337,0.009391333563,1.268134575395,0.488475563586,-0.183551996776,0.632353424169,0.195000000000,538630
public-024,P0,0,0,3,2,3,0,23000,-0.650747042622,1.026070344141,0.250000000000,0.056448003224,0.213926615923,0.230000000000,538630
public-024,P0,0,1,2,3,3,1,23001,-0.601918419534,0.907348220461,0.135075576467,0.363718970730,0.154842956365,0.195000000000,538630
public-024,P0,0,2,3,1,1,0,23002,-0.337973895764,0.565012072757,-0.104036709137,0.056448003224,0.109527810182,0.160000000000,538524
public-024,P0,0,3,1,0,1,0,23003,-0.647749107547,0.793296400187,-0.247498124150,0.336588393923,0.248288005086,0.230000000000,538567
public-024,P0,0,4,0,1,1,1,23004,0.130786461040,0.734643932363,-0.163410905216,0.000000000000,0.159919733164,0.195000000000,538630
public-024,P0,0,5,1,3,3,0,23005,-0.332877802686,0.905671000009,0.070915546366,0.336588393923,0.097717738600,0.160000000000,538524
public-024,P0,0,6,3,2,3,0,23006,0.145070613978,1.059836432580,0.240042571663,0.056448003224,0.212520143964,0.230000000000,538523
public-024,P0,0,7,2,3,3,1,23007,0.688027473573,0.994161811778,0.188475563586,0.363718970730,0.151513775307,0.195000000000,538625
public-024,P0,1,0,0,1,0,0,23010,-0.746769691369,0.667916348936,0.350000000000,0.000000000000,0.181372565673,0.195000000000,538596
public-024,P0,1,1,1,3,2,1,23011,-0.445437367584,1.079515354660,0.235075576467,0.336588393923,0.127050630863,0.160000000000,538566
public-024,P0,1,2,3,2,1,1,23012,-0.468400265577,0.911685747504,-0.004036709137,0.056448003224,0.133487018659,0.195000000000,538626
public-024,P0,1,3,2,3,2,0,23013,-0.283101753844,0.966195871851,-0.147498124150,0.363718970730,0.210505047790,0.195000000000,538566
public-024,P0,1,4,3,1,0,1,23014,0.081480482015,0.512324655235,-0.063410905216,0.056448003224,0.084508006242,0.160000000000,538566
public-024,P0,1,5,1,0,3,1,23015,-0.134647989829,1.086143723900,0.170915546366,0.336588393923,0.119093493919,0.195000000000,538641
public-024,P0,1,6,0,1,0,0,23016,0.003959332637,0.529667299014,0.340042571663,0.000000000000,0.180180122056,0.195000000000,538566
public-024,P0,1,7,1,3,2,1,23017,0.312297576062,0.981693721701,0.288475563586,0.336588393923,0.124318995124,0.160000000000,538636
public-024,P0,2,0,1,3,1,0,23020,-0.883533891925,0.902749150352,0.450000000000,0.336588393923,0.148818515424,0.160000000000,538524
public-024,P0,2,1,3,2,0,0,23021,-0.629365654520,0.618371570878,0.335075576467,0.056448003224,0.099724503447,0.195000000000,538524
public-024,P0,2,2,2,3,0,1,23022,-0.516477052409,0.673543688179,0.095963290863,0.363718970730,0.109527810182,0.160000000000,538633
public-024,P0,2,3,3,1,3,0,23023,-0.617835915083,1.202125392253,-0.047498124150,0.056448003224,0.172722090495,0.160000000000,538535
public-024,P0,2,4,1,0,2,0,23024,-0.158716981403,0.986950361168,0.036589094784,0.336588393923,0.159919733164,0.195000000000,538524
public-024,P0,2,5,0,1,2,1,23025,0.090270520137,1.157391279743,0.270915546366,0.000000000000,0.097717738600,0.160000000000,538524
public-024,P0,2,6,1,3,1,0,23026,-0.137593160783,0.805475385940,0.440042571663,0.336588393923,0.147840100149,0.160000000000,538558
public-024,P0,2,7,3,2,0,0,23027,0.507654811027,0.802209739511,0.388475563586,0.056448003224,0.097580389594,0.195000000000,538524
public-024,P0,3,0,2,1,2,0,23030,-0.742639110349,1.347801810798,0.550000000000,0.363718970730,0.246480666172,0.265000000000,538518
public-024,P0,3,1,1,2,2,1,23031,-0.034537473031,1.187407192073,0.435075576467,0.336588393923,0.182635281866,0.230000000000,538638
public-024,P0,3,2,2,0,0,0,23032,-0.597745231779,0.888458073549,0.195963290863,0.363718970730,0.133487018659,0.195000000000,538515
public-024,P0,3,3,0,3,0,0,23033,-0.535350585270,0.774904352811,0.052501875850,0.000000000000,0.286070962382,0.265000000000,538524
public-024,P0,3,4,3,0,0,1,23034,-0.125394766471,0.803784780534,0.136589094784,0.056448003224,0.121480258973,0.230000000000,538524
public-024,P0,3,5,0,2,2,0,23035,-0.296907728597,1.078313073834,0.370915546366,0.000000000000,0.119093493919,0.195000000000,538593
public-024,P0,3,6,2,1,2,0,23036,0.291180088253,1.249180479417,0.540042571663,0.363718970730,0.244860165871,0.265000000000,538635
public-024,P0,3,7,1,2,2,1,23037,0.612376343499,1.321173435840,0.488475563586,0.336588393923,0.178708555491,0.230000000000,538533
public-024,P1,0,0,0,1,1,1,23100,-0.367161433054,0.748305175751,0.250000000000,-0.080000000000,0.287590957944,0.195000000000,538524
public-024,P1,0,1,1,3,3,0,23101,-0.557227810347,0.995737886240,0.135075576467,0.256588393923,0.197193173995,0.160000000000,538566
public-024,P1,0,2,3,2,2,0,23102,-0.999325397502,0.769858798778,-0.104036709137,-0.023551996776,0.213135852151,0.195000000000,538524
public-024,P1,0,3,2,3,3,1,23103,-0.343157972499,1.070684893805,-0.247498124150,0.283718970730,0.292450796274,0.195000000000,538566
public-024,P1,0,4,3,1,1,0,23104,-0.725699428129,0.784555082107,-0.163410905216,-0.023551996776,0.193146648095,0.160000000000,538518
public-024,P1,0,5,1,0,0,0,23105,0.074950690622,0.597072740514,0.070915546366,0.256588393923,0.213242362383,0.195000000000,538638
public-024,P1,0,6,0,1,1,1,23106,0.500003876164,0.634000340554,0.240042571663,-0.080000000000,0.298453669245,0.195000000000,538515
public-024,P1,0,7,1,3,3,0,23107,0.316031217581,0.934517056105,0.188475563586,0.256588393923,0.189812996682,0.160000000000,538524
public-024,P1,1,0,1,3,2,1,23110,-0.163331218081,0.871311720114,0.350000000000,0.256588393923,0.235972068056,0.160000000000,538533
public-024,P1,1,1,3,2,1,1,23111,-0.441638671766,0.732919771811,0.235075576467,-0.023551996776,0.240329180806,0.195000000000,538525
public-024,P1,1,2,2,3,1,0,23112,-0.643199883255,0.845716735622,-0.004036709137,0.283718970730,0.174880699201,0.160000000000,538596
public-024,P1,1,3,3,1,0,1,23113,-0.006606688669,0.486526779904,-0.147498124150,-0.023551996776,0.239959627712,0.160000000000,538626
public-024,P1,1,4,1,0,3,1,23114,-0.145376221238,1.224048673310,-0.063410905216,0.256588393923,0.235397477366,0.195000000000,538633
public-024,P1,1,5,0,1,3,0,23115,-0.281741218043,1.164641201044,0.170915546366,-0.080000000000,0.174968092212,0.160000000000,538566
public-024,P1,1,6,1,3,2,1,23116,0.345212964767,0.947586683232,0.340042571663,0.256588393923,0.244885061944,0.160000000000,538566
public-024,P1,1,7,3,2,1,1,23117,0.107916988939,0.800266290668,0.288475563586,-0.023551996776,0.231334589706,0.195000000000,538524
public-024,P1,2,0,2,1,3,1,23120,-0.554638554694,1.367315071633,0.450000000000,0.283718970730,0.390828737718,0.265000000000,538626
public-024,P1,2,1,1,2,3,0,23121,-0.911372541780,1.230997189854,0.335075576467,0.256588393923,0.283465187617,0.230000000000,538566
public-024,P1,2,2,2,0,1,1,23122,-0.562790709525,0.774826761647,0.095963290863,0.283718970730,0.213135852151,0.195000000000,538566
public-024,P1,2,3,0,3,1,1,23123,-0.415244588597,0.987683040099,-0.047498124150,-0.080000000000,0.397433133398,0.265000000000,538566
public-024,P1,2,4,3,0,1,0,23124,-0.482339641011,0.891196615783,0.036589094784,-0.023551996776,0.277648306637,0.230000000000,538533
public-024,P1,2,5,0,2,3,1,23125,-0.444546214611,1.164533305877,0.270915546366,-0.080000000000,0.213242362383,0.195000000000,538636
public-024,P1,2,6,2,1,3,1,23126,-0.002118096819,1.199502547357,0.440042571663,0.283718970730,0.405590883845,0.265000000000,538635
public-024,P1,2,7,1,2,3,0,23127,0.050596623576,1.257435956362,0.388475563586,0.256588393923,0.272856182731,0.230000000000,538566
public-024,P1,3,0,3,0,0,1,23130,-0.269454221195,0.941972637270,0.550000000000,-0.023551996776,0.339209847831,0.230000000000,538566
public-024,P1,3,1,0,2,2,0,23131,-0.603705013291,1.174520425653,0.435075576467,-0.080000000000,0.240329180806,0.195000000000,538558
public-024,P1,3,2,2,1,1,0,23132,-0.479158044582,0.950659603769,0.195963290863,0.283718970730,0.251391005102,0.230000000000,538524
public-024,P1,3,3,1,2,2,1,23133,-0.029157666143,1.293431619510,0.052501875850,0.256588393923,0.344941964836,0.230000000000,538567
public-024,P1,3,4,2,0,0,0,23134,-0.306760078890,0.767813734723,0.136589094784,0.283718970730,0.151604548855,0.195000000000,538625
public-024,P1,3,5,0,3,3,0,23135,-0.134054619023,1.406623850943,0.370915546366,-0.080000000000,0.251516632554,0.230000000000,538566
public-024,P1,3,6,3,0,0,1,23136,0.103138085267,0.980327322692,0.540042571663,-0.023551996776,0.352022276545,0.230000000000,538629
public-024,P1,3,7,0,2,2,0,23137,0.040627402581,1.171000893067,0.488475563586,-0.080000000000,0.231334589706,0.195000000000,538625
public-024,P2,0,0,1,3,3,0,23200,-0.984796340872,1.014870463786,0.250000000000,0.176588393923,0.401609283444,0.160000000000,538566
public-024,P2,0,1,3,2,2,0,23201,-0.613375360976,0.748296499233,0.135075576467,-0.103551996776,0.373148710453,0.195000000000,538524
public-024,P2,0,2,2,3,2,1,23202,-0.983866229409,0.921534191460,-0.104036709137,0.203718970730,0.264090564512,0.160000000000,538524
public-024,P2,0,3,3,1,1,0,23203,-0.555363382033,0.550811660243,-0.247498124150,-0.103551996776,0.374197141816,0.160000000000,538566
public-024,P2,0,4,1,0,0,0,23204,-0.449285713534,0.365054208936,-0.163410905216,0.176588393923,0.262868730545,0.195000000000,538566
public-024,P2,0,5,0,1,0,1,23205,-0.320979213569,0.452795481701,0.070915546366,-0.160000000000,0.237324496524,0.160000000000,538558
public-024,P2,0,6,1,3,3,0,23206,-0.179630572522,0.959687685570,0.240042571663,0.176588393923,0.422713036586,0.160000000000,538524
public-024,P2,0,7,3,2,2,0,23207,-0.284726707432,0.866432965822,0.188475563586,-0.103551996776,0.356786294347,0.195000000000,538567
public-024,P2,1,0,2,1,0,0,23210,-1.187484337002,0.476551907427,0.350000000000,0.203718970730,0.665165375703,0.265000000000,538625
public-024,P2,1,1,1,2,0,1,23211,-0.942105871672,0.744061857030,0.235075576467,0.176588393923,0.283455963091,0.230000000000,538637
public-024,P2,1,2,2,0,2,0,23212,-1.125738305695,1.043361090311,-0.004036709137,0.203718970730,0.321860375499,0.195000000000,538524
public-024,P2,1,3,0,3,2,0,23213,-0.868050459719,0.963370172758,-0.147498124150,-0.160000000000,0.619764016133,0.265000000000,538518
public-024,P2,1,4,3,0,2,1,23214,-0.615291982857,0.834076119983,-0.063410905216,-0.103551996776,0.481417335131,0.230000000000,538629
public-024,P2,1,5,0,2,0,0,23215,-0.058562664818,0.713932543449,0.170915546366,-0.160000000000,0.289239230139,0.195000000000,538524
public-024,P2,1,6,2,1,0,0,23216,-0.100476965527,0.599681757897,0.340042571663,0.203718970730,0.700118466845,0.265000000000,538566
public-024,P2,1,7,1,2,0,1,23217,-0.156808498886,0.492380944733,0.288475563586,0.176588393923,0.271026536736,0.230000000000,538524
public-024,P2,2,0,3,0,1,0,23220,-1.021714681510,0.990979840971,0.450000000000,-0.103551996776,0.577313344950,0.230000000000,538635
public-024,P2,2,1,0,2,3,1,23221,-0.901850068992,1.226425732837,0.335075576467,-0.160000000000,0.373148710453,0.195000000000,538566
public-024,P2,2,2,2,1,2,1,23222,-0.868864425732,1.192265304250,0.095963290863,0.203718970730,0.379630186486,0.230000000000,538566
public-024,P2,2,3,1,2,3,0,23223,-0.994632946970,1.246020851429,-0.047498124150,0.176588393923,0.537908391360,0.230000000000,538524
public-024,P2,2,4,2,0,1,1,23224,-0.795874166741,0.847958767865,0.036589094784,0.203718970730,0.408158175437,0.195000000000,538630
public-024,P2,2,5,0,3,0,1,23225,-0.169777041546,0.688120652880,0.270915546366,-0.160000000000,0.341153963753,0.230000000000,538541
public-024,P2,2,6,3,0,1,0,23226,0.031992189426,0.974601583034,0.440042571663,-0.103551996776,0.607649990092,0.230000000000,538524
public-024,P2,2,7,0,2,3,1,23227,-0.285220140102,1.253143384993,0.388475563586,-0.160000000000,0.356786294347,0.195000000000,538524
public-024,P2,3,0,0,2,2,0,23230,-0.968863772292,1.205897222323,0.550000000000,-0.160000000000,0.489461314197,0.195000000000,538524
public-024,P2,3,1,2,1,1,0,23231,-0.756587736114,0.930084922113,0.435075576467,0.203718970730,0.440124120022,0.230000000000,538625
public-024,P2,3,2,1,2,1,1,23232,-0.794394907074,0.957450872529,0.195963290863,0.176588393923,0.321860375499,0.195000000000,538630
public-024,P2,3,3,2,0,0,0,23233,-0.832406981288,0.969152838317,0.052501875850,0.203718970730,0.456052766588,0.195000000000,538636
public-024,P2,3,4,0,3,3,0,23234,-0.671663684730,1.431451975796,0.136589094784,-0.160000000000,0.481417335131,0.230000000000,538524
public-024,P2,3,5,3,0,3,1,23235,-0.166216773473,1.422760659002,0.370915546366,-0.103551996776,0.289239230139,0.195000000000,538636
public-024,P2,3,6,0,2,2,0,23236,-0.230376537291,1.257549959351,0.540042571663,-0.160000000000,0.515181513339,0.195000000000,538566
public-024,P2,3,7,2,1,1,0,23237,0.126254336860,1.165432184324,0.488475563586,0.203718970730,0.420824859998,0.230000000000,538524
public-024,P3,0,0,2,1,1,1,23300,-0.922270965181,0.607192173723,0.250000000000,0.123718970730,1.105902304189,0.265000000000,538524
public-024,P3,0,1,1,2,1,0,23301,-1.021060115068,0.637836808229,0.135075576467,0.096588393923,0.683734755210,0.230000000000,538524
public-024,P3,0,2,2,0,3,1,23302,-0.610884807306,0.899390942477,-0.104036709137,0.123718970730,0.472137268459,0.195000000000,538566
public-024,P3,0,3,0,3,3,1,23303,-1.045015797869,1.157781704879,-0.247498124150,-0.240000000000,1.100891193213,0.265000000000,538597
public-024,P3,0,4,3,0,3,0,23304,-0.833913141285,1.034060554297,-0.163410905216,-0.183551996776,0.663069400099,0.230000000000,538524
public-024,P3,0,5,0,2,1,1,23305,-0.160088820770,0.756049262383,0.070915546366,-0.240000000000,0.493702184513,0.195000000000,538625
public-024,P3,0,6,2,1,1,1,23306,-0.152267144735,0.709198004318,0.240042571663,0.123718970730,1.070818641802,0.265000000000,538630
public-024,P3,0,7,1,2,1,0,23307,-0.106203102414,0.677029247368,0.188475563586,0.096588393923,0.657486577879,0.230000000000,538636
public-024,P3,1,0,3,0,2,1,23310,-0.735039759808,0.964730258089,0.350000000000,-0.183551996776,0.959839735711,0.230000000000,538524
public-024,P3,1,1,0,2,0,0,23311,-1.049832282238,0.610199700622,0.235075576467,-0.240000000000,0.373340289216,0.195000000000,538636
public-024,P3,1,2,2,1,3,0,23312,-0.375399652082,1.086750118059,-0.004036709137,0.123718970730,0.556879855105,0.230000000000,538566
public-024,P3,1,3,1,2,0,1,23313,-0.547533950984,0.579100494515,-0.147498124150,0.096588393923,0.955490469581,0.230000000000,538566
public-024,P3,1,4,2,0,2,0,23314,-0.698566726035,0.998264721646,-0.063410905216,0.123718970730,0.562167534867,0.195000000000,538566
public-024,P3,1,5,0,3,1,0,23315,0.081647583448,0.758418710519,0.170915546366,-0.240000000000,0.582315397118,0.230000000000,538566
public-024,P3,1,6,3,0,2,1,23316,-0.156781902811,0.850814013037,0.340042571663,-0.183551996776,0.929389764583,0.230000000000,538566
public-024,P3,1,7,0,2,0,0,23317,0.203236468236,0.713017871229,0.288475563586,-0.240000000000,0.359007973882,0.195000000000,538518
public-024,P3,2,0,0,2,3,1,23320,-0.761670050420,1.387948110704,0.450000000000,-0.240000000000,0.813777167233,0.195000000000,538634
public-024,P3,2,1,2,1,2,1,23321,-0.956398676526,1.064200068563,0.335075576467,0.123718970730,0.683734755210,0.230000000000,538566
public-024,P3,2,2,1,2,2,0,23322,-0.392837532532,1.222877051615,0.095963290863,0.096588393923,0.472137268459,0.195000000000,538576
public-024,P3,2,3,2,0,1,1,23323,-1.014504735139,0.910048751220,-0.047498124150,0.123718970730,0.810089745949,0.195000000000,538566
public-024,P3,2,4,0,3,0,1,23324,-0.878796216215,0.613722190023,0.036589094784,-0.240000000000,0.427040843370,0.230000000000,538524
public-024,P3,2,5,3,0,0,0,23325,-0.219426328618,0.780968313957,0.270915546366,-0.183551996776,0.493702184513,0.195000000000,538535
public-024,P3,2,6,0,2,3,1,23326,-0.479483591441,1.378044610519,0.440042571663,-0.240000000000,0.787960887364,0.195000000000,538592
public-024,P3,2,7,2,1,2,1,23327,0.105328753256,1.168281737761,0.388475563586,0.123718970730,0.657486577879,0.230000000000,538566
public-024,P3,3,0,1,0,0,1,23330,-0.982931898234,0.873917577968,0.550000000000,0.096588393923,0.667714598756,0.160000000000,538592
public-024,P3,3,1,0,1,0,0,23331,-1.172093291553,0.951982627257,0.435075576467,-0.240000000000,0.507359880216,0.265000000000,538566
public-024,P3,3,2,1,3,2,1,23332,-0.705541841691,1.130639383867,0.195963290863,0.096588393923,0.556879855105,0.230000000000,538641
public-024,P3,3,3,3,2,2,1,23333,-0.960270834111,1.151123013176,0.052501875850,-0.183551996776,0.664689022317,0.160000000000,538566
public-024,P3,3,4,2,3,2,0,23334,-0.972671415339,1.277268020430,0.136589094784,0.123718970730,0.763971265332,0.265000000000,538524
public-024,P3,3,5,3,1,0,1,23335,-0.083572162188,0.785554988634,0.370915546366,-0.183551996776,0.582315397118,0.230000000000,538524
public-024,P3,3,6,1,0,0,1,23336,-0.024003191496,0.800474030216,0.540042571663,0.096588393923,0.646532010145,0.160000000000,538524
public-024,P3,3,7,0,1,0,0,23337,-0.150921380340,0.896882904086,0.488475563586,-0.240000000000,0.487882631173,0.265000000000,538558
