id,Temperature,Humidity,Light,CO2,HumidityRatio,Occupancy
1,23.18,27.272,426.0,721.25,0.0047929881765052,1
2,23.15,27.2675,429.5,714.0,0.0047834409493106,1
3,23.15,27.245,426.0,713.5,0.0047794635244219,1
4,23.15,27.2,426.0,708.25,0.0047715088260817,1
5,23.1,27.2,426.0,704.5,0.0047569929333151,1
6,23.1,27.2,419.0,701.0,0.0047569929333151,1
7,23.1,27.2,419.0,701.666666666667,0.0047569929333151,1
8,23.1,27.2,419.0,699.0,0.0047569929333151,1
9,23.1,27.2,419.0,689.333333333333,0.0047569929333151,1
10,23.075,27.175,419.0,688.0,0.0047453507196665,1
11,23.075,27.15,419.0,690.25,0.0047409518969426,1
12,23.1,27.1,419.0,691.0,0.0047393707305206,1
13,23.1,27.1666666666667,419.0,683.5,0.0047511187556095,1
14,23.05,27.15,419.0,687.5,0.0047337317970825,1
15,23.0,27.125,419.0,686.0,0.0047149421459047,1
16,23.0,27.125,418.5,680.5,0.0047149421459047,1
17,23.0,27.2,0.0,681.5,0.0047280779496687,0
18,22.945,27.29,0.0,685.0,0.0047279513717807,0
19,22.945,27.39,0.0,685.0,0.0047454083970941,0
20,22.89,27.39,0.0,689.0,0.00472950615591,0
21,22.89,27.39,0.0,689.5,0.00472950615591,0
22,22.89,27.39,0.0,689.0,0.00472950615591,0
23,22.89,27.445,0.0,691.0,0.0047390755147466,0
24,22.89,27.5,0.0,688.0,0.0047486451658114,0
25,22.89,27.5,0.0,689.5,0.0047486451658114,0
26,22.79,27.445,0.0,689.0,0.0047102240468062,0
27,22.79,27.5,0.0,685.666666666667,0.0047197349991495,0
28,22.79,27.5,0.0,687.0,0.0047197349991495,0
29,22.79,27.5,0.0,688.0,0.0047197349991495,0
30,22.745,27.5,0.0,670.0,0.0047067761580489,0
31,22.7,27.4633333333333,0.0,668.666666666667,0.0046875430838439,0
32,22.7,27.5,0.0,670.0,0.0046938487141081,0
33,22.7,27.5,0.0,667.0,0.0046938487141081,0
34,22.6666666666667,27.4266666666667,0.0,664.5,0.0046717077646175,0
35,22.7,27.6,0.0,670.0,0.0047110465325231,0
36,22.6,27.4266666666667,0.0,670.333333333333,0.0046526994586977,0
37,22.6,27.39,0.0,672.0,0.0046464328065348,0
38,22.6,27.3566666666667,0.0,658.0,0.0046407359587843,0
39,22.6,27.445,0.0,660.5,0.0046558328317807,0
40,22.6,27.4266666666667,0.0,658.0,0.0046526994586977,0
41,22.6,27.445,0.0,655.0,0.0046558328317807,0
42,22.6,27.445,0.0,654.25,0.0046558328317807,0
43,22.6,27.39,0.0,648.0,0.0046464328065348,0
44,22.5,27.3233333333333,0.0,648.666666666667,0.0046067632029783,0
45,22.5,27.445,0.0,646.0,0.004627429032145,0
46,22.5,27.5,0.0,646.0,0.0046367715666975,0
47,22.5,27.445,0.0,641.5,0.004627429032145,0
48,22.39,27.29,0.0,639.0,0.0045702120879911,0
49,22.5,27.5,0.0,640.0,0.0046367715666975,0
50,22.39,27.34,0.0,630.5,0.0045786471451397,0
51,22.39,27.3566666666667,0.0,629.333333333333,0.0045814588813251,0
52,22.39,27.5,0.0,632.0,0.0046056408542605,0
53,22.39,27.5,0.0,636.5,0.0046056408542605,0
54,22.39,27.5,0.0,627.5,0.0046056408542605,0
55,22.39,27.39,0.0,626.0,0.0045870824294015,0
56,22.39,27.5,0.0,625.5,0.0046056408542605,0
57,22.34,27.39,0.0,623.5,0.0045730503494798,0
58,22.39,27.4633333333333,0.0,624.666666666667,0.0045994545904935,0
59,22.39,27.39,0.0,622.0,0.0045870824294015,0
60,22.29,27.39,0.0,621.0,0.0045590561485227,0
61,22.34,27.39,0.0,626.5,0.0045730503494798,0
62,22.29,27.39,0.0,622.0,0.0045590561485227,0
63,22.39,27.39,0.0,620.0,0.0045870824294015,0
64,22.29,27.39,0.0,621.5,0.0045590561485227,0
65,22.29,27.3566666666667,0.0,616.333333333333,0.0045534672090426,0
66,22.29,27.34,0.0,609.0,0.0045506727766926,0
67,22.29,27.39,0.0,614.0,0.0045590561485227,0
68,22.29,27.34,0.0,613.5,0.0045506727766926,0
69,22.29,27.34,0.0,611.0,0.0045506727766926,0
70,22.29,27.39,0.0,612.0,0.0045590561485227,0
71,22.29,27.29,0.0,608.0,0.0045422896291988,0
72,22.29,27.29,0.0,605.5,0.0045422896291988,0
73,22.2675,27.315,0.0,608.5,0.0045402135802302,0
74,22.2,27.29,0.0,608.5,0.0045172881934999,0
75,22.245,27.29,0.0,602.5,0.0045297736958595,0
76,22.2,27.29,0.0,598.0,0.0045172881934999,0
77,22.2,27.29,0.0,595.0,0.0045172881934999,0
78,22.2,27.29,0.0,591.0,0.0045172881934999,0
79,22.245,27.245,0.0,591.0,0.0045222499936474,0
80,22.2,27.2,0.0,595.0,0.0045022827427646,0
81,22.2,27.29,0.0,594.333333333333,0.0045172881934999,0
82,22.2,27.29,0.0,593.5,0.0045172881934999,0
83,22.2,27.29,0.0,592.0,0.0045172881934999,0
84,22.15,27.245,0.0,586.5,0.0044959713579516,0
85,22.2,27.2,0.0,586.0,0.0045022827427646,0
86,22.15,27.245,0.0,586.0,0.0044959713579516,0
87,22.2,27.245,0.0,584.5,0.0045097853782839,0
88,22.1,27.245,0.0,584.5,0.0044821946765548,0
89,22.1,27.2,0.0,585.5,0.0044747382697237,0
90,22.1333333333333,27.2,0.0,584.666666666667,0.0044839031982145,0
91,22.2,27.2,0.0,577.0,0.0045022827427646,0
92,22.1,27.2,0.0,580.0,0.0044747382697237,0
93,22.125,27.2,0.0,582.0,0.0044816104151714,0
94,22.2,27.2,0.0,580.0,0.0045022827427646,0
95,22.1,27.15,0.0,578.0,0.0044664535814123,0
96,22.1,27.2,0.0,576.5,0.0044747382697237,0
97,22.1,27.2,0.0,580.0,0.0044747382697237,0
98,22.1,27.2,0.0,572.5,0.0044747382697237,0
99,22.1,27.2,0.0,567.0,0.0044747382697237,0
100,22.1,27.2,0.0,568.0,0.0044747382697237,0
101,22.1,27.2,0.0,574.5,0.0044747382697237,0
102,22.1,27.2,0.0,564.333333333333,0.0044747382697237,0
103,22.1,27.2,0.0,563.0,0.0044747382697237,0
104,22.1,27.15,0.0,564.5,0.0044664535814123,0
105,22.0666666666667,27.1666666666667,0.0,566.333333333333,0.0044600780916704,0
106,22.1,27.1,0.0,562.0,0.0044581691122164,0
107,22.0,27.1,0.0,565.5,0.0044308755512491,0
108,22.0,27.1,0.0,570.0,0.0044308755512491,0
109,22.05,27.15,0.0,562.0,0.0044527627463623,0
110,22.0,27.1,0.0,560.0,0.0044308755512491,0
111,22.0,27.1,0.0,558.0,0.0044308755512491,0
112,22.0,27.1,0.0,556.0,0.0044308755512491,0
113,22.0,27.1,0.0,557.0,0.0044308755512491,0
114,21.9175,27.1,0.0,556.5,0.0044084694316274,0
115,21.945,27.1,0.0,557.5,0.0044159270076148,0
116,21.9266666666667,27.1,0.0,555.0,0.0044109540549776,0
117,21.89,27.1,0.0,555.0,0.0044010229670859,0
118,21.89,27.1,0.0,553.0,0.0044010229670859,0
119,21.89,27.1,0.0,549.5,0.0044010229670859,0
120,21.89,27.1,0.0,548.5,0.0044010229670859,0
121,21.89,27.1,0.0,551.5,0.0044010229670859,0
122,21.89,27.1,0.0,548.5,0.0044010229670859,0
123,21.89,27.1,0.0,548.0,0.0044010229670859,0
124,21.89,27.1,0.0,547.5,0.0044010229670859,0
125,21.89,27.1,0.0,553.0,0.0044010229670859,0
126,21.84,27.1,0.0,547.5,0.0043875123613343,0
127,21.8566666666667,27.1,0.0,548.666666666667,0.004392011825806,0
128,21.79,27.1,0.0,540.0,0.004374038354454,0
129,21.79,27.1,0.0,538.0,0.004374038354454,0
130,21.79,27.1,0.0,542.0,0.004374038354454,0
131,21.79,27.1,0.0,542.0,0.004374038354454,0
132,21.79,27.1,0.0,538.0,0.004374038354454,0
133,21.79,27.1,0.0,537.666666666667,0.004374038354454,0
134,21.79,27.1,0.0,537.5,0.004374038354454,0
135,21.79,27.1,0.0,536.0,0.004374038354454,0
136,21.745,27.1,0.0,534.5,0.004361942969453,0
137,21.7,27.1,0.0,532.5,0.0043498770977448,0
138,21.76,27.1,0.0,530.0,0.0043659714821212,0
139,21.745,27.05,0.0,529.5,0.004353838771225,0
140,21.79,27.05,0.0,531.0,0.004365911527171,0
141,21.73,27.0,0.0,533.333333333333,0.0043417246100049,0
142,21.745,27.0,0.0,531.0,0.004345734782707,0
143,21.745,27.0,0.0,529.0,0.004345734782707,0
144,21.745,27.0,0.0,528.5,0.004345734782707,0
145,21.7,27.0,0.0,525.0,0.004333714055788,0
146,21.7,27.0,0.0,528.5,0.004333714055788,0
147,21.7,27.0,0.0,530.5,0.004333714055788,0
148,21.7,26.89,0.0,528.0,0.0043159356730849,0
149,21.7,26.89,0.0,526.0,0.0043159356730849,0
150,21.7,26.89,0.0,530.0,0.0043159356730849,0
151,21.7,26.89,0.0,533.333333333333,0.0043159356730849,0
152,21.7,26.89,0.0,529.0,0.0043159356730849,0
153,21.7,26.89,0.0,528.0,0.0043159356730849,0
154,21.7,26.89,0.0,526.0,0.0043159356730849,0
155,21.7,26.89,0.0,526.0,0.0043159356730849,0
156,21.7,26.79,0.0,521.0,0.004299774382784,0
157,21.7,26.79,0.0,518.0,0.004299774382784,0
158,21.7,26.79,0.0,515.5,0.004299774382784,0
159,21.7,26.79,0.0,520.0,0.004299774382784,0
160,21.7,26.7675,0.0,523.5,0.0042961382074072,0
161,21.7,26.79,0.0,525.5,0.004299774382784,0
162,21.7,26.79,0.0,525.5,0.004299774382784,0
163,21.7,26.79,0.0,514.0,0.004299774382784,0
164,21.7,26.7,0.0,518.0,0.0042852299346037,0
165,21.7,26.7,0.0,518.0,0.0042852299346037,0
166,21.7,26.7,0.0,520.0,0.0042852299346037,0
167,21.6,26.7,0.0,521.0,0.0042589218620879,0
168,21.6,26.6,0.0,518.0,0.0042428620368527,0
169,21.6,26.65,0.0,517.0,0.0042508918465092,0
170,21.6,26.6,0.0,511.5,0.0042428620368527,0
171,21.65,26.65,0.0,514.0,0.0042640030849451,0
172,21.6,26.55,0.0,515.5,0.0042348324331106,0
173,21.6,26.5,0.0,517.0,0.0042268030352749,0
174,21.6,26.5,0.0,515.0,0.0042268030352749,0
175,21.6,26.5,0.0,512.0,0.0042268030352749,0
176,21.6,26.5,0.0,515.0,0.0042268030352749,0
177,21.65,26.55,0.0,511.0,0.0042478938027101,0
178,21.6,26.5,0.0,514.0,0.0042268030352749,0
179,21.6,26.445,0.0,508.0,0.004217970935468,0
180,21.6,26.4725,0.0,509.75,0.00422238695423,0
181,21.6,26.445,0.0,508.75,0.004217970935468,0
182,21.6,26.445,0.0,508.5,0.004217970935468,0
183,21.6,26.39,0.0,507.0,0.0042091390847878,0
184,21.6,26.39,0.0,507.0,0.0042091390847878,0
185,21.6,26.39,0.0,503.5,0.0042091390847878,0
186,21.6,26.39,0.0,504.0,0.0042091390847878,0
187,21.6,26.39,0.0,504.0,0.0042091390847878,0
188,21.575,26.315,0.0,500.5,0.0041906371261489,0
189,21.6,26.29,0.0,500.0,0.0041930818126841,0
190,21.6,26.29,0.0,503.5,0.0041930818126841,0
191,21.55,26.245,0.0,503.0,0.0041729820221962,0
192,21.55,26.245,0.0,502.5,0.0041729820221962,0
193,21.5,26.2,0.0,502.0,0.004152962010384,0
194,21.5666666666667,26.2,0.0,502.0,0.0041700591491723,0
195,21.5,26.2,0.0,502.5,0.004152962010384,0
196,21.5,26.2,0.0,497.0,0.004152962010384,0
197,21.5,26.15,0.0,501.5,0.0041449836951418,0
198,21.5,26.15,0.0,504.0,0.0041449836951418,0
199,21.5,26.1,0.0,501.0,0.0041370055832131,0
200,21.5,26.1,0.0,493.75,0.0041370055832131,0
201,21.5,26.1,0.0,500.0,0.0041370055832131,0
202,21.5,26.1,0.0,504.5,0.0041370055832131,0
203,21.5,26.05,0.0,504.0,0.0041290276745903,0
204,21.5,26.1,0.0,501.0,0.0041370055832131,0
205,21.5,26.0,0.0,499.0,0.0041210499692655,0
206,21.5,26.0,0.0,502.0,0.0041210499692655,0
207,21.5,26.0,0.0,503.5,0.0041210499692655,0
208,21.5,26.0,0.0,500.666666666667,0.0041210499692655,0
209,21.5,26.0,0.0,493.0,0.0041210499692655,0
210,21.5,26.0,0.0,492.5,0.0041210499692655,0
211,21.5,26.0,0.0,493.0,0.0041210499692655,0
212,21.5,25.89,0.0,495.5,0.0041034997331217,0
213,21.5,26.0,0.0,492.666666666667,0.0041210499692655,0
214,21.5,26.0,0.0,490.0,0.0041210499692655,0
215,21.5,25.9266666666667,0.0,493.0,0.0041093497025164,0
216,21.5,25.89,0.0,494.666666666667,0.0041034997331217,0
217,21.5,25.89,0.0,496.0,0.0041034997331217,0
218,21.5,25.89,0.0,491.0,0.0041034997331217,0
219,21.5,25.84,0.0,490.5,0.0040955226782985,0
220,21.5,25.84,0.0,490.0,0.0040955226782985,0
221,21.5,25.89,0.0,491.0,0.0041034997331217,0
222,21.5,25.89,0.0,491.666666666667,0.0041034997331217,0
223,21.5,25.89,0.0,493.5,0.0041034997331217,0
224,21.4725,25.865,0.0,493.75,0.0040925677695015,0
225,21.5,25.84,0.0,490.0,0.0040955226782985,0
226,21.5,25.79,0.0,488.0,0.0040875458267406,0
227,21.5,25.79,0.0,490.0,0.0040875458267406,0
228,21.5,25.79,0.0,487.0,0.0040875458267406,0
229,21.445,25.745,0.0,492.5,0.0040665556071492,0
230,21.445,25.745,0.0,493.5,0.0040665556071492,0
231,21.4633333333333,25.76,0.0,493.333333333333,0.0040735423039188,0
232,21.445,25.745,0.0,488.0,0.0040665556071492,0
233,21.5,25.79,0.0,487.5,0.0040875458267406,0
234,21.4266666666667,25.73,0.0,485.333333333333,0.0040595789370638,0
235,21.39,25.7,0.0,484.0,0.0040456556277947,0
236,21.39,25.7,0.0,489.0,0.0040456556277947,0
237,21.445,25.745,0.0,488.0,0.0040665556071492,0
238,21.5,25.79,0.0,493.0,0.0040875458267406,0
239,21.39,25.7,0.0,491.0,0.0040456556277947,0
240,21.445,25.745,0.0,488.0,0.0040665556071492,0
241,21.445,25.745,0.0,487.25,0.0040665556071492,0
242,21.39,25.7,0.0,489.0,0.0040456556277947,0
243,21.5,25.79,0.0,489.0,0.0040875458267406,0
244,21.39,25.7,0.0,486.0,0.0040456556277947,0
245,21.4266666666667,25.73,0.0,484.666666666667,0.0040595789370638,0
246,21.39,25.7,0.0,485.0,0.0040456556277947,0
247,21.39,25.7,0.0,487.0,0.0040456556277947,0
248,21.39,25.7,0.0,492.0,0.0040456556277947,0
249,21.39,25.7,0.0,490.666666666667,0.0040456556277947,0
250,21.39,25.7,0.0,488.0,0.0040456556277947,0
251,21.39,25.7,0.0,485.5,0.0040456556277947,0
252,21.39,25.7,0.0,486.0,0.0040456556277947,0
253,21.39,25.7,0.0,485.5,0.0040456556277947,0
254,21.39,25.7,0.0,486.0,0.0040456556277947,0
255,21.39,25.7,0.0,480.0,0.0040456556277947,0
256,21.39,25.7,0.0,481.0,0.0040456556277947,0
257,21.39,25.7,0.0,481.666666666667,0.0040456556277947,0
258,21.39,25.7,0.0,485.5,0.0040456556277947,0
259,21.39,25.7,0.0,485.0,0.0040456556277947,0
260,21.39,25.7,0.0,473.0,0.0040456556277947,0
261,21.39,25.7,0.0,475.0,0.0040456556277947,0
262,21.39,25.7,0.0,486.0,0.0040456556277947,0
263,21.39,25.7,0.0,481.5,0.0040456556277947,0
264,21.39,25.7,0.0,483.0,0.0040456556277947,0
265,21.39,25.7,0.0,479.0,0.0040456556277947,0
266,21.39,25.7,0.0,479.0,0.0040456556277947,0
267,21.39,25.7,0.0,479.0,0.0040456556277947,0
268,21.34,25.7,0.0,479.0,0.0040331952510965,0
269,21.39,25.7,0.0,479.0,0.0040456556277947,0
270,21.39,25.7,0.0,477.0,0.0040456556277947,0
271,21.39,25.7,0.0,477.5,0.0040456556277947,0
272,21.29,25.7,0.0,477.5,0.0040207687259132,0
273,21.34,25.7,0.0,480.0,0.0040331952510965,0
274,21.29,25.7,0.0,480.0,0.0040207687259132,0
275,21.34,25.7,0.0,482.0,0.0040331952510965,0
276,21.3233333333333,25.7,0.0,480.333333333333,0.00402904931868,0
277,21.34,25.7,0.0,477.5,0.0040331952510965,0
278,21.29,25.7,0.0,476.0,0.0040207687259132,0
279,21.39,25.7,0.0,479.0,0.0040456556277947,0
280,21.39,25.7,0.0,471.0,0.0040456556277947,0
281,21.29,25.7,0.0,474.0,0.0040207687259132,0
282,21.29,25.7,0.0,477.5,0.0040207687259132,0
283,21.34,25.7,0.0,476.0,0.0040331952510965,0
284,21.29,25.7,0.0,474.25,0.0040207687259132,0
285,21.39,25.7,0.0,475.0,0.0040456556277947,0
286,21.29,25.7,0.0,476.5,0.0040207687259132,0
287,21.34,25.7,0.0,474.5,0.0040331952510965,0
288,21.29,25.7,0.0,478.0,0.0040207687259132,0
289,21.29,25.7,0.0,475.333333333333,0.0040207687259132,0
290,21.29,25.7,0.0,477.0,0.0040207687259132,0
291,21.29,25.7,0.0,475.5,0.0040207687259132,0
292,21.29,25.7,0.0,477.5,0.0040207687259132,0
293,21.29,25.7,0.0,477.5,0.0040207687259132,0
294,21.29,25.7,0.0,478.0,0.0040207687259132,0
295,21.29,25.7,0.0,473.5,0.0040207687259132,0
296,21.29,25.7,0.0,472.5,0.0040207687259132,0
297,21.29,25.7,0.0,472.0,0.0040207687259132,0
298,21.29,25.7,0.0,469.5,0.0040207687259132,0
299,21.29,25.7,0.0,466.666666666667,0.0040207687259132,0
300,21.29,25.7,0.0,467.0,0.0040207687259132,0
301,21.29,25.7,0.0,469.5,0.0040207687259132,0
302,21.2,25.6,0.0,469.0,0.0039828280977347,0
303,21.29,25.7,0.0,471.0,0.0040207687259132,0
304,21.29,25.7,0.0,469.0,0.0040207687259132,0
305,21.26,25.6666666666667,0.0,467.333333333333,0.0040080901284194,0
306,21.245,25.65,0.0,471.5,0.0040017627376905,0
307,21.23,25.6333333333333,0.0,471.666666666667,0.0039954432745418,0
308,21.29,25.7,0.0,475.0,0.0040207687259132,0
309,21.2,25.6,0.0,471.0,0.0039828280977347,0
310,21.2,25.6,0.0,471.0,0.0039828280977347,0
311,21.245,25.65,0.0,471.0,0.0040017627376905,0
312,21.245,25.65,0.0,474.5,0.0040017627376905,0
313,21.2,25.6,0.0,475.5,0.0039828280977347,0
314,21.2,25.6,0.0,474.0,0.0039828280977347,0
315,21.2,25.6,0.0,469.0,0.0039828280977347,0
316,21.2,25.6,0.0,474.0,0.0039828280977347,0
317,21.2,25.6,0.0,474.0,0.0039828280977347,0
318,21.2,25.6,0.0,468.5,0.0039828280977347,0
319,21.2,25.6,0.0,469.5,0.0039828280977347,0
320,21.2,25.6,0.0,472.5,0.0039828280977347,0
321,21.2,25.6,0.0,467.5,0.0039828280977347,0
322,21.2,25.6,0.0,469.0,0.0039828280977347,0
323,21.2,25.55,0.0,466.5,0.0039749994237992,0
324,21.2,25.5,0.0,469.5,0.0039671709456754,0
325,21.2,25.5,0.0,469.0,0.0039671709456754,0
326,21.2,25.5,0.0,467.0,0.0039671709456754,0
327,21.2,25.5,0.0,467.333333333333,0.0039671709456754,0
328,21.2,25.5,0.0,467.0,0.0039671709456754,0
329,21.2,25.5,0.0,464.5,0.0039671709456754,0
330,21.2,25.445,0.0,466.0,0.0039585598458929,0
331,21.2,25.5,0.0,473.0,0.0039671709456754,0
332,21.2,25.39,0.0,475.0,0.0039499489830239,0
333,21.2,25.39,0.0,471.0,0.0039499489830239,0
334,21.2,25.39,0.0,470.0,0.0039499489830239,0
335,21.2,25.39,0.0,466.25,0.0039499489830239,0
336,21.2,25.39,0.0,467.0,0.0039499489830239,0
337,21.2,25.39,0.0,473.0,0.0039499489830239,0
338,21.2,25.39,0.0,468.0,0.0039499489830239,0
339,21.2,25.39,0.0,463.0,0.0039499489830239,0
340,21.2,25.39,0.0,466.0,0.0039499489830239,0
341,21.2,25.39,0.0,467.0,0.0039499489830239,0
342,21.2,25.29,0.0,468.0,0.003934293475653,0
343,21.2,25.39,0.0,468.0,0.0039499489830239,0
344,21.2,25.29,0.0,468.0,0.003934293475653,0
345,21.2,25.34,0.0,465.5,0.003942121131448,0
346,21.2,25.39,0.0,464.0,0.0039499489830239,0
347,21.2,25.34,0.0,464.5,0.003942121131448,0
348,21.2,25.29,0.0,465.666666666667,0.003934293475653,0
349,21.2,25.365,0.0,465.75,0.0039460350327629,0
350,21.2,25.39,0.0,464.0,0.0039499489830239,0
351,21.2,25.39,0.0,467.0,0.0039499489830239,0
352,21.15,25.39,0.0,466.5,0.0039377674602206,0
353,21.2,25.39,0.0,465.0,0.0039499489830239,0
354,21.2,25.39,0.0,462.0,0.0039499489830239,0
355,21.2,25.39,0.0,459.666666666667,0.0039499489830239,0
356,21.2,25.29,0.0,458.0,0.003934293475653,0
357,21.2,25.34,0.0,462.5,0.003942121131448,0
358,21.2,25.29,0.0,467.0,0.003934293475653,0
359,21.2,25.29,0.0,466.5,0.003934293475653,0
360,21.2,25.29,0.0,463.0,0.003934293475653,0
361,21.2,25.29,0.0,465.0,0.003934293475653,0
362,21.2,25.29,0.0,463.25,0.003934293475653,0
363,21.2,25.29,0.0,460.0,0.003934293475653,0
364,21.2,25.29,0.0,457.0,0.003934293475653,0
365,21.2,25.29,0.0,456.0,0.003934293475653,0
366,21.245,25.245,0.0,454.0,0.0039381769514503,0
367,21.23,25.23,0.0,454.0,0.0039321786559957,0
368,21.29,25.29,0.0,458.0,0.0039562161765309,0
369,21.2,25.2,0.0,456.0,0.0039202041885661,0
370,21.245,25.245,0.0,456.5,0.0039381769514503,0
371,21.245,25.245,0.0,458.5,0.0039381769514503,0
372,21.26,25.26,0.0,459.666666666667,0.0039441826315888,0
373,21.245,25.245,0.0,464.0,0.0039381769514503,0
374,21.245,25.2,0.0,465.0,0.0039311126614506,0
375,21.29,25.2,0.0,461.0,0.003942047886573,0
376,21.245,25.2,0.0,458.5,0.0039311126614506,0
377,21.29,25.2,0.0,459.0,0.003942047886573,0
378,21.29,25.2,0.0,451.0,0.003942047886573,0
379,21.29,25.2,0.0,456.0,0.003942047886573,0
380,21.29,25.2,0.0,463.0,0.003942047886573,0
381,21.29,25.2,0.0,461.666666666667,0.003942047886573,0
382,21.29,25.2,0.0,458.0,0.003942047886573,0
383,21.29,25.2,0.0,450.0,0.003942047886573,0
384,21.29,25.2,0.0,457.0,0.003942047886573,0
385,21.29,25.2,0.0,456.0,0.003942047886573,0
386,21.29,25.2,0.0,456.0,0.003942047886573,0
387,21.29,25.2,0.0,461.0,0.003942047886573,0
388,21.29,25.2,0.0,463.0,0.003942047886573,0
389,21.29,25.2,0.0,460.0,0.003942047886573,0
390,21.29,25.2,0.0,456.0,0.003942047886573,0
391,21.29,25.2,0.0,454.5,0.003942047886573,0
392,21.29,25.2,0.0,448.5,0.003942047886573,0
393,21.29,25.2,0.0,453.5,0.003942047886573,0
394,21.29,25.2,0.0,454.0,0.003942047886573,0
395,21.29,25.2,0.0,454.0,0.003942047886573,0
396,21.29,25.245,0.0,450.5,0.0039491319513775,0
397,21.29,25.245,0.0,453.0,0.0039491319513775,0
398,21.2,25.2,0.0,457.0,0.0039202041885661,0
399,21.2,25.2,0.0,452.5,0.0039202041885661,0
400,21.2,25.2,0.0,449.0,0.0039202041885661,0
401,21.2,25.2,0.0,458.666666666667,0.0039202041885661,0
402,21.2,25.2,0.0,454.5,0.0039202041885661,0
403,21.2,25.245,0.0,455.5,0.003927248752824,0
404,21.2,25.245,0.0,453.5,0.003927248752824,0
405,21.2,25.29,0.0,452.0,0.003934293475653,0
406,21.2,25.29,0.0,451.5,0.003934293475653,0
407,21.2,25.29,0.0,451.0,0.003934293475653,0
408,21.1666666666667,25.3566666666667,0.0,450.333333333333,0.0039366164945272,0
409,21.1666666666667,25.39,0.0,450.0,0.003941824282307,0
410,21.15,25.39,0.0,453.5,0.0039377674602206,0
411,21.1,25.39,0.0,454.0,0.0039256190724371,0
412,21.15,25.39,0.0,452.5,0.0039377674602206,0
413,21.1,25.39,0.0,454.0,0.0039256190724371,0
414,21.1,25.39,0.0,457.0,0.0039256190724371,0
415,21.1,25.4633333333333,0.0,450.333333333333,0.0039370291117239,0
416,21.1,25.5,0.0,451.0,0.0039427342873644,0
417,21.1,25.5,0.0,451.0,0.0039427342873644,0
418,21.05,25.445,0.0,449.0,0.0039220346565542,0
419,21.1,25.5,0.0,449.0,0.0039427342873644,0
420,21.05,25.445,0.0,450.0,0.0039220346565542,0
421,21.05,25.445,0.0,449.0,0.0039220346565542,0
422,21.1,25.5,0.0,445.0,0.0039427342873644,0
423,21.0,25.39,0.0,443.0,0.0039014213909368,0
424,21.1,25.5,0.0,446.5,0.0039427342873644,0
425,21.1,25.5,0.0,446.0,0.0039427342873644,0
426,21.1,25.5,0.0,451.5,0.0039427342873644,0
427,21.1,25.39,0.0,445.0,0.0039256190724371,0
428,21.1,25.39,0.0,449.0,0.0039256190724371,0
429,21.1,25.39,0.0,451.666666666667,0.0039256190724371,0
430,21.1,25.39,0.0,452.0,0.0039256190724371,0
431,21.1,25.39,0.0,451.0,0.0039256190724371,0
432,21.05,25.34,0.0,450.0,0.0039057485667059,0
433,21.1,25.39,0.0,450.0,0.0039256190724371,0
434,21.1,25.39,0.0,448.0,0.0039256190724371,0
435,21.1,25.39,0.0,450.666666666667,0.0039256190724371,0
436,21.1,25.39,0.0,450.0,0.0039256190724371,0
437,21.15,25.39,0.0,446.0,0.0039377674602206,0
438,21.1,25.39,0.0,444.0,0.0039256190724371,0
439,21.125,25.39,0.0,447.5,0.0039316891293167,0
440,21.1333333333333,25.39,0.0,443.333333333333,0.0039337143198017,0
441,21.1,25.34,0.0,443.5,0.0039178397386948,0
442,21.1,25.34,0.0,444.0,0.0039178397386948,0
443,21.15,25.34,0.0,449.0,0.0039299639010674,0
444,21.2,25.29,0.0,449.333333333333,0.003934293475653,0
445,21.15,25.29,0.0,448.0,0.0039221605364855,0
446,21.15,25.245,0.0,449.5,0.0039151376747144,0
447,21.2,25.245,0.0,450.0,0.003927248752824,0
448,21.2,25.2,0.0,447.0,0.0039202041885661,0
449,21.2,25.2,0.0,446.0,0.0039202041885661,0
450,21.1333333333333,25.2,0.0,443.0,0.0039040925417633,0
451,21.1666666666667,25.2,0.0,444.0,0.0039121410526842,0
452,21.2,25.2,0.0,444.5,0.0039202041885661,0
453,21.2,25.2,0.0,445.0,0.0039202041885661,0
454,21.2,25.2,0.0,451.0,0.0039202041885661,0
455,21.2,25.2,0.0,450.0,0.0039202041885661,0
456,21.2,25.2,0.0,444.0,0.0039202041885661,0
457,21.2,25.2,0.0,443.0,0.0039202041885661,0
458,21.2,25.1,0.0,438.5,0.0039045501690233,0
459,21.2,25.1,0.0,441.0,0.0039045501690233,0
460,21.2,25.1,0.0,444.0,0.0039045501690233,0
461,21.2,25.15,0.0,441.5,0.0039123770809183,0
462,21.2,25.1,0.0,441.0,0.0039045501690233,0
463,21.2,25.1,0.0,439.5,0.0039045501690233,0
464,21.2,25.1,0.0,441.0,0.0039045501690233,0
465,21.2,25.1,0.0,442.0,0.0039045501690233,0
466,21.2,25.1,0.0,441.0,0.0039045501690233,0
467,21.2,25.1,0.0,436.0,0.0039045501690233,0
468,21.2,25.1,0.0,442.5,0.0039045501690233,0
469,21.2,25.1,0.0,446.0,0.0039045501690233,0
470,21.2,25.1,0.0,443.0,0.0039045501690233,0
471,21.2,25.1,0.0,437.5,0.0039045501690233,0
472,21.2,25.1,0.0,440.5,0.0039045501690233,0
473,21.2,25.05,0.0,439.5,0.0038967234528739,0
474,21.2,25.0,0.0,443.0,0.0038888969324628,0
475,21.2,25.0,0.0,443.0,0.0038888969324628,0
476,21.2,25.0,0.0,438.5,0.0038888969324628,0
477,21.2,25.0,0.0,438.0,0.0038888969324628,0
478,21.2,25.0,0.0,442.333333333333,0.0038888969324628,0
479,21.2,25.0,0.0,448.0,0.0038888969324628,0
480,21.2,25.1,0.0,447.5,0.0039045501690233,0
481,21.125,25.1,0.0,445.75,0.0038865014883685,0
482,21.1,25.0,0.0,439.0,0.0038649453970209,0
483,21.1,25.1,0.0,440.0,0.0038805016282998,0
484,21.1,25.1,0.0,441.5,0.0038805016282998,0
485,21.1,25.0666666666667,0.0,439.0,0.00387531613195,0
486,21.1,25.0,0.0,439.0,0.0038649453970209,0
487,21.1,25.1,0.0,437.5,0.0038805016282998,0
488,21.05,25.05,0.0,437.5,0.0038607723400945,0
489,21.1,25.1,0.0,439.333333333333,0.0038805016282998,0
490,21.1,25.1,0.0,443.0,0.0038805016282998,0
491,21.0,25.0,0.0,440.5,0.0038411240057139,0
492,21.0,25.0,0.0,442.333333333333,0.0038411240057139,0
493,21.0,25.0,0.0,440.666666666667,0.0038411240057139,0
494,21.0,25.0,0.0,440.0,0.0038411240057139,0
495,21.0,25.0,0.0,439.0,0.0038411240057139,0
496,21.0,25.0,0.0,442.0,0.0038411240057139,0
497,21.0,25.0,0.0,443.5,0.0038411240057139,0
498,21.0,25.0,0.0,445.0,0.0038411240057139,0
499,21.0,25.0,0.0,445.0,0.0038411240057139,0
500,21.0,25.05,0.0,442.5,0.0038488537904606,0
501,21.0,25.1,0.0,440.0,0.0038565837661514,0
502,21.0,25.0,0.0,439.5,0.0038411240057139,0
503,21.0,25.0,0.0,438.5,0.0038411240057139,0
504,21.0,25.0,0.0,435.0,0.0038411240057139,0
505,21.0,25.0,0.0,439.5,0.0038411240057139,0
506,21.0,25.0,0.0,440.5,0.0038411240057139,0
507,21.0,25.0,0.0,439.5,0.0038411240057139,0
508,21.0,25.0,0.0,441.0,0.0038411240057139,0
509,21.0,25.0,0.0,442.0,0.0038411240057139,0
510,21.0,25.0,0.0,445.0,0.0038411240057139,0
511,21.0,25.0,0.0,444.0,0.0038411240057139,0
512,21.0,25.0,0.0,445.0,0.0038411240057139,0
513,21.0,24.89,0.0,444.0,0.0038241191513591,0
514,21.0,24.89,0.0,443.0,0.0038241191513591,0
515,21.0,24.89,0.0,448.0,0.0038241191513591,0
516,21.05,24.945,0.0,443.0,0.0038444894380611,0
517,21.05,24.945,0.0,440.0,0.0038444894380611,0
518,21.0,24.89,0.0,440.0,0.0038241191513591,0
519,21.0333333333333,24.9266666666667,0.0,441.0,0.0038376898381808,0
520,21.05,24.945,0.0,440.5,0.0038444894380611,0
521,21.05,24.945,0.0,444.5,0.0038444894380611,0
522,21.1,25.0,0.0,446.0,0.0038649453970209,0
523,21.05,24.945,0.0,442.5,0.0038444894380611,0
524,21.0,24.89,0.0,439.0,0.0038241191513591,0
525,21.1,24.89,0.0,441.0,0.00384783443575,0
526,21.1,24.89,0.0,438.333333333333,0.00384783443575,0
527,21.0333333333333,24.89,0.0,439.5,0.003832009888551,0
528,21.075,24.9725,0.0,440.75,0.0038547066897316,0
529,21.0333333333333,24.9266666666667,0.0,437.0,0.0038376898381808,0
530,21.1,24.945,0.0,440.5,0.0038563897994317,0
531,21.1,24.9175,0.0,442.25,0.003852112088353,0
532,21.1,24.89,0.0,435.0,0.00384783443575,0
533,21.1,24.89,0.0,435.5,0.00384783443575,0
534,21.1,24.89,0.0,432.0,0.00384783443575,0
535,21.1,24.89,0.0,439.5,0.00384783443575,0
536,21.05,24.84,0.0,442.5,0.003828207383264,0
537,21.1,24.89,0.0,438.5,0.00384783443575,0
538,21.05,24.84,0.0,435.5,0.003828207383264,0
539,21.0666666666667,24.8566666666667,0.0,437.333333333333,0.0038347407576409,0
540,21.1,24.89,0.0,437.0,0.00384783443575,0
541,21.0333333333333,24.8233333333333,0.0,438.0,0.0038216829715412,0
542,21.025,24.84,0.0,435.0,0.0038222946543557,0
543,21.0,24.79,0.0,440.0,0.0038086609947265,0
544,21.0,24.8233333333333,0.0,441.333333333333,0.0038138136287536,0
545,21.0,24.8566666666667,0.0,435.0,0.0038189663476304,0
546,21.0,24.89,0.0,432.0,0.0038241191513591,0
547,21.0,24.89,0.0,435.5,0.0038241191513591,0
548,21.0,24.89,0.0,444.0,0.0038241191513591,0
549,21.0,24.84,0.0,444.5,0.0038163899775856,0
550,21.0,24.89,0.0,446.0,0.0038241191513591,0
551,21.0,24.89,0.0,445.0,0.0038241191513591,0
552,21.0,24.89,0.0,438.333333333333,0.0038241191513591,0
553,21.0,24.89,0.0,445.5,0.0038241191513591,0
554,21.0,24.89,0.0,439.0,0.0038241191513591,0
555,21.0,24.89,0.0,439.0,0.0038241191513591,0
556,20.945,24.89,0.0,439.5,0.0038111307481562,0
557,20.9633333333333,24.89,0.0,443.333333333333,0.0038154558880034,0
558,20.89,24.89,0.0,443.5,0.0037981812511967,0
559,20.9266666666667,24.89,0.0,444.0,0.0038068099312231,0
560,21.0,24.89,0.0,447.5,0.0038241191513591,0
561,20.89,24.89,0.0,445.5,0.0037981812511967,0
562,20.89,24.89,0.0,443.0,0.0037981812511967,0
563,20.89,24.89,0.0,438.0,0.0037981812511967,0
564,20.89,24.89,0.0,428.0,0.0037981812511967,0
565,20.89,24.89,0.0,431.0,0.0037981812511967,0
566,20.89,24.89,0.0,441.0,0.0037981812511967,0
567,20.89,24.89,0.0,446.0,0.0037981812511967,0
568,20.89,24.89,0.0,447.0,0.0037981812511967,0
569,20.89,24.89,0.0,439.0,0.0037981812511967,0
570,20.89,24.89,0.0,438.333333333333,0.0037981812511967,0
571,20.89,24.89,0.0,442.0,0.0037981812511967,0
572,20.9266666666667,24.79,0.0,443.333333333333,0.0037914221671785,0
573,20.89,24.79,0.0,448.0,0.0037828285765548,0
574,20.89,24.79,0.0,444.5,0.0037828285765548,0
575,20.9266666666667,24.79,0.0,443.333333333333,0.0037914221671785,0
576,20.945,24.79,0.0,445.0,0.0037957254127113,0
577,21.0,24.7,0.0,445.0,0.0037947493066615,0
578,21.0,24.7,0.0,443.5,0.0037947493066615,0
579,21.0,24.7,0.0,439.0,0.0037947493066615,0
580,21.0,24.7,0.0,441.5,0.0037947493066615,0
581,21.0,24.6333333333333,0.0,441.333333333333,0.0037844447512991,0
582,21.0,24.6,0.0,441.0,0.0037792926008756,0
583,21.0,24.6,0.0,441.0,0.0037792926008756,0
584,21.0,24.6,0.0,440.0,0.0037792926008756,0
585,21.0,24.6,0.0,436.0,0.0037792926008756,0
586,21.0,24.6,0.0,444.0,0.0037792926008756,0
587,21.0,24.6,0.0,442.0,0.0037792926008756,0
588,21.0,24.6,0.0,443.666666666667,0.0037792926008756,0
589,21.0,24.6,0.0,439.5,0.0037792926008756,0
590,21.0,24.5666666666667,0.0,439.333333333333,0.0037741405352878,0
591,21.0,24.55,0.0,443.5,0.0037715645343067,0
592,21.0,24.5,0.0,445.0,0.0037638366586111,0
593,21.0,24.5,0.0,441.5,0.0037638366586111,0
594,21.0,24.5,0.0,445.0,0.0037638366586111,0
595,21.0,24.5,0.0,444.5,0.0037638366586111,0
596,21.0,24.5,0.0,443.666666666667,0.0037638366586111,0
597,21.0,24.5,0.0,445.5,0.0037638366586111,0
598,21.0,24.445,0.0,445.0,0.0037553362157961,0
599,21.0,24.445,0.0,443.5,0.0037553362157961,0
600,21.0,24.39,0.0,447.0,0.0037468360039198,0
601,21.0,24.39,0.0,444.0,0.0037468360039198,0
602,21.0,24.5,0.0,442.5,0.0037638366586111,0
603,21.0,24.4266666666667,0.0,445.0,0.0037525027861779,0
604,21.0,24.5,0.0,444.0,0.0037638366586111,0
605,21.0,24.39,0.0,440.0,0.0037468360039198,0
606,21.0,24.39,0.0,445.5,0.0037468360039198,0
607,21.0,24.39,0.0,444.5,0.0037468360039198,0
608,21.0,24.39,0.0,442.5,0.0037468360039198,0
609,21.0,24.39,0.0,444.0,0.0037468360039198,0
610,21.0,24.39,0.0,442.0,0.0037468360039198,0
611,21.0,24.3566666666667,0.0,442.666666666667,0.0037416844727489,0
612,21.0,24.29,0.0,439.0,0.0037313816648662,0
613,20.89,24.39,0.0,440.0,0.0037214254101758,0
614,20.945,24.39,0.0,440.0,0.0037341116547208,0
615,21.0,24.39,0.0,444.0,0.0037468360039198,0
616,20.89,24.39,0.0,439.5,0.0037214254101758,0
617,20.89,24.39,0.0,440.0,0.0037214254101758,0
618,20.89,24.39,0.0,440.0,0.0037214254101758,0
619,20.89,24.29,0.0,442.0,0.003706076501351,0
620,20.89,24.34,0.0,445.0,0.0037137508616353,0
621,20.8566666666667,24.3566666666667,0.0,447.0,0.0037086495016106,0
622,20.89,24.39,0.0,446.0,0.0037214254101758,0
623,20.89,24.34,0.0,445.0,0.0037137508616353,0
624,20.89,24.39,0.0,445.0,0.0037214254101758,0
625,20.89,24.29,0.0,443.0,0.003706076501351,0
626,20.89,24.29,0.0,442.0,0.003706076501351,0
627,20.84,24.245,0.0,444.0,0.0036877389515923,0
628,20.89,24.39,0.0,443.5,0.0037214254101758,0
629,20.89,24.29,0.0,441.0,0.003706076501351,0
630,20.8566666666667,24.26,0.0,441.0,0.0036938432141027,0
631,20.89,24.29,0.0,444.0,0.003706076501351,0
632,20.89,24.29,0.0,445.5,0.003706076501351,0
633,20.89,24.29,0.0,441.0,0.003706076501351,0
634,20.89,24.29,0.0,445.333333333333,0.003706076501351,0
635,20.89,24.2,0.0,442.0,0.0036922631272228,0
636,20.89,24.29,0.0,442.0,0.003706076501351,0
637,20.89,24.2,0.0,446.5,0.0036922631272228,0
638,20.8566666666667,24.1666666666667,0.0,444.333333333333,0.003679548153119,0
639,20.89,24.2,0.0,445.5,0.0036922631272228,0
640,20.89,24.2,0.0,441.5,0.0036922631272228,0
641,20.865,24.175,0.0,447.25,0.0036827236045016,0
642,20.89,24.2,0.0,448.0,0.0036922631272228,0
643,20.89,24.175,0.0,447.25,0.0036884261870917,0
644,20.89,24.2,0.0,439.0,0.0036922631272228,0
645,20.89,24.15,0.0,440.0,0.003684589294019,0
646,20.89,24.2,0.0,440.0,0.0036922631272228,0
647,20.89,24.1,0.0,445.0,0.0036769156490452,0
648,20.89,24.0,0.0,438.0,0.0036615689237594,0
649,20.945,24.0,0.0,438.5,0.0036740499209487,0
650,21.0,24.0,0.0,440.0,0.0036865683981301,0
651,20.945,24.0,0.0,446.0,0.0036740499209487,0
652,20.945,24.0,0.0,447.0,0.0036740499209487,0
653,20.9266666666667,24.0,0.0,447.0,0.00366988542889,0
654,20.89,24.0,0.0,445.0,0.0036615689237594,0
655,20.89,24.0,0.0,446.5,0.0036615689237594,0
656,20.945,24.0,0.0,446.0,0.0036740499209487,0
657,20.89,23.89,0.0,453.0,0.0036446883954691,0
658,21.0,23.89,0.0,451.0,0.0036695719415469,0
659,21.0,23.84,0.0,448.5,0.003661846584716,0
660,21.0,23.8233333333333,0.0,444.666666666667,0.0036592715081668,0
661,21.0,23.79,0.0,447.0,0.0036541214186581,0
662,21.0,23.79,0.0,447.0,0.0036541214186581,0
663,21.0,23.79,0.0,445.0,0.0036541214186581,0
664,21.0,23.79,0.0,446.5,0.0036541214186581,0
665,21.0,23.79,0.0,446.5,0.0036541214186581,0
666,21.0,23.7675,0.0,442.25,0.0036506451561698,0
667,21.0,23.79,0.0,443.0,0.0036541214186581,0
668,21.0,23.79,0.0,443.0,0.0036541214186581,0
669,20.9633333333333,23.79,0.0,442.333333333333,0.0036458455163496,0
670,20.89,23.79,0.0,444.5,0.003629343251076,0
671,20.89,23.73,0.0,443.333333333333,0.0036201365257493,0
672,20.9175,23.7225,0.0,446.5,0.0036251485824131,0
673,20.89,23.7,0.0,449.0,0.0036155332646995,0
674,20.89,23.7,0.0,449.5,0.0036155332646995,0
675,20.89,23.6,0.0,448.5,0.0036001895504273,0
676,20.89,23.7,0.0,446.0,0.0036155332646995,0
677,20.89,23.6,0.0,446.0,0.0036001895504273,0
678,20.89,23.6,0.0,444.0,0.0036001895504273,0
679,20.89,23.6,0.0,443.333333333333,0.0036001895504273,0
680,20.89,23.6333333333333,0.0,441.666666666667,0.0036053040382247,0
681,20.89,23.6,0.0,449.5,0.0036001895504273,0
682,20.89,23.6,0.0,448.5,0.0036001895504273,0
683,20.89,23.6,0.0,450.0,0.0036001895504273,0
684,20.89,23.6,0.0,448.5,0.0036001895504273,0
685,20.945,23.6,0.0,446.5,0.0036124601189754,0
686,20.89,23.6,0.0,452.5,0.0036001895504273,0
687,20.89,23.6,0.0,451.0,0.0036001895504273,0
688,20.945,23.5,0.0,450.666666666667,0.003597064563044,0
689,20.89,23.5,0.0,449.0,0.00358484658877,0
690,20.945,23.5,0.0,449.0,0.003597064563044,0
691,20.945,23.5,0.0,448.5,0.003597064563044,0
692,20.89,23.5,0.0,452.0,0.00358484658877,0
693,20.89,23.5,0.0,444.0,0.00358484658877,0
694,20.89,23.5,0.0,443.5,0.00358484658877,0
695,20.89,23.5,0.0,446.0,0.00358484658877,0
696,20.89,23.5,0.0,449.0,0.00358484658877,0
697,20.9266666666667,23.5,0.0,448.0,0.003592987834086,0
698,20.89,23.5,0.0,448.0,0.00358484658877,0
699,20.89,23.5,0.0,449.0,0.00358484658877,0
700,20.945,23.5,0.0,443.0,0.003597064563044,0
701,20.89,23.5,0.0,444.25,0.00358484658877,0
702,20.89,23.5,0.0,445.333333333333,0.00358484658877,0
703,20.89,23.5,0.0,444.5,0.00358484658877,0
704,20.89,23.5,0.0,446.5,0.00358484658877,0
705,20.89,23.445,0.0,446.0,0.0035764082806406,0
706,20.89,23.445,0.0,448.5,0.0035764082806406,0
707,20.89,23.39,0.0,450.0,0.0035679702001512,0
708,20.89,23.445,0.0,450.5,0.0035764082806406,0
709,20.89,23.5,0.0,448.0,0.00358484658877,0
710,20.89,23.5,0.0,448.333333333333,0.00358484658877,0
711,20.89,23.445,0.0,446.5,0.0035764082806406,0
712,20.89,23.5,0.0,442.5,0.00358484658877,0
713,20.89,23.5,0.0,440.5,0.00358484658877,0
714,20.89,23.5,0.0,443.0,0.00358484658877,0
715,20.89,23.5,0.0,453.0,0.00358484658877,0
716,20.89,23.4266666666667,0.0,450.0,0.0035735955618512,0
717,20.89,23.445,0.0,451.0,0.0035764082806406,0
718,20.89,23.39,0.0,452.333333333333,0.0035679702001512,0
719,20.89,23.445,0.0,448.0,0.0035764082806406,0
720,20.89,23.39,0.0,448.0,0.0035679702001512,0
721,20.84,23.395,0.0,446.5,0.0035577118429189,0
722,20.89,23.39,0.0,449.0,0.0035679702001512,0
723,20.84,23.34,0.0,446.5,0.0035493001856854,0
724,20.89,23.39,0.0,448.0,0.0035679702001512,0
725,20.89,23.39,0.0,450.5,0.0035679702001512,0
726,20.89,23.39,0.0,450.5,0.0035679702001512,0
727,20.84,23.34,0.0,448.0,0.0035493001856854,0
728,20.89,23.39,0.0,448.0,0.0035679702001512,0
729,20.89,23.34,0.0,451.0,0.0035602994154192,0
730,20.865,23.2925,0.0,450.0,0.0035475203085273,0
731,20.89,23.34,0.0,448.5,0.0035602994154192,0
732,20.8566666666667,23.26,0.0,449.5,0.0035407158314661,0
733,20.89,23.29,0.0,446.0,0.003552628818805,0
734,20.89,23.29,0.0,443.0,0.003552628818805,0
735,20.89,23.29,0.0,443.0,0.003552628818805,0
736,20.89,23.29,0.0,448.0,0.003552628818805,0
737,20.84,23.245,0.0,448.5,0.0035347714923683,0
738,20.89,23.29,0.0,448.5,0.003552628818805,0
739,20.89,23.29,0.0,448.0,0.003552628818805,0
740,20.89,23.29,0.0,450.5,0.003552628818805,0
741,20.89,23.2,0.0,451.0,0.003538822218934,0
742,20.89,23.2,0.0,453.0,0.003538822218934,0
743,20.89,23.2,0.0,449.0,0.003538822218934,0
744,20.89,23.2,0.0,448.5,0.003538822218934,0
745,20.89,23.2,0.0,448.5,0.003538822218934,0
746,20.89,23.15,0.0,448.5,0.0035311521490127,0
747,20.89,23.15,0.0,453.5,0.0035311521490127,0
748,20.84,23.075,0.0,451.0,0.0035087744623177,0
749,20.89,23.1,0.0,451.333333333333,0.0035234822671828,0
750,20.89,23.1,0.0,452.0,0.0035234822671828,0
751,20.89,23.1,0.0,452.5,0.0035234822671828,0
752,20.8566666666667,23.0666666666667,0.0,450.5,0.0035111198496899,0
753,20.89,23.1,0.0,445.666666666667,0.0035234822671828,0
754,20.89,23.1,0.0,449.5,0.0035234822671828,0
755,20.89,23.1,0.0,450.0,0.0035234822671828,0
756,20.89,23.1,0.0,454.0,0.0035234822671828,0
757,20.89,23.1,0.0,452.0,0.0035234822671828,0
758,20.89,23.1,0.0,453.75,0.0035234822671828,0
759,20.89,23.1,0.0,448.5,0.0035234822671828,0
760,20.89,23.1,0.0,447.0,0.0035234822671828,0
761,20.89,23.1,0.0,447.75,0.0035234822671828,0
762,20.89,23.1,0.0,452.0,0.0035234822671828,0
763,20.89,23.0,0.0,454.0,0.0035081430677697,0
764,20.84,23.05,0.0,455.0,0.0035049515519143,0
765,20.89,23.1,0.0,455.0,0.0035234822671828,0
766,20.8566666666667,23.0666666666667,0.0,449.0,0.0035111198496899,0
767,20.89,23.0,0.0,449.0,0.0035081430677697,0
768,20.89,23.0,0.0,452.0,0.0035081430677697,0
769,20.89,23.0,0.0,449.0,0.0035081430677697,0
770,20.79,22.89,0.0,450.0,0.0034697306094892,0
771,20.79,22.89,0.0,452.0,0.0034697306094892,0
772,20.84,22.945,0.0,449.0,0.0034888958384856,0
773,20.79,22.89,0.0,448.333333333333,0.0034697306094892,0
774,20.79,22.84,0.0,448.0,0.0034621092826005,0
775,20.79,22.84,0.0,449.5,0.0034621092826005,0
776,20.79,22.89,0.0,454.0,0.0034697306094892,0
777,20.79,22.89,0.0,452.0,0.0034697306094892,0
778,20.79,22.89,0.0,454.5,0.0034697306094892,0
779,20.7,22.89,0.0,454.5,0.0034504446246964,0
780,20.745,22.84,0.0,454.0,0.0034524757751415,0
781,20.7,22.89,0.0,454.5,0.0034504446246964,0
782,20.745,22.84,0.0,454.0,0.0034524757751415,0
783,20.79,22.79,0.0,458.0,0.0034544881414409,0
784,20.7,22.79,0.0,455.5,0.0034352873449809,0
785,20.7,22.79,0.0,452.0,0.0034352873449809,0
786,20.76,22.79,0.0,458.333333333333,0.0034480773968794,0
787,20.7,22.79,0.0,460.0,0.0034352873449809,0
788,20.7,22.79,0.0,455.0,0.0034352873449809,0
789,20.7,22.79,0.0,455.0,0.0034352873449809,0
790,20.73,22.79,0.0,449.0,0.0034416771363134,0
791,20.7,22.79,0.0,459.0,0.0034352873449809,0
792,20.7,22.7,0.0,457.0,0.0034216464213478,0
793,20.73,22.7,0.0,454.0,0.0034280107008714,0
794,20.7,22.7,0.0,452.5,0.0034216464213478,0
795,20.7,22.7675,0.0,456.75,0.0034318770582882,0
796,20.7,22.79,0.0,454.5,0.0034352873449809,0
797,20.7,22.7,0.0,453.5,0.0034216464213478,0
798,20.7,22.7,0.0,458.0,0.0034216464213478,0
799,20.7,22.7,0.0,451.5,0.0034216464213478,0
800,20.7,22.7,0.0,451.0,0.0034216464213478,0
801,20.7,22.7,0.0,455.666666666667,0.0034216464213478,0
802,20.7,22.7,0.0,457.5,0.0034216464213478,0
803,20.7,22.7,0.0,452.0,0.0034216464213478,0
804,20.7,22.65,0.0,451.0,0.0034140683875469,0
805,20.7,22.6333333333333,0.0,454.666666666667,0.003411542417089,0
806,20.7,22.6,0.0,454.666666666667,0.0034064905373851,0
807,20.7,22.6,0.0,454.5,0.0034064905373851,0
808,20.7,22.6,0.0,456.0,0.0034064905373851,0
809,20.7,22.5,0.0,455.0,0.0033913353879516,0
810,20.7,22.5,0.0,451.5,0.0033913353879516,0
811,20.7,22.5,0.0,455.0,0.0033913353879516,0
812,20.7,22.5,0.0,454.5,0.0033913353879516,0
813,20.7,22.5,0.0,451.666666666667,0.0033913353879516,0
814,20.7,22.5,0.0,453.5,0.0033913353879516,0
815,20.7,22.5,0.0,456.5,0.0033913353879516,0
816,20.7,22.5,0.0,457.0,0.0033913353879516,0
817,20.7,22.5,0.0,454.0,0.0033913353879516,0
818,20.7,22.5,0.0,453.5,0.0033913353879516,0
819,20.7,22.5,0.0,457.0,0.0033913353879516,0
820,20.7,22.445,0.0,459.0,0.0033830003688369,0
821,20.7,22.5,0.0,459.0,0.0033913353879516,0
822,20.7,22.39,0.0,454.75,0.0033746655718924,0
823,20.7,22.39,0.0,457.0,0.0033746655718924,0
824,20.7,22.39,0.0,458.0,0.0033746655718924,0
825,20.7,22.39,0.0,449.0,0.0033746655718924,0
826,20.7,22.39,0.0,451.0,0.0033746655718924,0
827,20.7,22.39,0.0,457.5,0.0033746655718924,0
828,20.7,22.39,356.0,457.0,0.0033746655718924,1
829,20.7,22.4175,426.0,460.25,0.003378832942594,0
830,20.7,22.5,423.666666666667,465.333333333333,0.0033913353879516,0
831,20.7,22.4633333333333,423.666666666667,472.666666666667,0.0033857786838558,0
832,20.7225,22.5,419.0,470.75,0.0033960651157366,1
833,20.73,22.5,419.0,472.0,0.0033976429825202,1
834,20.7225,22.525,419.0,470.5,0.0033998591468996,1
835,20.7675,22.65,411.0,478.0,0.0034283707603882,1
836,20.79,22.79,411.0,492.0,0.0034544881414409,1
837,20.815,22.8675,411.0,497.75,0.0034716696930845,1
838,20.8233333333333,23.0333333333333,408.333333333333,499.0,0.0034987918481095,1
839,20.815,23.025,400.0,507.0,0.0034957152158224,1
840,20.89,23.175,396.0,514.75,0.0035349871604615,1
841,20.89,23.29,396.0,515.0,0.003552628818805,1
842,20.89,23.29,396.0,520.75,0.003552628818805,1
843,20.89,23.29,396.0,526.0,0.003552628818805,1
844,20.89,23.3233333333333,398.333333333333,527.0,0.0035577425289795,1
845,20.945,23.39,399.5,531.25,0.0035801303266757,1
846,20.9633333333333,23.4633333333333,413.0,536.0,0.0035954940794377,1
847,21.0,23.5,411.0,542.75,0.0036093192172016,1
848,21.0,23.5,411.0,541.0,0.0036093192172016,1
849,21.0,23.5666666666667,411.0,548.5,0.003619618005872,1
850,21.0,23.6,412.2,553.25,0.0036247675273623,1
851,21.0,23.6,405.0,559.25,0.0036247675273623,1
852,21.0,23.6,405.0,567.333333333333,0.0036247675273623,1
853,21.0,23.7,405.0,569.0,0.003640216600479,1
854,21.0,23.7,405.0,576.0,0.003640216600479,1
855,21.025,23.7225,405.0,578.75,0.0036493286704895,1
856,21.025,23.7225,412.0,585.75,0.0036493286704895,1
857,21.05,23.745,419.0,590.0,0.0036584592838594,1
858,21.025,23.7225,419.0,590.0,0.0036493286704895,1
859,21.1,23.76,419.0,587.666666666667,0.0036721123550366,1
860,21.075,23.72,419.0,594.0,0.0036602355231557,1
861,21.0333333333333,23.6666666666667,419.0,602.333333333333,0.0036425651983171,1
862,21.075,23.7675,419.0,611.0,0.0036676084723876,1
863,21.1,23.79,419.0,611.333333333333,0.0036767762679202,1
864,21.1,23.79,419.0,613.0,0.0036767762679202,1
865,21.1,23.73,419.0,615.0,0.0036674485116838,1
866,21.15,23.7225,419.0,615.75,0.0036776236802925,1
867,21.2,23.745,419.0,620.5,0.0036925153634534,1
868,21.2,23.79,419.0,630.666666666667,0.0036995548034611,1
869,21.2,23.79,419.0,640.5,0.0036995548034611,1
870,21.26,23.8566666666667,423.666666666667,641.0,0.0037237495532429,1
871,21.29,23.865,422.5,650.75,0.0037319602121481,1
872,21.29,23.89,422.5,650.5,0.0037358931425189,0
873,21.29,23.89,419.0,651.0,0.0037358931425189,1
874,21.3233333333333,23.9266666666667,428.333333333333,654.666666666667,0.0037493638712037,1
875,21.29,24.0,424.6,664.25,0.0037531986235084,1
876,21.34,24.0,426.0,675.4,0.0037647932275629,1
877,21.29,24.05,429.5,675.0,0.0037610650676672,1
878,21.29,24.1,419.0,679.0,0.0037689317096092,1
879,21.315,24.175,426.0,685.5,0.0037865681629285,1
880,21.29,24.2,419.0,689.333333333333,0.0037846655868724,1
881,21.29,24.2,433.0,692.75,0.0037846655868724,1
882,21.34,24.15,433.0,695.5,0.0037884665010815,1
883,21.3233333333333,24.1,433.0,693.333333333333,0.0037766905264209,1
884,21.29,24.1,433.0,694.25,0.0037689317096092,1
885,21.34,24.2225,433.0,703.0,0.0037999092253767,1
886,21.29,24.29,433.0,704.5,0.0037988267529026,1
887,21.34,24.29,433.0,709.0,0.0038105631724511,1
888,21.34,24.29,433.0,721.5,0.0038105631724511,1
889,21.3233333333333,24.29,426.666666666667,727.0,0.0038066474867695,1
890,21.3566666666667,24.29,436.333333333333,733.0,0.0038144824076594,1
891,21.365,24.29,429.0,736.25,0.0038164433572026,1
892,21.39,24.29,429.0,742.0,0.0038223315377503,1
893,21.3566666666667,24.29,429.0,742.666666666667,0.0038144824076594,1
894,21.3233333333333,24.29,434.0,737.0,0.0038066474867695,1
895,21.39,24.2675,444.0,739.25,0.0038187691469837,1
896,21.3233333333333,24.29,444.0,752.0,0.0038066474867695,1
897,21.39,24.29,444.0,753.75,0.0038223315377503,1
898,21.365,24.2225,441.75,746.25,0.0038057728697498,1
899,21.39,24.26,446.0,754.666666666667,0.0038175816924074,1
900,21.39,24.26,439.0,755.333333333333,0.0038175816924074,1
901,21.39,24.29,446.5,758.25,0.0038223315377503,1
902,21.39,24.29,446.0,766.6,0.0038223315377503,1
903,21.39,24.29,451.5,781.0,0.0038223315377503,1
904,21.4175,24.315,455.25,785.5,0.003832782800254,1
905,21.39,24.29,447.333333333333,789.666666666667,0.0038223315377503,1
906,21.445,24.34,444.0,787.5,0.0038432573484825,1
907,21.4633333333333,24.3566666666667,455.666666666667,787.666666666667,0.0038502533387705,1
908,21.5,24.39,454.0,782.5,0.0038642764773461,1
909,21.5,24.39,457.333333333333,782.333333333333,0.0038642764773461,1
910,21.5,24.39,454.0,786.0,0.0038642764773461,1
911,21.5,24.3566666666667,465.666666666667,786.666666666667,0.003858962481294,1
912,21.5,24.365,465.5,785.25,0.0038602909718471,1
913,21.5,24.29,469.666666666667,788.0,0.0038483347599009,1
914,21.525,24.5425,478.5,791.25,0.0038945831111962,1
915,21.55,24.5175,471.25,808.75,0.0038965870164849,1
916,21.6,24.39,473.0,812.0,0.0038881500281091,1
917,21.6,24.55,484.5,811.0,0.0039138170422939,1
918,21.7,24.7,482.5,817.75,0.0039621941875918,1
919,21.7,24.6966666666667,487.5,833.25,0.0039616560728439,1
920,21.7675,24.865,490.0,847.75,0.0040054291415228,1
921,21.79,24.89,492.0,854.0,0.0040150338084687,1
922,21.815,24.9175,497.25,863.5,0.0040256817570665,1
923,21.84,25.0225,495.5,869.75,0.0040489738984261,1
924,21.89,25.15,495.5,880.0,0.0040822657892821,1
925,21.89,25.2,497.0,895.75,0.0040904349977093,1
926,21.89,25.2,497.0,895.5,0.0040904349977093,1
927,21.89,25.2925,495.5,910.75,0.0041055485953246,1
928,21.9175,25.39,494.0,919.25,0.0041284502987186,1
929,21.9633333333333,25.3933333333333,498.666666666667,925.333333333333,0.0041406378209008,1
930,22.0,25.4725,504.25,933.75,0.0041629967953386,1
931,22.0,25.5,506.0,936.0,0.0041675212615806,1
932,22.0,25.519,505.75,939.375,0.0041706472946323,1
933,22.0,25.538,505.5,942.75,0.0041737733588966,1
934,22.025,25.5975,518.5,948.25,0.0041899899919435,1
935,22.05,25.7475,508.5,961.5,0.0042211833266546,1
936,22.0666666666667,25.7933333333333,503.666666666667,969.333333333333,0.004233077134502,1
937,22.0666666666667,25.8933333333333,496.333333333333,973.666666666667,0.0042496007769526,1
938,22.1,25.9266666666667,503.0,986.333333333333,0.0042638231166034,1
939,22.1,25.945,506.0,994.5,0.0042668588454388,1
940,22.1,26.075,489.5,1003.25,0.0042883857669082,1
941,22.1,25.83,478.0,1006.66666666667,0.0042478170330644,1
942,22.1,25.8233333333333,478.0,1009.0,0.0042467131953925,1
943,22.1,25.8,483.25,998.75,0.0042428497941846,1
944,22.1,25.8225,484.0,998.0,0.0042465752159571,1
945,22.1,26.05,476.0,1008.0,0.0042842458593851,1
946,22.1,26.1,486.5,1021.0,0.0042925257291634,1
947,22.1,26.0725,476.25,1029.5,0.0042879717736929,1
948,22.1,25.745,469.0,1025.0,0.0042337433942238,1
949,22.1,25.7933333333333,459.0,1015.0,0.0042417459740233,1
950,22.1,25.945,459.0,1011.0,0.0042668588454388,1
951,22.1,26.03,459.0,1011.66666666667,0.004280933972773,1
952,22.125,26.025,460.25,1025.0,0.0042866771973667,1
953,22.1,26.1,446.5,1026.75,0.0042925257291634,1
954,22.1,26.1,466.5,1035.0,0.0042925257291634,1
955,22.1,26.175,450.25,1032.0,0.0043049459443331,1
956,22.1,26.2,439.0,1025.66666666667,0.0043090861255279,1
957,22.1,26.1975,450.25,1026.5,0.0043086721049453,1
958,22.1,26.2,454.0,1024.0,0.0043090861255279,1
959,22.075,26.2,450.25,1023.5,0.0043024790805094,1
960,22.075,26.2225,454.0,1026.5,0.004306199537772,1
961,22.1,26.29,454.0,1031.33333333333,0.0043239912310643,1
962,22.1,26.29,454.0,1027.0,0.0043239912310643,1
963,22.1,26.29,457.75,1031.0,0.0043239912310643,1
964,22.1,26.3566666666667,462.333333333333,1033.0,0.004335032507373,1
965,22.1,26.315,454.0,1037.0,0.004328131664061,1
966,22.1,26.39,456.5,1038.0,0.0043405532915111,1
967,22.1,26.39,454.0,1034.5,0.0043405532915111,1
968,22.1,26.39,461.5,1038.5,0.0043405532915111,1
969,22.1,26.39,444.0,1037.0,0.0043405532915111,1
970,22.1,26.5225,449.5,1037.5,0.0043624993708261,1
971,22.125,26.4425,449.5,1032.75,0.0043559268068973,1
972,22.1,26.47,449.5,1031.5,0.0043538035705374,1
973,22.1,26.445,460.0,1039.25,0.0043496627981191,1
974,22.1,26.5,453.0,1038.0,0.0043587725697085,1
975,22.1,26.445,449.5,1040.25,0.0043496627981191,1
976,22.1,26.5,449.5,1036.75,0.0043587725697085,1
977,22.1,26.55,460.0,1045.5,0.0043670544101967,1
978,22.1,26.5,453.0,1038.0,0.0043587725697085,1
979,22.1,26.5,454.75,1041.75,0.0043587725697085,1
980,22.1,26.6,449.5,1047.5,0.0043753364696961,1
981,22.1,26.6,449.5,1045.5,0.0043753364696961,1
982,22.1,26.575,449.5,1041.5,0.0043711954125694,1
983,22.15,26.6,449.5,1043.0,0.0043887824058566,1
984,22.1,26.7,455.5,1049.0,0.0043919012457631,1
985,22.1,26.6666666666667,454.0,1048.0,0.0043863795563943,1
986,22.1,26.675,454.0,1047.0,0.0043877599696101,1
987,22.1,26.625,469.0,1047.4,0.0043794775815777,1
988,22.1,26.65,469.0,1050.0,0.0043836187482153,1
989,22.1,26.625,464.0,1047.75,0.0043794775815777,1
990,22.1,26.65,469.0,1047.0,0.0043836187482153,1
991,22.1,26.64,469.0,1048.25,0.0043819622749894,1
992,22.1,26.6333333333333,459.0,1044.0,0.0043808579643728,0
993,22.1,26.6,459.0,1036.5,0.0043753364696961,0
994,22.05,26.575,469.0,1039.0,0.0043577985995709,0
995,22.05,26.55,469.0,1039.0,0.0043536703767295,0
996,22.025,26.4425,469.0,1034.25,0.0043292686151793,1
997,22.05,26.34,469.0,1024.5,0.004318995453122,1
998,22.0,26.29,469.0,1024.75,0.0042975247618587,1
999,22.0,26.29,469.0,1024.0,0.0042975247618587,1
1000,22.0,26.23,469.0,1021.66666666667,0.0042876491840636,1
1001,22.0666666666667,26.26,464.0,1016.0,0.0043101949269172,1
1002,22.05,26.245,454.0,1009.0,0.0043033104393608,1
1003,22.075,26.2925,454.0,1006.25,0.0043177745763776,1
1004,22.1,26.29,454.0,1007.5,0.0043239912310643,1
1005,22.1,26.245,461.5,1008.0,0.004316538589618,1
1006,22.1,26.245,461.5,1002.5,0.004316538589618,1
1007,22.1,26.245,464.0,999.0,0.004316538589618,1
1008,22.1,26.245,459.0,1006.0,0.004316538589618,1
1009,22.1,26.2,469.0,1003.0,0.0043090861255279,1
1010,22.08,26.216,461.5,1006.5,0.0043064462460571,1
1011,22.1,26.2,454.0,1014.0,0.0043090861255279,1
1012,22.0,26.1,454.0,1009.0,0.0042662531672165,1
1013,22.08,26.18,454.0,1009.6,0.0043004917162854,1
1014,22.025,26.125,454.0,1010.5,0.0042769288490021,1
1015,22.0,26.175,454.0,1012.5,0.0042785968446722,1
1016,22.0333333333333,26.23,454.0,1013.66666666667,0.0042964350478308,1
1017,22.075,26.2675,454.0,1023.25,0.0043136405849037,1
1018,22.0,26.2,439.0,1025.0,0.0042827115119551,1
1019,22.075,26.29,444.25,1022.0,0.0043173611747744,1
1020,22.0666666666667,26.3566666666667,453.0,1024.0,0.0043261717014972,1
1021,22.05,26.34,450.25,1030.5,0.004318995453122,1
1022,22.0666666666667,26.3566666666667,454.0,1032.0,0.0043261717014972,1
1023,22.075,26.3425,454.0,1033.0,0.0043260427230462,1
1024,22.025,26.34,469.0,1031.0,0.0043123705690857,1
1025,22.025,26.315,463.0,1039.0,0.0043082492327439,1
1026,22.0333333333333,26.39,471.0,1044.33333333333,0.0043228249510135,1
1027,22.075,26.365,464.0,1039.5,0.0043297634602676,1
1028,22.075,26.365,464.0,1044.0,0.0043297634602676,1
1029,22.0666666666667,26.4266666666667,464.0,1044.66666666667,0.0043377415988366,1
1030,22.0666666666667,26.4633333333333,474.0,1051.0,0.0043438021918476,1
1031,22.1,26.5,479.0,1047.0,0.0043587725697085,1
1032,22.1,26.5,465.25,1054.0,0.0043587725697085,1
1033,22.1,26.5,469.0,1063.75,0.0043587725697085,1
1034,22.1,26.5,464.0,1063.5,0.0043587725697085,1
1035,22.1,26.525,466.75,1061.25,0.0043629134625768,1
1036,22.1,26.6,465.666666666667,1065.66666666667,0.0043753364696961,1
1037,22.1,26.6,464.0,1073.25,0.0043753364696961,1
1038,22.1,26.6,459.0,1083.66666666667,0.0043753364696961,1
1039,22.1,26.6,454.0,1082.0,0.0043753364696961,1
1040,22.1333333333333,26.6,454.0,1077.0,0.0043842963837451,1
1041,22.1,26.6,454.0,1077.33333333333,0.0043753364696961,1
1042,22.175,26.6,454.0,1079.5,0.004395519029249,1
1043,22.175,26.6,450.25,1077.75,0.004395519029249,1
1044,22.175,26.6,442.75,1067.75,0.004395519029249,1
1045,22.175,26.6,439.0,1070.25,0.004395519029249,1
1046,22.2,26.6,439.0,1070.33333333333,0.0044022647703782,1
1047,22.2,26.6,449.5,1075.5,0.0044022647703782,1
1048,22.2,26.6,454.75,1076.5,0.0044022647703782,1
1049,22.2,26.6,448.0,1068.0,0.0044022647703782,1
1050,22.2,26.6,444.0,1071.5,0.0044022647703782,1
1051,22.15,26.6,444.0,1075.75,0.0043887824058566,1
1052,22.15,26.6,444.0,1073.25,0.0043887824058566,1
1053,22.2,26.6,454.666666666667,1069.0,0.0044022647703782,1
1054,22.175,26.675,460.0,1062.5,0.004408000239593,1
1055,22.2,26.7,460.0,1066.25,0.0044189322146931,1
1056,22.2,26.7633333333333,449.333333333333,1060.0,0.0044294887215336,1
1057,22.1666666666667,26.8566666666667,444.0,1077.0,0.0044359660260218,1
1058,22.2,26.79,444.0,1091.75,0.004433933672964,1
1059,22.2,26.8566666666667,444.0,1097.33333333333,0.0044450463275202,1
1060,22.175,26.9175,440.25,1096.75,0.0044483595573221,1
1061,22.2,26.9175,444.0,1104.0,0.004455186968837,1
1062,22.2,26.89,454.666666666667,1105.0,0.0044506028026497,1
1063,22.2,26.9725,449.5,1104.75,0.0044643555024873,1
1064,22.2,27.0,454.0,1108.66666666667,0.0044689398699533,1
1065,22.2,27.0,454.0,1116.25,0.0044689398699533,1
1066,22.2,27.0,454.0,1120.66666666667,0.0044689398699533,1
1067,22.2,27.025,457.75,1127.25,0.0044731075349642,1
1068,22.2,27.0,454.0,1134.25,0.0044689398699533,1
1069,22.2,27.0,454.0,1131.25,0.0044689398699533,1
1070,22.2,27.05,454.0,1131.0,0.0044772752554273,1
1071,22.2,27.0,454.0,1129.75,0.0044689398699533,1
1072,22.2,27.0666666666667,454.0,1137.33333333333,0.0044800537665434,1
1073,22.2,27.0,449.5,1136.5,0.0044689398699533,1
1074,22.2,27.075,460.0,1129.0,0.0044814430313437,1
1075,22.2,27.1,444.0,1126.5,0.0044856108627146,1
1076,22.2,27.075,444.0,1133.25,0.0044814430313437,1
1077,22.2,27.0666666666667,444.0,1139.0,0.0044800537665434,1
1078,22.2,27.1,444.0,1137.0,0.0044856108627146,1
1079,22.175,27.1,444.0,1136.75,0.0044787364943652,1
1080,22.2,27.1,444.0,1131.25,0.0044856108627146,1
1081,22.2,27.0333333333333,444.0,1132.33333333333,0.0044744967689571,1
1082,22.2,27.0,444.0,1127.5,0.0044689398699533,1
1083,22.2,27.025,444.0,1114.5,0.0044731075349642,1
1084,22.2,27.1,460.0,1121.25,0.0044856108627146,1
1085,22.2,27.1,460.0,1124.0,0.0044856108627146,1
1086,22.175,27.175,454.75,1127.25,0.0044912210212528,1
1087,22.175,27.125,460.0,1136.0,0.0044828979480412,1
1088,22.175,27.125,458.5,1127.75,0.0044828979480412,1
1089,22.2,27.1,461.5,1122.5,0.0044856108627146,1
1090,22.2,27.1,464.0,1118.0,0.0044856108627146,1
1091,22.2,27.1,465.666666666667,1110.0,0.0044856108627146,1
1092,22.2,27.075,481.5,1115.0,0.0044814430313437,1
1093,22.2,27.1,474.0,1119.75,0.0044856108627146,1
1094,22.2,27.0,486.5,1114.0,0.0044689398699533,1
1095,22.175,27.0,471.5,1104.75,0.004462091232501,1
1096,22.2,27.0666666666667,474.0,1099.33333333333,0.0044800537665434,1
1097,22.2,27.0,481.5,1097.75,0.0044689398699533,1
1098,22.2,26.945,489.0,1093.5,0.0044597712021157,1
1099,22.2,27.0,504.0,1088.0,0.0044689398699533,1
1100,22.2,27.0,502.333333333333,1083.66666666667,0.0044689398699533,1
1101,22.2,27.0,524.0,1085.5,0.0044689398699533,1
1102,22.2,26.9633333333333,550.0,1086.5,0.0044628273949086,1
1103,22.2,26.84,554.2,1081.8,0.0044422681269188,1
1104,22.26,26.8566666666667,562.333333333333,1081.0,0.0044614321892508,1
1105,22.29,26.865,568.5,1063.25,0.0044710419318087,1
1106,22.315,26.865,606.5,1063.0,0.0044778983479623,1
1107,22.39,26.79,696.5,1078.0,0.0044858740057066,1
1108,22.39,26.9725,657.25,1086.0,0.0045166547744691,1
1109,22.4266666666667,27.0,744.0,1098.33333333333,0.0045314585515658,1
1110,22.4725,26.89,708.75,1099.0,0.004525545460911,1
1111,22.5333333333333,26.8233333333333,607.0,1092.33333333333,0.0045310831573611,1
1112,22.575,26.84,660.0,1093.5,0.0045454918772573,1
1113,22.6,26.79,688.5,1100.5,0.0045439053923442,1
1114,22.6,26.815,558.0,1102.0,0.0045481766981037,1
1115,22.6,26.8566666666667,661.333333333333,1105.0,0.0045552956704535,1
1116,22.675,26.89,665.5,1111.25,0.0045819554386193,1
1117,22.6666666666667,26.9633333333333,647.666666666667,1108.33333333333,0.0045922034336642,1
1118,22.7,27.075,638.0,1124.25,0.0046207685145978,1
1119,22.7225,26.7475,558.0,1125.25,0.0045707458409672,1
1120,22.7,26.89,534.0,1106.0,0.004588962457728,1
1121,22.7,26.89,520.0,1110.33333333333,0.004588962457728,1
1122,22.7,26.9175,513.5,1117.5,0.0045936901807913,1
1123,22.7,26.89,531.25,1120.0,0.004588962457728,0
1124,22.7,26.89,539.0,1113.66666666667,0.004588962457728,0
1125,22.7,26.89,545.75,1104.75,0.004588962457728,0
1126,22.675,26.865,604.75,1103.25,0.0045776641809527,0
1127,22.7,26.815,597.25,1102.75,0.0045760690301562,0
1128,22.7,26.7,528.0,1090.0,0.0045563001384298,0
1129,22.7,26.7,521.0,1086.25,0.0045563001384298,0
1130,22.7,26.6666666666667,535.666666666667,1083.66666666667,0.0045505702580753,0
1131,22.675,26.575,533.25,1078.5,0.0045278898872397,0
1132,22.65,26.55,523.75,1064.75,0.0045166915529542,0
1133,22.6666666666667,26.5666666666667,524.0,1053.0,0.004524154601021,0
1134,22.65,26.55,521.0,1051.0,0.0045166915529542,1
1135,22.625,26.4975,536.25,1041.0,0.0045008108414656,1
1136,22.6,26.39,548.333333333333,1039.0,0.0044755724195215,1
1137,22.625,26.4975,565.75,1037.5,0.0045008108414656,1
1138,22.625,26.525,584.5,1043.0,0.0045055157704014,1
1139,22.6,26.5,535.0,1046.33333333333,0.0044943625011366,1
1140,22.6,26.5,546.333333333333,1045.33333333333,0.0044943625011366,1
1141,22.6,26.5,630.5,1035.75,0.0044943625011366,1
1142,22.6333333333333,26.46,570.666666666667,1029.66666666667,0.0044966857103663,1
1143,22.65,26.495,630.0,1034.0,0.0045072671396059,1
1144,22.675,26.525,732.75,1038.5,0.004519308911711,1
1145,22.7225,26.4725,686.25,1027.0,0.0045234107202283,1
1146,22.76,26.39,635.5,1022.0,0.0045195537537293,0
1147,22.8566666666667,26.3233333333333,676.0,1024.75,0.0045347414356944,0
1148,22.89,26.245,567.25,1020.0,0.0045303558478552,0
1149,22.89,26.2,582.5,1015.5,0.0045225315646409,0
1150,22.89,26.1,618.75,1007.0,0.0045051449682544,0
1151,22.89,26.175,579.25,997.5,0.0045181848250746,0
1152,22.89,26.1333333333333,590.333333333333,1002.0,0.0045109403931612,0
1153,22.89,26.1,584.5,1000.0,0.0045051449682544,0
1154,22.89,26.0,564.0,997.75,0.0044877593368303,0
1155,22.89,25.945,534.0,987.0,0.0044781976508332,1
1156,22.84,25.9175,496.5,983.0,0.0044597872717401,1
1157,22.8233333333333,25.8566666666667,340.666666666667,983.0,0.0044447201434211,1
1158,22.79,25.865,38.75,979.0,0.004437123531783,0
1159,22.79,25.8233333333333,31.0,977.0,0.0044299247351206,0
1160,22.79,25.9725,26.75,961.5,0.0044556971912944,0
1161,22.745,26.0,22.0,963.25,0.0044482068960374,0
1162,22.7,26.0,13.0,974.0,0.0044359946549457,0
1163,22.7,26.075,31.0,965.25,0.0044488823183155,0
1164,22.6666666666667,26.0666666666667,32.6666666666667,962.333333333333,0.0044383998161328,0
1165,22.6,26.05,33.5,957.0,0.0044175011107846,0
1166,22.6,26.1,28.0,949.5,0.004426040333924,0
1167,22.5666666666667,26.1,31.0,950.333333333333,0.0044170267984952,0
1168,22.525,26.1,33.5,949.5,0.0044057826415875,0
1169,22.5,26.1,31.0,948.75,0.00439904826854,0
1170,22.5,26.1,31.0,944.0,0.00439904826854,0
1171,22.4175,26.05,33.5,934.5,0.0043684454537799,0
1172,22.39,26.1,33.5,931.75,0.0043695247301947,0
1173,22.39,26.1,28.6666666666667,928.666666666667,0.0043695247301947,0
1174,22.39,26.1,46.0,930.5,0.0043695247301947,0
1175,22.39,26.1,53.0,923.25,0.0043695247301947,0
1176,22.39,26.1,71.5,921.0,0.0043695247301947,0
1177,22.34,26.1,103.0,916.5,0.0043561627953328,0
1178,22.3233333333333,26.1,91.6666666666667,912.333333333333,0.0043517168304563,0
1179,22.29,26.1,90.0,902.25,0.0043428369021397,0
1180,22.29,26.1,81.6666666666667,903.0,0.0043428369021397,0
1181,22.29,26.1,112.75,898.5,0.0043428369021397,0
1182,22.29,26.1666666666667,334.333333333333,900.333333333333,0.0043540073665379,1
1183,22.29,26.15,472.25,893.75,0.004351214713085,1
1184,22.29,26.1,503.5,892.5,0.0043428369021397,0
1185,22.2675,26.1725,567.5,883.5,0.0043489830279959,0
1186,22.29,26.29,569.25,879.25,0.0043746737760904,0
1187,22.29,26.26,490.666666666667,887.333333333333,0.0043696466860873,0
1188,22.29,26.2,487.333333333333,890.0,0.0043595927481524,0
1189,22.29,26.2,500.0,891.25,0.0043595927481524,0
1190,22.29,26.2,524.0,891.0,0.0043595927481524,0
1191,22.29,26.175,545.333333333333,881.0,0.0043554037026029,0
1192,22.315,26.1,520.6,866.25,0.004349495348781,0
1193,22.29,26.1,509.0,864.666666666667,0.0043428369021397,0
1194,22.34,26.1,476.5,870.0,0.0043561627953328,0
1195,22.315,26.1,471.5,862.0,0.004349495348781,0
1196,22.29,26.1,464.0,857.5,0.0043428369021397,0
1197,22.29,26.1,464.0,851.333333333333,0.0043428369021397,0
1198,22.29,26.1,459.0,846.75,0.0043428369021397,0
1199,22.29,26.1,459.0,844.666666666667,0.0043428369021397,0
1200,22.29,26.1,454.75,843.0,0.0043428369021397,0
1201,22.29,26.1,444.0,840.5,0.0043428369021397,0
1202,22.29,26.025,456.0,831.25,0.0043302706059312,0
1203,22.29,26.0,461.0,829.0,0.0043260819525797,0
1204,22.29,26.0,461.5,825.5,0.0043260819525797,0
1205,22.29,26.0,464.0,813.666666666667,0.0043260819525797,0
1206,22.29,26.0,476.5,819.0,0.0043260819525797,0
1207,22.29,26.0,489.0,819.5,0.0043260819525797,0
1208,22.29,25.945,489.0,810.0,0.0043168671124085,0
1209,22.29,25.945,484.0,809.5,0.0043168671124085,1
1210,22.29,25.9633333333333,454.0,801.0,0.0043199386956713,1
1211,22.2675,25.89,451.0,795.0,0.0043017164486566,0
1212,22.2675,25.89,449.5,785.0,0.0043017164486566,0
1213,22.2675,25.9175,449.5,795.0,0.0043063173066735,0
1214,22.29,25.9266666666667,453.0,795.25,0.0043137955592728,0
1215,22.245,25.89,451.75,797.5,0.0042957875674654,0
1216,22.29,25.89,459.0,797.0,0.0043076525433806,0
1217,22.2675,25.89,459.0,795.5,0.0043017164486566,0
1218,22.2675,25.865,464.0,784.5,0.0042975339091166,0
1219,22.29,25.89,454.0,775.5,0.0043076525433806,0
1220,22.23,25.8233333333333,454.0,777.333333333333,0.0042807114540788,0
1221,22.2225,25.8925,448.0,775.5,0.0042902829891377,0
1222,22.2,25.96,453.0,780.0,0.0042956141263568,1
1223,22.2225,25.99,444.0,781.5,0.0043065502016129,1
1224,22.2,26.1225,444.0,776.75,0.0043226899514342,1
1225,22.2,26.05,444.0,782.0,0.0043106096787041,1
1226,22.2,26.213,441.9,788.6,0.0043377701182251,1
1227,22.2,26.376,439.8,795.2,0.0043649329135149,1
1228,22.2,26.6,442.5,818.5,0.0044022647703782,1
1229,22.2,26.6666666666667,447.0,828.333333333333,0.0044133763013688,1
1230,22.2,26.745,443.5,837.0,0.004426432854016,1
1231,22.2,26.8233333333333,441.0,832.666666666667,0.0044394899509592,1
1232,22.2,26.945,438.0,847.5,0.0044597712021157,1
1233,22.2,27.0,438.0,849.0,0.0044689398699533,1
1234,22.2,26.9175,438.0,850.0,0.004455186968837,1
1235,22.2,26.9175,447.0,842.5,0.004455186968837,1
1236,22.2,27.1,441.0,839.0,0.0044856108627146,1
1237,22.245,27.125,438.0,847.75,0.0045021876711288,1
1238,22.2,27.1966666666667,441.0,860.0,0.0045017269991336,1
1239,22.2,27.4175,438.0,885.75,0.0045385471458551,1
1240,22.2,27.5,429.0,910.0,0.004552303707355,1
1241,22.2675,27.4225,429.0,917.25,0.004558212837524,1
1242,22.2,26.8975,438.0,919.75,0.0044518530231381,1
1243,22.23,27.73,441.0,932.0,0.0045991149445365,1
1244,22.2,27.745,438.0,942.0,0.0045931600873368,1
1245,22.2675,28.025,429.0,959.75,0.0046591115396659,1
1246,22.2,28.0,444.0,966.5,0.0046356897340588,1
1247,22.2,28.1,451.0,970.666666666667,0.0046523696028955,1
1248,22.245,28.2225,454.0,988.75,0.0046857222045098,1
1249,22.2225,28.2225,465.25,996.75,0.0046792589945738,1
1250,22.2225,28.3675,474.5,1012.0,0.0047034816263411,1
1251,22.29,28.39,479.0,1021.0,0.0047267707096287,1
1252,22.245,28.245,525.5,1019.5,0.0046894859963634,1
1253,22.29,28.39,515.0,1020.0,0.0047267707096287,1
1254,22.29,28.5,494.0,1037.0,0.0047452247929585,1
1255,22.29,28.4266666666667,487.333333333333,1047.0,0.0047329219499891,1
1256,22.315,28.39,474.5,1051.0,0.0047340222535066,1
1257,22.3233333333333,28.39,486.0,1052.33333333333,0.004736441615394,1
1258,22.29,28.3566666666667,502.333333333333,1048.33333333333,0.0047211787777162,1
1259,22.29,28.34,540.5,1050.5,0.0047183828491801,1
1260,22.34,28.39,504.0,1052.25,0.0047412836126146,1
1261,22.39,28.2,489.0,1053.0,0.004723765683591,1
1262,22.39,28.2,490.25,1051.0,0.004723765683591,1
1263,22.39,28.2933333333333,536.333333333333,1049.66666666667,0.0047395190259152,1
1264,22.39,28.39,532.0,1054.0,0.0047558358225136,1
1265,22.39,28.2925,543.0,1067.75,0.0047393783675691,1
1266,22.4266666666667,28.2,543.0,1066.33333333333,0.0047343896633629,1
1267,22.445,28.245,543.0,1066.5,0.0047473306477822,1
1268,22.5,28.365,533.25,1081.0,0.0047837408078017,1
1269,22.4633333333333,28.3266666666667,527.0,1081.33333333333,0.0047665114443414,1
1270,22.5,28.3175,534.0,1084.5,0.0047756684536613,1
1271,22.55,28.3175,530.0,1082.5,0.0047903090040007,1
1272,22.5,28.34,524.0,1087.5,0.0047794921744402,1
1273,22.525,28.39,526.25,1094.0,0.0047953238486071,1
1274,22.5,28.39,522.0,1103.33333333333,0.0047879894987624,1
1275,22.5,28.0333333333333,517.0,1099.33333333333,0.0047273802915384,1
1276,22.525,28.025,513.5,1085.0,0.0047332029495139,1
1277,22.575,28.22,524.0,1086.25,0.0047809983771891,1
1278,22.6,28.2,513.5,1103.0,0.0047848980542252,1
1279,22.6,28.245,513.5,1106.75,0.0047925923621943,1
1280,22.5,28.29,513.5,1104.0,0.0047709950805103,1
1281,22.6,28.315,518.0,1102.25,0.004804561661193,1
1282,22.55,28.2675,520.75,1097.5,0.0047817857661749,1
1283,22.6,28.29,525.0,1100.0,0.0048002868590739,1
1284,22.6,28.245,524.833333333333,1101.0,0.0047925923621943,1
1285,22.6,28.2,524.666666666667,1102.0,0.0047848980542252,1
1286,22.6,28.39,489.0,1102.5,0.0048173864174095,1
1287,22.6,28.39,474.0,1114.0,0.0048173864174095,1
1288,22.6,28.34,474.0,1112.0,0.0048088365216212,1
1289,22.6,28.1725,472.75,1113.5,0.0047801960701275,1
1290,22.6,28.1475,471.5,1105.25,0.004775921600347,1
1291,22.6,28.23,464.0,1104.33333333333,0.0047900275718815,1
1292,22.6,28.1333333333333,469.0,1107.33333333333,0.004773499426684,1
1293,22.575,28.0,465.25,1108.25,0.0047434420009328,1
1294,22.6,28.0,454.0,1101.66666666667,0.00475070341532,1
1295,22.55,27.82,450.25,1097.0,0.0047055131076467,1
1296,22.525,27.815,449.5,1092.25,0.0046974677381542,1
1297,22.5,27.815,454.75,1102.75,0.0046902841771975,1
1298,22.5,27.745,449.5,1097.0,0.0046783916961497,1
1299,22.525,27.7,454.75,1086.33333333333,0.004677900182531,1
1300,22.55,27.7,454.75,1092.0,0.0046850632604697,1
1301,22.5,27.6,460.0,1085.0,0.0046537587068936,1
1302,22.5,27.7,460.0,1084.0,0.0046707467681041,1
1303,22.5,27.6,436.5,1076.25,0.0046537587068936,1
1304,22.5,27.33,460.0,1060.66666666667,0.0046078955418804,1
1305,22.55,27.445,449.5,1051.5,0.0046416117661544,1
1306,22.5,27.4725,460.75,1062.0,0.004632100264599,1
1307,22.5,27.39,461.0,1068.33333333333,0.0046180867761641,1
1308,22.5,27.34,454.0,1074.0,0.0046095940579069,1
1309,22.5,27.29,469.0,1072.0,0.0046011015698546,1
1310,22.5,27.315,469.0,1068.0,0.0046053477851057,1
1311,22.5,27.29,479.666666666667,1072.0,0.0046011015698546,1
1312,22.5,27.2225,476.75,1072.75,0.00458963707613,1
1313,22.5,27.2225,476.5,1074.0,0.00458963707613,1
1314,22.5,27.2,474.0,1069.0,0.004585815671447,1
1315,22.5,27.15,481.5,1068.25,0.0045773238279187,1
1316,22.5,27.2225,474.0,1079.75,0.00458963707613,1
1317,22.4725,27.1975,479.0,1085.0,0.0045776781088296,1
1318,22.5,27.1666666666667,469.0,1066.0,0.0045801544168533,1
1319,22.5,27.125,474.0,1063.5,0.0045730779924686,1
1320,22.5,27.15,469.0,1065.5,0.0045773238279187,1
1321,22.5,27.125,474.0,1071.25,0.0045730779924686,1
1322,22.5,27.0666666666667,479.0,1068.0,0.0045631712668544,1
1323,22.5,27.1,478.5,1064.75,0.0045688322145598,1
1324,22.5,27.1,478.5,1070.75,0.0045688322145598,1
1325,22.5,27.1,477.0,1072.33333333333,0.0045688322145598,1
1326,22.5,27.025,470.25,1079.25,0.0045560952260684,1
1327,22.5,27.0,469.0,1063.5,0.0045518496783126,1
1328,22.5,27.0,460.666666666667,1074.33333333333,0.0045518496783126,1
1329,22.5,26.9725,465.25,1068.75,0.0045471796422343,1
1330,22.5,26.7333333333333,452.333333333333,1064.0,0.0045065674153242,1
1331,22.5,26.925,446.5,1048.5,0.0045391133802521,1
1332,22.5,26.9725,449.5,1054.5,0.0045471796422343,1
1333,22.5,27.05,460.0,1055.5,0.0045603408313608,1
1334,22.445,26.9,456.0,1064.0,0.004519624644451,1
1335,22.4175,26.82,456.0,1063.25,0.0044985042016559,1
1336,22.39,26.6966666666667,444.0,1078.0,0.0044701334115752,1
1337,22.39,26.9633333333333,444.0,1067.33333333333,0.0045151086363119,1
1338,22.39,27.0225,454.75,1074.75,0.0045250883896637,1
1339,22.39,26.8233333333333,453.0,1077.33333333333,0.0044914958381639,1
1340,22.39,26.84,449.5,1072.75,0.0044943067922288,1
1341,22.39,26.745,449.5,1074.25,0.0044782846919323,1
1342,22.39,26.79,456.0,1074.0,0.0044858740057066,1
1343,22.3566666666667,26.73,449.333333333333,1068.33333333333,0.0044666247868221,1
1344,22.39,26.5725,444.0,1062.75,0.0044491940257869,1
1345,22.39,26.675,444.0,1056.5,0.0044664794582018,1
1346,22.39,26.695,444.0,1054.0,0.0044698523367255,1
1347,22.39,26.745,444.0,1068.0,0.0044782846919323,1
1348,22.39,26.79,444.0,1074.0,0.0044858740057066,1
1349,22.4175,26.65,444.0,1078.75,0.0044697852869773,1
1350,22.4725,26.745,429.0,1077.5,0.0045009655959878,1
1351,22.445,26.695,429.0,1077.5,0.004484933055245,1
1352,22.445,26.745,429.0,1083.25,0.004493394064213,1
1353,22.4266666666667,26.6966666666667,429.0,1088.0,0.0044801828822053,1
1354,22.39,26.79,438.0,1086.0,0.0044858740057066,1
1355,22.4266666666667,26.73,441.0,1087.66666666667,0.0044858171606717,1
1356,22.39,26.5475,438.0,1075.0,0.0044449782113592,1
1357,22.39,26.4175,438.0,1067.75,0.0044230568909893,1
1358,22.39,26.5333333333333,441.0,1064.0,0.0044425892750373,1
1359,22.39,26.456,438.0,1063.25,0.004429548814429,1
1360,22.39,26.26,432.75,1065.5,0.0043965004234794,1
1361,22.39,26.4266666666667,444.0,1068.66666666667,0.0044246025748417,1
1362,22.39,26.4175,444.0,1073.25,0.0044230568909893,1
1363,22.39,26.34,444.0,1061.5,0.0044099891414568,1
1364,22.39,26.3233333333333,444.0,1060.33333333333,0.004407178943972,1
1365,22.39,26.4633333333333,444.0,1057.33333333333,0.0044307853865307,1
1366,22.39,26.015,444.0,1056.25,0.0043551948381356,1
1367,22.39,26.045,429.0,1046.0,0.0043602523722281,1
1368,22.39,26.29,435.0,1049.66666666667,0.0044015586246444,1
1369,22.39,26.2675,438.0,1052.75,0.0043977649661122,1
1370,22.39,26.29,438.0,1044.5,0.0044015586246444,1
1371,22.39,26.3233333333333,441.0,1053.66666666667,0.004407178943972,1
1372,22.3566666666667,26.3233333333333,441.0,1059.0,0.0043981896408338,1
1373,22.39,26.34,438.0,1067.25,0.0044099891414568,1
1374,22.365,26.29,438.0,1067.25,0.0043948237902307,1
1375,22.3233333333333,26.39,441.0,1065.33333333333,0.0044004113144242,1
1376,22.34,26.39,438.0,1068.75,0.0044049073782613,1
1377,22.34,26.39,447.0,1074.75,0.0044049073782613,1
1378,22.3233333333333,26.4633333333333,447.0,1076.33333333333,0.0044127260614844,1
1379,22.365,26.4725,447.0,1077.5,0.0044255488564075,1
1380,22.315,26.3425,438.0,1073.0,0.0043901925619513,1
1381,22.34,26.145,438.0,1068.0,0.004363726112663,1
1382,22.29,26.1425,438.0,1061.75,0.0043499580271556,1
1383,22.29,25.7,441.0,1045.66666666667,0.0042758224818962,1
1384,22.29,26.22,438.0,1041.5,0.0043629440249356,1
1385,22.29,26.2425,442.5,1051.0,0.0043667142541825,1
1386,22.29,26.125,438.0,1059.25,0.0043470257795977,1
1387,22.315,26.2,438.0,1065.0,0.0043662770639793,1
1388,22.29,26.175,442.5,1064.75,0.0043554037026029,1
1389,22.29,26.1,441.0,1054.66666666667,0.0043428369021397,1
1390,22.29,25.995,447.0,1042.5,0.0043252442286323,1
1391,22.2675,25.8925,438.0,1039.0,0.0043021347056831,1
1392,22.29,25.89,447.0,1036.33333333333,0.0043076525433806,1
1393,22.29,25.89,447.0,1036.5,0.0043076525433806,1
1394,22.29,25.8566666666667,433.0,1038.66666666667,0.0043020680880472,1
1395,22.245,25.7225,433.0,1030.5,0.0042678045039092,1
1396,22.23,25.6666666666667,433.0,1023.66666666667,0.0042545633156498,1
1397,22.29,25.6,433.0,1019.5,0.0042590711174276,1
1398,22.245,25.55,433.0,1010.0,0.0042389887385647,1
1399,22.2675,25.575,433.0,1002.75,0.0042490205326265,1
1400,22.29,25.5666666666667,433.0,1002.33333333333,0.0042534875284067,1
1401,22.2675,25.4975,433.0,998.75,0.0042360570235913,1
1402,22.245,25.55,433.0,1002.0,0.0042389887385647,1
1403,22.29,25.5,433.0,1002.25,0.0042423206490519,1
1404,22.29,25.5,433.0,1001.5,0.0042423206490519,1
1405,22.29,25.445,433.0,998.5,0.0042331082733789,1
1406,22.29,25.2,433.0,990.75,0.0041920746197644,1
1407,22.29,25.23,433.0,991.0,0.0041970988598599,1
1408,22.245,25.15,433.0,986.0,0.004172179775156,1
1409,22.29,25.2675,433.0,976.25,0.0042033792733576,1
1410,22.29,25.2,433.0,966.0,0.0041920746197644,1
1411,22.29,25.2,433.0,966.333333333333,0.0041920746197644,1
1412,22.29,25.15,433.0,967.5,0.004183701065432,1
1413,22.29,25.03,433.0,970.0,0.0041636054487022,1
1414,22.2225,24.865,433.0,954.75,0.0041189029585636,1
1415,22.26,24.8266666666667,433.0,951.666666666667,0.0041219736123528,1
1416,22.245,24.89,433.0,940.75,0.0041287615925156,1
1417,22.245,24.89,433.0,935.5,0.0041287615925156,1
1418,22.2225,24.84,433.0,933.25,0.0041147342969363,1
1419,22.2,24.7,433.0,937.666666666667,0.0040857517652987,1
1420,22.2,24.7,433.0,938.0,0.0040857517652987,1
1421,22.2,24.7,433.0,933.5,0.0040857517652987,1
1422,22.2,24.7,433.0,925.5,0.0040857517652987,1
1423,22.2,24.65,433.0,921.0,0.0040774267950716,1
1424,22.2,24.5666666666667,433.0,920.333333333333,0.004063552336664,1
1425,22.2,24.55,433.0,912.25,0.0040607775187751,1
1426,22.2,24.334,429.5,913.0,0.0040248181038642,1
1427,22.2,24.34,433.0,903.0,0.0040258169207214,1
1428,22.2,24.395,433.0,905.5,0.0040349728904295,1
1429,22.2,24.34,433.0,907.0,0.0040258169207214,1
1430,22.2,24.3566666666667,433.0,903.0,0.0040285914287145,1
1431,22.175,24.39,433.0,900.5,0.0040279624940251,1
1432,22.175,24.365,433.0,900.25,0.0040238070820117,1
1433,22.2,24.365,433.0,900.5,0.0040299786919333,1
1434,22.1333333333333,24.29,433.0,898.666666666667,0.0040011056802961,1
1435,22.15,24.2225,433.0,892.0,0.0039939955169937,1
1436,22.1333333333333,24.2,433.0,886.0,0.0039861856611087,1
1437,22.1,24.2675,433.0,884.25,0.0039892114565585,1
1438,22.1,24.245,433.0,887.0,0.0039854890961638,1
1439,22.1,24.29,433.0,884.0,0.0039929338612228,1
1440,22.125,24.2675,433.0,878.5,0.003995333191622,1
1441,22.1333333333333,24.26,433.0,887.0,0.0039961322615431,1
1442,22.125,24.15,433.0,882.25,0.0039758646672312,1
1443,22.1,24.0725,433.0,879.25,0.0039569524704527,1
1444,22.1,23.9966666666667,433.0,866.0,0.0039444082070706,1
1445,22.1,24.12,433.0,866.0,0.0039648101223,1
1446,22.0666666666667,23.9266666666667,433.0,863.0,0.0039247957821646,1
1447,22.025,23.945,433.0,853.25,0.0039177926909095,1
1448,22.0,23.9266666666667,433.0,858.0,0.0039087720464349,1
1449,22.0,23.89,433.0,852.5,0.0039027444239247,1
1450,22.0,23.89,433.0,850.666666666667,0.0039027444239247,1
1451,22.025,23.9175,433.0,847.0,0.0039132649342808,1
1452,22.0,23.89,433.0,840.666666666667,0.0039027444239247,1
1453,22.075,23.9725,426.0,839.0,0.0039343724797971,1
1454,22.025,24.0475,213.0,845.5,0.0039346694518265,1
1455,22.0,24.1,0.0,844.0,0.0039372678336153,0
1456,22.0,24.1,0.0,846.666666666667,0.0039372678336153,0
1457,22.0,24.1,0.0,852.0,0.0039372678336153,0
1458,21.945,23.795,0.0,851.0,0.0038740251965829,0
1459,21.89,23.8566666666667,0.0,824.666666666667,0.0038710296489065,0
1460,21.89,23.84,0.0,817.0,0.003868308463951,0
1461,21.84,23.745,0.0,813.666666666667,0.0038409808590766,0
1462,21.84,23.745,0.0,805.0,0.0038409808590766,0
1463,21.79,23.7,0.0,807.0,0.003821894069844,0
1464,21.79,23.745,0.0,800.0,0.0038291955052637,0
1465,21.79,23.7,0.0,781.0,0.003821894069844,0
1466,21.745,23.55,0.0,776.5,0.0037870655597743,0
1467,21.7,23.7,0.0,771.0,0.0038008012474032,0
1468,21.7,23.6666666666667,0.0,775.0,0.003795422916028,0
1469,21.7,23.6666666666667,0.0,771.0,0.003795422916028,0
1470,21.7,23.39,0.0,763.0,0.0037507863333197,0
1471,21.7,23.55,0.0,755.0,0.0037765994842066,0
1472,21.6,23.6,0.0,754.0,0.0037614499958414,0
1473,21.7,23.6,0.0,755.0,0.0037846665306114,0
1474,21.6,23.3933333333333,0.0,754.666666666667,0.0037283133041935,0
1475,21.6,23.55,0.0,751.5,0.0037534327324792,0
1476,21.6,23.5,0.0,748.5,0.0037454156745488,0
1477,21.55,23.5,0.0,745.5,0.0037339041128332,0
1478,21.55,23.445,0.0,749.0,0.0037251128515292,0
1479,21.5666666666667,23.5,0.0,746.666666666667,0.0037377378314401,0
1480,21.55,23.5,0.0,738.5,0.0037339041128332,0
1481,21.5,23.35,0.0,732.5,0.0036985223028247,0
1482,21.5,23.26,0.0,725.5,0.0036841823191253,0
1483,21.5,23.245,0.0,711.666666666667,0.0036817923857458,0
1484,21.5,23.23,0.0,705.666666666667,0.0036794024706239,0
1485,21.5,23.05,0.0,702.5,0.0036507249131815,0
1486,21.39,23.05,0.0,702.5,0.0036260646782363,0
1487,21.39,22.945,0.0,698.5,0.0036094509603357,0
1488,21.39,22.79,0.0,698.0,0.0035849275608027,0
1489,21.39,22.695,0.0,677.5,0.003569898040393,0
1490,21.34,22.55,0.0,672.0,0.0035360438907882,0
1491,21.29,22.6,0.0,666.5,0.0035330184567504,0
1492,21.3233333333333,22.5333333333333,0.0,664.333333333333,0.0035297862742265,0
1493,21.34,22.395,0.0,660.5,0.0035116012692595,0
1494,21.34,22.395,0.0,654.0,0.0035116012692595,0
1495,21.29,21.945,0.0,650.0,0.0034300587890053,0
1496,21.29,21.85,0.0,635.5,0.0034151285217599,0
1497,21.245,21.745,0.0,634.0,0.0033892078598485,0
1498,21.2,21.745,0.0,631.5,0.0033798112421586,0
1499,21.2,21.995,0.0,631.0,0.0034188821630154,0
1500,21.245,22.1,0.0,637.5,0.0034448451255891,0
1501,21.29,22.1,0.0,640.0,0.003454420229133,0
1502,21.29,21.8633333333333,0.0,638.666666666667,0.0034172239548619,0
1503,21.29,21.5,0.0,628.0,0.0033601284243525,0
1504,21.29,21.34,0.0,617.0,0.0033349887444552,0
1505,21.2,21.1666666666667,0.0,612.333333333333,0.0032894458844024,0
1506,21.2,21.5666666666667,0.0,609.0,0.0033519436349342,0
1507,21.2,21.6,0.0,616.0,0.0033571523447508,0
1508,21.2,21.55,0.0,614.0,0.0033493393125639,0
1509,21.2,21.445,0.0,613.5,0.0033329325804203,0
1510,21.2,21.195,0.0,611.5,0.0032938723973068,0
1511,21.2,21.2,0.0,600.0,0.0032946535531486,0
1512,21.2,21.3566666666667,0.0,599.0,0.0033191307582266,0
1513,21.2,21.0666666666667,0.0,592.666666666667,0.003273823398606,0
1514,21.2,21.23,0.0,593.0,0.0032993405291862,0
1515,21.2,21.2,0.0,586.0,0.0032946535531486,0
1516,21.2,21.2,0.0,585.0,0.0032946535531486,0
1517,21.29,21.1,0.0,592.5,0.0032972830142179,0
1518,21.29,21.1,0.0,593.0,0.0032972830142179,0
1519,21.29,20.89,0.0,583.0,0.0032642942300848,0
1520,21.29,20.65,0.0,579.333333333333,0.0032265970244217,0
1521,21.29,20.89,0.0,578.0,0.0032642942300848,0
1522,21.29,20.7475,0.0,570.5,0.0032419109659929,0
1523,21.29,20.795,0.0,571.0,0.0032493718759597,0
1524,21.29,20.65,0.0,571.0,0.0032265970244217,0
1525,21.245,20.79,0.0,563.5,0.003239584898571,0
1526,21.2,20.495,0.0,560.5,0.0031845298397022,0
1527,21.2,20.3933333333333,0.0,556.0,0.0031686523151449,0
1528,21.2,20.3225,0.0,550.25,0.003157590582084,0
1529,21.2,20.1225,0.0,544.5,0.0031263595663672,0
1530,21.2,20.2266666666667,0.0,547.666666666667,0.0031426253310012,0
1531,21.2,20.0,0.0,545.0,0.0031072321101433,0
1532,21.1,20.2,0.0,536.0,0.0031191546114142,0
1533,21.1,20.1,0.0,538.0,0.0031036362031379,0
1534,21.1,20.195,0.0,539.5,0.0031183786727011,0
1535,21.1,20.245,0.0,542.5,0.0031261381465169,0
1536,21.15,20.245,0.0,539.0,0.0031358000316814,0
1537,21.1,20.0333333333333,0.0,532.333333333333,0.0030932910256578,0
1538,21.15,20.0,0.0,534.0,0.003097662361945,0
1539,21.15,20.0,0.0,538.5,0.003097662361945,0
1540,21.2,19.9633333333333,0.0,538.0,0.0031015071127626,0
1541,21.2,19.995,0.0,539.5,0.0031064514225074,0
1542,21.2,19.895,0.0,531.0,0.0030908380792749,0
1543,21.2,20.0,0.0,526.5,0.0031072321101433,0
1544,21.2,19.9633333333333,0.0,522.0,0.0031015071127626,0
1545,21.2,19.895,0.0,526.0,0.0030908380792749,0
1546,21.2,19.945,0.0,522.666666666667,0.003098644653396,0
1547,21.2,19.84,0.0,525.333333333333,0.003082251072947,0
1548,21.2,19.79,0.0,516.333333333333,0.0030744449082821,0
1549,21.15,19.65,0.0,520.0,0.0030431880480083,0
1550,21.1,19.795,0.0,515.5,0.0030563098162136,0
1551,21.1,19.79,0.0,513.5,0.0030555340335067,0
1552,21.1,19.79,0.0,517.0,0.0030555340335067,0
1553,21.1,19.79,0.0,517.0,0.0030555340335067,0
1554,21.175,19.79,0.0,514.75,0.0030697075583406,0
1555,21.2,19.63,0.0,510.0,0.0030494664915016,0
1556,21.1,19.29,0.0,503.5,0.0029779654864419,0
1557,21.1,19.39,0.0,502.0,0.0029934776556324,0
1558,21.1,19.65,0.0,498.5,0.0030338128995229,0
1559,21.075,19.65,0.0,498.5,0.0030291348647015,0
1560,21.05,19.6,0.0,502.5,0.0030167300193799,0
1561,21.1,19.7,0.0,505.0,0.0030415702740704,0
1562,21.15,19.55,0.0,506.5,0.0030276257021306,0
1563,21.15,19.445,0.0,500.0,0.0030112860729703,0
1564,21.2,19.6,0.0,496.0,0.0030447832605991,0
1565,21.175,19.4425,0.0,499.25,0.0030155440918156,0
1566,21.1666666666667,19.4966666666667,0.0,497.666666666667,0.0030224321448124,0
1567,21.15,19.55,0.0,497.0,0.0030276257021306,0
1568,21.1,19.5,0.0,498.0,0.0030105419311563,0
1569,21.2,19.39,0.0,495.0,0.0030120026091886,0
1570,21.2,19.34,0.0,491.5,0.0030041981989707,0
1571,21.15,19.395,0.0,491.0,0.0030035055974433,0
1572,21.1666666666667,19.5,0.0,493.0,0.0030229513996111,0
1573,21.1,19.5,0.0,489.0,0.0030105419311563,0
1574,21.2,19.445,0.0,485.5,0.0030205876855489,0
1575,21.2,19.39,0.0,488.5,0.0030120026091886,0
1576,21.2,19.39,0.0,486.0,0.0030120026091886,0
1577,21.2,19.445,0.0,488.5,0.0030205876855489,0
1578,21.2,19.29,0.0,490.0,0.0029963939836547,0
1579,21.2,19.39,0.0,491.0,0.0030120026091886,0
1580,21.2,19.245,0.0,487.0,0.0029893703565056,0
1581,21.2,19.34,0.0,485.5,0.0030041981989707,0
1582,21.2,19.29,0.0,484.5,0.0029963939836547,0
1583,21.2,19.29,0.0,491.0,0.0029963939836547,0
1584,21.2,19.29,0.0,485.0,0.0029963939836547,0
1585,21.2,19.29,0.0,484.5,0.0029963939836547,0
1586,21.2,19.29,0.0,482.0,0.0029963939836547,0
1587,21.2,19.315,0.0,491.25,0.0030002960669504,0
1588,21.2,19.34,0.0,486.5,0.0030041981989707,0
1589,21.2,19.39,0.0,481.0,0.0030120026091886,0
1590,21.2,19.39,0.0,480.0,0.0030120026091886,0
1591,21.2,19.34,0.0,483.5,0.0030041981989707,0
1592,21.2,19.39,0.0,481.333333333333,0.0030120026091886,0
1593,21.2,19.39,0.0,484.333333333333,0.0030120026091886,0
1594,21.2,19.39,0.0,479.666666666667,0.0030120026091886,0
1595,21.2,19.39,0.0,479.0,0.0030120026091886,0
1596,21.2,19.39,0.0,477.5,0.0030120026091886,0
1597,21.2,19.39,0.0,483.0,0.0030120026091886,0
1598,21.15,19.39,0.0,482.0,0.0030027275605447,0
1599,21.2,19.39,0.0,483.25,0.0030120026091886,0
1600,21.2,19.39,0.0,477.0,0.0030120026091886,0
1601,21.2,19.3566666666667,0.0,479.0,0.0030067996473872,0
1602,21.2,19.39,0.0,482.5,0.0030120026091886,0
1603,21.2,19.39,0.0,474.0,0.0030120026091886,0
1604,21.2,19.39,0.0,473.0,0.0030120026091886,0
1605,21.2,19.39,0.0,472.0,0.0030120026091886,0
1606,21.2,19.39,0.0,472.5,0.0030120026091886,0
1607,21.2,19.445,0.0,475.0,0.0030205876855489,0
1608,21.2,19.39,0.0,475.0,0.0030120026091886,0
1609,21.2,19.445,0.0,477.5,0.0030205876855489,0
1610,21.15,19.5,0.0,474.0,0.003019844819792,0
1611,21.1666666666667,19.5,0.0,474.666666666667,0.0030229513996111,0
1612,21.1,19.5,0.0,470.5,0.0030105419311563,0
1613,21.1,19.5,0.0,474.333333333333,0.0030105419311563,0
1614,21.1,19.5,0.0,483.0,0.0030105419311563,0
1615,21.1,19.6,0.0,484.0,0.0030260557175262,0
1616,21.0333333333333,19.5333333333333,0.0,479.333333333333,0.0030033271527766,0
1617,21.0,19.6,0.0,479.5,0.00300742962468,0
1618,21.0,19.6,0.0,473.0,0.00300742962468,0
1619,21.0,19.6,0.0,470.0,0.00300742962468,0
1620,21.0,19.6,0.0,464.0,0.00300742962468,0
1621,21.0,19.7,0.0,463.5,0.0030228482235861,0
1622,21.0,19.7,0.0,467.5,0.0030228482235861,0
1623,21.0,19.7,0.0,476.0,0.0030228482235861,0
1624,21.0,19.76,0.0,474.0,0.0030320997480891,0
1625,21.0,19.79,0.0,471.0,0.0030367256130464,0
1626,21.0,19.79,0.0,472.0,0.0030367256130464,0
1627,21.0,19.79,0.0,472.0,0.0030367256130464,0
1628,21.0,19.79,0.0,474.25,0.0030367256130464,0
1629,20.9725,19.79,0.0,473.0,0.0030315711954832,0
1630,21.0,19.79,0.0,469.0,0.0030367256130464,0
1631,20.9633333333333,19.79,0.0,472.666666666667,0.003029854768368,0
1632,21.0,19.79,0.0,473.0,0.0030367256130464,0
1633,20.89,19.79,0.0,471.5,0.0030161541160387,0
1634,20.9633333333333,19.79,0.0,471.333333333333,0.003029854768368,0
1635,21.0,19.79,0.0,469.0,0.0030367256130464,0
1636,20.89,19.89,0.0,471.0,0.0030314691947711,0
1637,20.89,19.84,0.0,470.0,0.0030238115615878,0
1638,20.89,19.89,0.0,469.5,0.0030314691947711,0
1639,20.89,19.89,0.0,464.0,0.0030314691947711,0
1640,20.89,19.89,0.0,467.0,0.0030314691947711,0
1641,20.89,19.9266666666667,0.0,472.0,0.0030370849116947,0
1642,20.89,19.945,0.0,469.5,0.0030398928079983,0
1643,20.89,20.0,0.0,470.5,0.0030483166482805,0
1644,20.89,20.0,0.0,470.0,0.0030483166482805,0
1645,20.89,20.0,0.0,469.0,0.0030483166482805,0
1646,20.89,20.0,0.0,468.5,0.0030483166482805,0
1647,20.89,20.0,0.0,467.333333333333,0.0030483166482805,0
1648,20.89,20.0,0.0,467.0,0.0030483166482805,0
1649,20.89,20.0,0.0,464.0,0.0030483166482805,0
1650,20.89,20.0,0.0,462.0,0.0030483166482805,0
1651,20.89,20.0,0.0,466.0,0.0030483166482805,0
1652,20.89,20.0,0.0,465.5,0.0030483166482805,0
1653,20.79,20.0,0.0,464.0,0.0030295225859519,0
1654,20.89,20.0,0.0,469.666666666667,0.0030483166482805,0
1655,20.89,20.1,0.0,469.5,0.0030636333032614,0
1656,20.89,20.1,0.0,472.0,0.0030636333032614,0
1657,20.89,20.1,0.0,464.5,0.0030636333032614,0
1658,20.89,20.1,0.0,467.0,0.0030636333032614,0
1659,20.89,20.1,0.0,467.0,0.0030636333032614,0
1660,20.89,20.1,0.0,462.0,0.0030636333032614,0
1661,20.89,20.15,0.0,464.5,0.0030712919122535,0
1662,20.79,20.05,0.0,460.0,0.0030371333741858,0
1663,20.89,20.2,0.0,457.0,0.0030789507089225,0
1664,20.79,20.1,0.0,461.0,0.0030447443477704,0
1665,20.79,20.1,0.0,462.0,0.0030447443477704,0
1666,20.79,20.15,0.0,463.5,0.0030523555067124,0
1667,20.79,20.2,0.0,461.5,0.0030599668510186,0
1668,20.79,20.2,0.0,461.5,0.0030599668510186,0
1669,20.79,20.2,0.0,458.0,0.0030599668510186,0
1670,20.79,20.2,0.0,460.0,0.0030599668510186,0
1671,20.79,20.245,0.0,460.0,0.003066817219386,0
1672,20.79,20.29,0.0,460.5,0.0030736677379089,0
1673,20.745,20.29,0.0,460.0,0.0030651203870119,0
1674,20.79,20.29,0.0,457.0,0.0030736677379089,0
1675,20.745,20.34,0.0,460.5,0.0030727109790138,0
1676,20.7,20.39,0.0,461.0,0.0030717328982604,0
1677,20.745,20.39,0.0,458.5,0.0030803017553734,0
1678,20.7,20.39,0.0,461.333333333333,0.0030717328982604,0
1679,20.7,20.39,0.0,457.5,0.0030717328982604,0
1680,20.7,20.39,0.0,455.0,0.0030717328982604,0
1681,20.7,20.445,0.0,461.5,0.003080059622324,0
1682,20.7,20.445,0.0,461.0,0.003080059622324,0
1683,20.7,20.5,0.0,460.5,0.0030883865682351,0
1684,20.7,20.5,0.0,461.0,0.0030883865682351,0
1685,20.7,20.55,0.0,459.5,0.0030959567115829,0
1686,20.7,20.6,0.0,463.0,0.0031035270382897,0
1687,20.7,20.6,0.0,463.5,0.0031035270382897,0
1688,20.7,20.6,0.0,463.0,0.0031035270382897,0
1689,20.7,20.6,0.0,464.0,0.0031035270382897,0
1690,20.7,20.6,0.0,462.5,0.0031035270382897,0
1691,20.7,20.6,0.0,457.666666666667,0.0031035270382897,0
1692,20.6333333333333,20.6333333333333,0.0,460.0,0.00309576545382,0
1693,20.7,20.7,0.0,460.0,0.0031186682418066,0
1694,20.65,20.65,0.0,458.5,0.0031014789152639,0
1695,20.6,20.6,0.0,461.0,0.0030843629444744,0
1696,20.65,20.65,0.0,460.0,0.0031014789152639,0
1697,20.6,20.6,0.0,454.0,0.0030843629444744,0
1698,20.6,20.7,0.0,451.333333333333,0.00309941018839,0
1699,20.6,20.7,0.0,457.0,0.00309941018839,0
1700,20.6,20.7,0.0,454.5,0.00309941018839,0
1701,20.6,20.7,0.0,460.0,0.00309941018839,0
1702,20.6,20.745,0.0,458.5,0.0031061816845047,0
1703,20.6,20.745,0.0,453.5,0.0031061816845047,0
1704,20.6,20.79,0.0,457.0,0.0031129533273278,0
1705,20.55,20.79,0.0,450.5,0.0031033215158322,0
1706,20.6,20.79,0.0,454.5,0.0031129533273278,0
1707,20.6,20.79,0.0,463.0,0.0031129533273278,0
1708,20.6,20.79,0.0,459.0,0.0031129533273278,0
1709,20.6,20.84,0.0,452.5,0.0031204775469801,0
1710,20.6,20.89,0.0,451.0,0.0031280019477664,0
1711,20.55,20.89,0.0,446.0,0.0031183233419541,0
1712,20.6,20.84,0.0,449.5,0.0031204775469801,0
1713,20.55,20.89,0.0,449.5,0.0031183233419541,0
1714,20.6,20.89,0.0,450.0,0.0031280019477664,0
1715,20.6,20.89,0.0,453.5,0.0031280019477664,0
1716,20.6,20.89,0.0,458.5,0.0031280019477664,0
1717,20.575,20.9175,0.0,459.5,0.0031272914019966,0
1718,20.6,20.89,0.0,457.0,0.0031280019477664,0
1719,20.5,20.945,0.0,458.0,0.0031168967602908,0
1720,20.5,21.0,0.0,453.0,0.0031251226202272,0
1721,20.55,21.0,0.0,450.5,0.0031348261823752,0
1722,20.6,21.0,0.0,455.0,0.0031445562671195,0
1723,20.55,21.0,0.0,453.0,0.0031348261823752,0
1724,20.55,21.0,0.0,454.5,0.0031348261823752,0
1725,20.5,21.0,0.0,455.0,0.0031251226202272,0
1726,20.6,21.0,0.0,452.0,0.0031445562671195,0
1727,20.5666666666667,21.0333333333333,0.0,456.0,0.0031430728221557,0
1728,20.55,21.05,0.0,454.0,0.0031423277615238,0
1729,20.5,21.1,0.0,453.0,0.0031400792838513,0
1730,20.55,21.1,0.0,460.5,0.0031498295207115,0
1731,20.6,21.1,0.0,455.0,0.0031596064091979,0
1732,20.5,21.1,0.0,452.0,0.0031400792838513,0
1733,20.55,21.1,0.0,453.0,0.0031498295207115,0
1734,20.55,21.1,0.0,454.0,0.0031498295207115,0
1735,20.5,21.1,0.0,454.5,0.0031400792838513,0
1736,20.5,21.1,0.0,455.0,0.0031400792838513,0
1737,20.5,21.1,0.0,454.0,0.0031400792838513,0
1738,20.55,21.1,0.0,454.0,0.0031498295207115,0
1739,20.5,21.1,0.0,447.0,0.0031400792838513,0
1740,20.5,21.1,0.0,454.0,0.0031400792838513,0
1741,20.5333333333333,21.2,0.0,455.666666666667,0.0031615649680236,0
1742,20.5,21.2,0.0,456.0,0.003155036663195,0
1743,20.5,21.2,0.0,453.0,0.003155036663195,0
1744,20.5,21.2,0.0,452.0,0.003155036663195,0
1745,20.5,21.2,0.0,446.0,0.003155036663195,0
1746,20.5,21.2,0.0,452.333333333333,0.003155036663195,0
1747,20.5,21.245,0.0,451.0,0.0031617677174168,0
1748,20.5,21.2,0.0,449.0,0.003155036663195,0
1749,20.5,21.2,0.0,447.0,0.003155036663195,0
1750,20.5,21.245,0.0,450.0,0.0031617677174168,0
1751,20.5,21.29,0.0,449.0,0.003168498916587,0
1752,20.5,21.26,0.0,448.333333333333,0.003164011434368,0
1753,20.5,21.2675,0.0,443.75,0.0031651332988831,0
1754,20.5,21.29,0.0,442.5,0.003168498916587,0
1755,20.5,21.29,0.0,444.5,0.003168498916587,0
1756,20.5,21.29,0.0,446.25,0.003168498916587,0
1757,20.5,21.29,0.0,448.0,0.003168498916587,0
1758,20.5,21.29,0.0,451.0,0.003168498916587,0
1759,20.5,21.29,0.0,452.333333333333,0.003168498916587,0
1760,20.5,21.29,0.0,447.0,0.003168498916587,0
1761,20.445,21.29,0.0,446.5,0.0031577070829694,0
1762,20.5,21.29,0.0,442.0,0.003168498916587,0
1763,20.5,21.29,0.0,452.0,0.003168498916587,0
1764,20.39,21.29,0.0,450.0,0.0031469476344722,0
1765,20.445,21.29,0.0,443.5,0.0031577070829694,0
1766,20.39,21.29,0.0,443.0,0.0031469476344722,0
1767,20.4266666666667,21.29,0.0,450.0,0.0031541170059217,0
1768,20.39,21.29,0.0,445.666666666667,0.0031469476344722,0
1769,20.39,21.29,0.0,443.666666666667,0.0031469476344722,0
1770,20.39,21.29,0.0,445.333333333333,0.0031469476344722,0
1771,20.39,21.29,0.0,449.0,0.0031469476344722,0
1772,20.39,21.29,0.0,444.5,0.0031469476344722,0
1773,20.39,21.29,0.0,445.5,0.0031469476344722,0
1774,20.39,21.29,0.0,447.0,0.0031469476344722,0
1775,20.39,21.29,0.0,446.5,0.0031469476344722,0
1776,20.39,21.29,0.0,451.0,0.0031469476344722,0
1777,20.39,21.29,0.0,448.0,0.0031469476344722,0
1778,20.39,21.29,0.0,450.0,0.0031469476344722,0
1779,20.39,21.29,0.0,442.666666666667,0.0031469476344722,0
1780,20.39,21.29,0.0,445.0,0.0031469476344722,0
1781,20.39,21.29,0.0,444.5,0.0031469476344722,0
1782,20.3566666666667,21.29,0.0,441.666666666667,0.0031404424826025,0
1783,20.3566666666667,21.29,0.0,442.333333333333,0.0031404424826025,0
1784,20.39,21.29,0.0,441.0,0.0031469476344722,0
1785,20.29,21.29,0.0,440.5,0.0031274676985543,0
1786,20.39,21.29,0.0,447.0,0.0031469476344722,0
1787,20.34,21.29,0.0,439.5,0.0031371943501079,0
1788,20.29,21.29,0.0,444.0,0.0031274676985543,0
1789,20.29,21.29,0.0,445.5,0.0031274676985543,0
1790,20.29,21.29,0.0,446.666666666667,0.0031274676985543,0
1791,20.3233333333333,21.29,0.0,444.333333333333,0.0031339491768134,0
1792,20.29,21.29,0.0,446.5,0.0031274676985543,0
1793,20.3233333333333,21.29,0.0,449.333333333333,0.0031339491768134,0
1794,20.29,21.29,0.0,445.0,0.0031274676985543,0
1795,20.29,21.29,0.0,447.0,0.0031274676985543,0
1796,20.29,21.29,0.0,443.5,0.0031274676985543,0
1797,20.29,21.29,0.0,447.0,0.0031274676985543,0
1798,20.29,21.29,0.0,445.0,0.0031274676985543,0
1799,20.29,21.29,0.0,443.0,0.0031274676985543,0
1800,20.29,21.29,0.0,446.0,0.0031274676985543,0
1801,20.245,21.245,0.0,438.0,0.0031121114746529,0
1802,20.29,21.29,0.0,435.333333333333,0.0031274676985543,0
1803,20.29,21.29,0.0,443.0,0.0031274676985543,0
1804,20.29,21.29,0.0,441.0,0.0031274676985543,0
1805,20.29,21.29,0.0,439.5,0.0031274676985543,0
1806,20.2225,21.2225,0.0,445.0,0.0031044554255671,0
1807,20.2,21.2,0.0,442.5,0.0030968140539317,0
1808,20.2,21.2,0.0,443.5,0.0030968140539317,0
1809,20.2,21.2,0.0,444.0,0.0030968140539317,0
1810,20.2,21.29,0.0,438.0,0.0031100266408711,0
1811,20.2,21.2,0.0,439.0,0.0030968140539317,0
1812,20.2,21.29,0.0,441.5,0.0031100266408711,0
1813,20.2,21.29,0.0,444.0,0.0031100266408711,0
1814,20.2,21.29,0.0,446.5,0.0031100266408711,0
1815,20.2,21.29,0.0,446.0,0.0031100266408711,0
1816,20.2,21.29,0.0,447.0,0.0031100266408711,0
1817,20.2,21.29,0.0,447.0,0.0031100266408711,0
1818,20.2,21.29,0.0,446.333333333333,0.0031100266408711,0
1819,20.2,21.29,0.0,445.75,0.0031100266408711,0
1820,20.2,21.29,0.0,445.0,0.0031100266408711,0
1821,20.2,21.29,0.0,444.5,0.0031100266408711,0
1822,20.1666666666667,21.23,0.0,446.333333333333,0.0030947986343417,0
1823,20.15,21.245,0.0,446.5,0.0030937884708154,0
1824,20.2,21.29,0.0,448.0,0.0031100266408711,0
1825,20.15,21.245,0.0,450.0,0.0030937884708154,0
1826,20.15,21.29,0.0,452.0,0.003100374228833,0
1827,20.2,21.2,0.0,449.0,0.0030968140539317,0
1828,20.15,21.2,0.0,446.5,0.0030872028515651,0
1829,20.2,21.2,0.0,446.5,0.0030968140539317,0
1830,20.15,21.2,0.0,448.5,0.0030872028515651,0
1831,20.1,21.2,0.0,446.0,0.0030776179310379,0
1832,20.2,21.2,0.0,446.0,0.0030968140539317,0
1833,20.1,21.2,0.0,441.0,0.0030776179310379,0
1834,20.1,21.2,0.0,443.0,0.0030776179310379,0
1835,20.1,21.2,0.0,444.333333333333,0.0030776179310379,0
1836,20.1,21.0,0.0,444.0,0.0030484415024245,0
1837,20.1,21.1,0.0,443.0,0.0030630293762599,0
1838,20.1,21.1,0.0,444.0,0.0030630293762599,0
1839,20.1,21.1,0.0,447.5,0.0030630293762599,0
1840,20.1,21.1,0.0,443.0,0.0030630293762599,0
1841,20.1,21.0666666666667,0.0,442.333333333333,0.0030581666759902,0
1842,20.1,21.0666666666667,0.0,444.666666666667,0.0030581666759902,0
1843,20.1,21.0,0.0,444.5,0.0030484415024245,0
1844,20.1,21.0,0.0,445.333333333333,0.0030484415024245,0
1845,20.1,21.0,0.0,446.5,0.0030484415024245,0
1846,20.1,21.0,0.0,445.0,0.0030484415024245,0
1847,20.1,21.0,0.0,442.0,0.0030484415024245,0
1848,20.1666666666667,21.0,0.0,439.0,0.0030611054289526,0
1849,20.2,21.0,0.0,441.0,0.0030674547492158,0
1850,20.2,20.9633333333333,0.0,445.666666666667,0.003062072509168,0
1851,20.2,20.89,0.0,446.0,0.0030513083071351,0
1852,20.2,20.8566666666667,0.0,443.666666666667,0.0030464156105873,0
1853,20.2,20.89,0.0,439.0,0.0030513083071351,0
1854,20.2,20.79,0.0,441.0,0.0030366304472786,0
1855,20.2,20.79,0.0,442.0,0.0030366304472786,0
1856,20.2,20.745,0.0,443.5,0.0030300256352412,0
1857,20.245,20.84,0.0,443.0,0.003052493181285,0
1858,20.245,20.84,0.0,442.0,0.003052493181285,0
1859,20.29,20.89,0.0,443.0,0.0030684184554996,0
1860,20.29,20.89,0.0,444.0,0.0030684184554996,0
1861,20.29,20.79,0.0,443.0,0.0030536578877459,0
1862,20.29,20.79,0.0,442.0,0.0030536578877459,0
1863,20.29,20.79,0.0,443.0,0.0030536578877459,0
1864,20.29,20.79,0.0,441.0,0.0030536578877459,0
1865,20.29,20.79,0.0,446.333333333333,0.0030536578877459,0
1866,20.29,20.7,0.0,446.0,0.0030403739727938,0
1867,20.29,20.7,0.0,439.0,0.0030403739727938,0
1868,20.3566666666667,20.7,0.0,444.333333333333,0.0030529856704173,0
1869,20.29,20.65,0.0,446.0,0.0030329942640162,0
1870,20.29,20.7,0.0,442.0,0.0030403739727938,0
1871,20.29,20.7,0.0,441.5,0.0030403739727938,0
1872,20.29,20.7,0.0,440.5,0.0030403739727938,0
1873,20.29,20.7,0.0,443.5,0.0030403739727938,0
1874,20.29,20.7,0.0,440.5,0.0030403739727938,0
1875,20.29,20.7,0.0,437.5,0.0030403739727938,0
1876,20.29,20.7,0.0,438.0,0.0030403739727938,0
1877,20.29,20.7,0.0,443.0,0.0030403739727938,0
1878,20.26,20.7,0.0,443.0,0.0030347136922349,0
1879,20.29,20.7,0.0,436.333333333333,0.0030403739727938,0
1880,20.29,20.76,0.0,438.333333333333,0.0030492298533575,0
1881,20.29,20.7,0.0,437.0,0.0030403739727938,0
1882,20.29,20.7,0.0,439.0,0.0030403739727938,0
1883,20.245,20.7,0.0,436.0,0.0030318870333676,0
1884,20.29,20.7,0.0,432.5,0.0030403739727938,0
1885,20.23,20.6333333333333,0.0,435.0,0.0030192599038444,0
1886,20.245,20.65,0.0,442.0,0.0030245280240862,0
1887,20.2,20.6,0.0,444.5,0.0030087444126257,0
1888,20.29,20.7,0.0,447.0,0.0030403739727938,0
1889,20.2,20.6,0.0,446.0,0.0030087444126257,0
1890,20.23,20.5666666666667,0.0,442.333333333333,0.0030094574219121,0
1891,20.245,20.55,0.0,440.0,0.0030098105253726,0
1892,20.29,20.6,0.0,440.0,0.0030256147294976,0
1893,20.26,20.4966666666667,0.0,439.666666666667,0.0030047601009692,0
1894,20.29,20.5,0.0,442.0,0.0030108561832128,0
1895,20.29,20.55,0.0,441.0,0.0030182353692319,0
1896,20.29,20.6,0.0,441.0,0.0030256147294976,0
1897,20.29,20.5,0.0,441.75,0.0030108561832128,0
1898,20.3233333333333,20.5,0.0,442.0,0.0030170948251214,0
1899,20.39,20.445,0.0,443.0,0.0030214385697668,0
1900,20.39,20.39,0.0,443.0,0.0030132710875474,0
1901,20.39,20.29,0.0,440.0,0.0029984216667373,0
1902,20.39,20.2,0.0,441.0,0.002985057791285,0
1903,20.39,20.2,0.0,439.0,0.002985057791285,0
1904,20.39,20.2,0.0,436.0,0.002985057791285,0
1905,20.39,20.1,0.0,433.5,0.0029702097110439,0
1906,20.39,20.1,0.0,435.0,0.0029702097110439,0
1907,20.39,20.05,0.0,434.0,0.0029627859354851,0
1908,20.34,20.05,0.0,438.5,0.0029536061172135,0
1909,20.39,20.05,0.0,440.0,0.0029627859354851,0
1910,20.39,20.0,0.0,439.0,0.0029553623362924,0
1911,20.39,20.0,0.0,440.5,0.0029553623362924,0
1912,20.39,20.0,0.0,433.0,0.0029553623362924,0
1913,20.39,19.945,0.0,436.5,0.0029471965808758,0
1914,20.5,19.89,0.0,438.0,0.0029591517030864,0
1915,20.4266666666667,19.9266666666667,0.0,438.0,0.0029511806301849,0
1916,20.5,19.89,0.0,441.0,0.0029591517030864,0
1917,20.5,19.89,0.0,434.0,0.0029591517030864,0
1918,20.5,19.89,0.0,439.5,0.0029591517030864,0
1919,20.5,19.89,0.0,438.0,0.0029591517030864,0
1920,20.5,19.89,0.0,435.5,0.0029591517030864,0
1921,20.5,19.89,0.0,436.0,0.0029591517030864,0
1922,20.5,19.89,0.0,439.5,0.0029591517030864,0
1923,20.5,19.89,0.0,439.5,0.0029591517030864,0
1924,20.5,19.89,0.0,438.5,0.0029591517030864,0
1925,20.5,19.89,0.0,435.0,0.0029591517030864,0
1926,20.5,19.745,0.0,435.0,0.002937477325517,0
1927,20.5,19.79,0.0,436.0,0.0029442036955991,0
1928,20.55,19.84,0.0,433.0,0.0029608400714334,0
1929,20.5,19.79,0.0,433.666666666667,0.0029442036955991,0
1930,20.5,19.745,0.0,431.5,0.002937477325517,0
1931,20.5,19.65,0.0,436.5,0.0029232776863843,0
1932,20.5,19.7,0.0,437.0,0.0029307511002272,0
1933,20.6,19.6,0.0,435.0,0.0029339303392327,0
1934,20.5,19.745,0.0,437.0,0.002937477325517,0
1935,20.6,19.6,0.0,433.0,0.0029339303392327,0
1936,20.5,19.65,0.0,431.5,0.0029232776863843,0
1937,20.5,19.65,0.0,432.0,0.0029232776863843,0
1938,20.55,19.65,0.0,429.0,0.0029323515764793,0
1939,20.55,19.6,0.0,430.0,0.0029248550357961,0
1940,20.5,19.6,0.0,430.5,0.0029158044512853,0
1941,20.55,19.6,0.0,433.0,0.0029248550357961,0
1942,20.6,19.6,0.0,436.0,0.0029339303392327,0
1943,20.6,19.53,0.0,435.0,0.0029234027684295,0
1944,20.6,19.445,0.0,434.0,0.0029106197664319,0
1945,20.5,19.55,0.0,434.0,0.0029083313949236,0
1946,20.5,19.6,0.0,435.0,0.0029158044512853,0
1947,20.6,19.6,0.0,438.0,0.0029339303392327,0
1948,20.6,19.5,0.0,440.0,0.0029188910609496,0
1949,20.5666666666667,19.5333333333333,0.0,436.666666666667,0.0029178719032177,0
1950,20.5666666666667,19.5,0.0,437.666666666667,0.0029128692812034,0
1951,20.5666666666667,19.5,0.0,437.0,0.0029128692812034,0
1952,20.6,19.5,0.0,433.0,0.0029188910609496,0
1953,20.6,19.445,0.0,435.5,0.0029106197664319,0
1954,20.6,19.5,0.0,435.0,0.0029188910609496,0
1955,20.6,19.5,0.0,437.0,0.0029188910609496,0
1956,20.6,19.34,0.0,436.0,0.0028948297212513,0
1957,20.5,19.34,0.0,438.0,0.0028769465098721,0
1958,20.6,19.5,0.0,440.0,0.0029188910609496,0
1959,20.55,19.445,0.0,438.5,0.0029016169026044,0
1960,20.55,19.39,0.0,436.0,0.0028933715288275,0
1961,20.6,19.34,0.0,433.0,0.0028948297212513,0
1962,20.5,19.39,0.0,432.5,0.0028844188156068,0
1963,20.5,19.39,0.0,434.5,0.0028844188156068,0
1964,20.55,19.29,0.0,433.5,0.0028783804975909,0
1965,20.6,19.39,0.0,433.5,0.0029023486908654,0
1966,20.6,19.295,0.0,434.5,0.0028880628033006,0
1967,20.6,19.29,0.0,434.0,0.002887310932575,0
1968,20.6,19.29,0.0,435.0,0.002887310932575,0
1969,20.5,19.34,0.0,431.0,0.0028769465098721,0
1970,20.5,19.29,0.0,431.5,0.0028694743828415,0
1971,20.4633333333333,19.2266666666667,0.0,432.666666666667,0.0028535158073171,0
1972,20.5,19.39,0.0,436.0,0.0028844188156068,0
1973,20.5,19.39,0.0,436.0,0.0028844188156068,0
1974,20.5,19.245,0.0,441.5,0.0028627496213006,0
1975,20.5,19.2,0.0,434.0,0.0028560250045001,0
1976,20.39,19.29,0.0,433.5,0.0028499662575272,0
1977,20.4266666666667,19.29,0.0,429.333333333333,0.0028564559549645,0
1978,20.5,19.29,0.0,434.5,0.0028694743828415,0
1979,20.5,19.2,0.0,433.5,0.0028560250045001,0
1980,20.5,19.15,0.0,435.5,0.0028485533778066,0
1981,20.445,19.05,0.0,435.0,0.0028239646007775,0
1982,20.39,19.1666666666667,0.0,434.0,0.0028316616423387,0
1983,20.39,19.245,0.0,430.5,0.0028432874223142,0
1984,20.39,19.2,0.0,426.0,0.0028366087298759,0
1985,20.5,19.2,0.0,429.0,0.0028560250045001,0
1986,20.5,19.2,0.0,435.5,0.0028560250045001,0
1987,20.5,19.2,0.0,433.5,0.0028560250045001,0
1988,20.5,19.2,0.0,427.5,0.0028560250045001,0
1989,20.5333333333333,19.1666666666667,0.0,429.666666666667,0.0028569403179683,0
1990,20.525,19.175,0.0,433.0,0.0028567124168101,0
1991,20.5,19.1,0.0,432.5,0.0028410819297929,0
1992,20.5,19.1,0.0,431.0,0.0028410819297929,0
1993,20.5333333333333,19.1,0.0,433.333333333333,0.0028469576507468,0
1994,20.5,19.1,0.0,433.0,0.0028410819297929,0
1995,20.5,19.1,0.0,434.0,0.0028410819297929,0
1996,20.5,19.1,0.0,437.0,0.0028410819297929,0
1997,20.5,19.1,0.0,437.0,0.0028410819297929,0
1998,20.5,19.1,0.0,439.0,0.0028410819297929,0
1999,20.5333333333333,18.9633333333333,0.0,432.333333333333,0.0028264941800736,0
2000,20.525,19.075,0.0,432.0,0.0028417462423799,0
2001,20.5,19.05,0.0,429.5,0.0028336106604524,0
2002,20.5,19.1,0.0,436.5,0.0028410819297929,0
2003,20.5333333333333,19.0,0.0,432.666666666667,0.0028319842479591,0
2004,20.55,19.0,0.0,430.0,0.0028349105741483,0
2005,20.5,18.945,0.0,425.0,0.0028179215763904,0
2006,20.55,19.0,0.0,425.5,0.0028349105741483,0
2007,20.55,19.0,0.0,434.0,0.0028349105741483,0
2008,20.5,19.0,0.0,433.0,0.0028261395697788,0
2009,20.5,19.0,0.0,433.0,0.0028261395697788,0
2010,20.6,18.9633333333333,0.0,433.5,0.0028381926321104,0
2011,20.5,19.0,0.0,426.0,0.0028261395697788,0
2012,20.5333333333333,18.9633333333333,0.0,426.333333333333,0.0028264941800736,0
2013,20.5333333333333,18.9266666666667,0.0,430.0,0.0028210042086638,0
2014,20.6,18.945,0.0,436.0,0.0028354362216397,0
2015,20.6,19.0,0.0,437.5,0.0028437055260106,0
2016,20.5,19.0,0.0,433.5,0.0028261395697788,0
2017,20.55,18.945,0.0,432.5,0.0028266669606025,0
2018,20.55,18.945,0.0,430.0,0.0028266669606025,0
2019,20.5,19.0,0.0,433.0,0.0028261395697788,0
2020,20.6,19.0,0.0,439.0,0.0028437055260106,0
2021,20.5,18.89,0.0,429.5,0.0028097037991726,0
2022,20.55,19.0,0.0,431.0,0.0028349105741483,0
2023,20.6,19.0,0.0,433.0,0.0028437055260106,0
2024,20.55,19.0,0.0,434.0,0.0028349105741483,0
2025,20.55,18.89,0.0,434.5,0.0028184235645741,0
2026,20.5,18.945,0.0,435.5,0.0028179215763904,0
2027,20.5,18.84,0.0,434.5,0.0028022332801899,0
2028,20.5,18.89,0.0,433.5,0.0028097037991726,0
2029,20.5,19.0,0.0,433.0,0.0028261395697788,0
2030,20.5,19.0,0.0,433.5,0.0028261395697788,0
2031,20.5,19.0,0.0,434.5,0.0028261395697788,0
2032,20.5,19.0,0.0,438.0,0.0028261395697788,0
2033,20.5,18.945,0.0,437.0,0.0028179215763904,0
2034,20.445,18.945,0.0,435.0,0.0028083291648876,0
2035,20.5,19.0,0.0,434.0,0.0028261395697788,0
2036,20.5,18.895,0.0,434.5,0.0028104508608963,0
2037,20.5,18.89,0.0,431.0,0.0028097037991726,0
2038,20.5,19.0,0.0,433.5,0.0028261395697788,0
2039,20.4266666666667,18.89,0.0,431.666666666667,0.0027969577563535,0
2040,20.39,18.8233333333333,0.0,428.666666666667,0.0027807111991116,0
2041,20.39,18.79,0.0,429.5,0.0027757649966586,0
2042,20.39,18.9266666666667,0.0,434.333333333333,0.0027960449244251,0
2043,20.39,18.84,0.0,430.0,0.0027831843297066,0
2044,20.39,18.7,0.0,430.0,0.0027624106412118,0
2045,20.39,18.89,0.0,424.0,0.0027906038389687,0
2046,20.39,18.9266666666667,0.0,427.333333333333,0.0027960449244251,0
2047,20.39,18.8233333333333,0.0,430.0,0.0027807111991116,0
2048,20.39,18.79,0.0,431.0,0.0027757649966586,0
2049,20.39,18.79,0.0,433.5,0.0027757649966586,0
2050,20.445,18.79,0.0,430.0,0.0027852497134567,0
2051,20.445,18.79,0.0,434.0,0.0027852497134567,0
2052,20.5,18.79,0.0,434.0,0.0027947629398471,0
2053,20.5,18.79,0.0,435.5,0.0027947629398471,0
2054,20.5,18.79,0.0,436.333333333333,0.0027947629398471,0
2055,20.5,18.745,0.0,434.5,0.0027880397862705,0
2056,20.5,18.745,0.0,434.0,0.0027880397862705,0
2057,20.5,18.7,0.0,434.0,0.0027813167773824,0
2058,20.5,18.79,0.0,435.0,0.0027947629398471,0
2059,20.5,18.79,0.0,430.5,0.0027947629398471,0
2060,20.5,18.7,0.0,436.0,0.0027813167773824,0
2061,20.39,18.6666666666667,0.0,431.666666666667,0.0027574647285136,0
2062,20.39,18.76,0.0,428.666666666667,0.00277131348141,0
2063,20.39,18.7675,0.0,431.0,0.0027724263542752,0
2064,20.39,18.7225,0.0,434.5,0.0027657491765524,0
2065,20.39,18.7,0.0,434.5,0.0027624106412118,0
2066,20.39,18.7,0.0,429.5,0.0027624106412118,0
2067,20.39,18.745,0.0,432.0,0.0027690877475733,0
2068,20.39,18.7,0.0,435.5,0.0027624106412118,0
2069,20.39,18.6,0.0,436.0,0.0027475731380385,0
2070,20.39,18.745,0.0,430.0,0.0027690877475733,0
2071,20.39,18.76,0.0,434.0,0.00277131348141,0
2072,20.39,18.745,0.0,435.0,0.0027690877475733,0
2073,20.39,18.7,0.0,434.5,0.0027624106412118,0
2074,20.39,18.7,0.0,427.5,0.0027624106412118,0
2075,20.39,18.7,0.0,433.333333333333,0.0027624106412118,0
2076,20.5,18.745,0.0,433.0,0.0027880397862705,0
2077,20.39,18.7,0.0,438.0,0.0027624106412118,0
2078,20.445,18.7,0.0,434.0,0.0027718495240783,0
2079,20.4633333333333,18.73,0.0,432.666666666667,0.002779473888041,0
2080,20.5,18.7,0.0,435.0,0.0027813167773824,0
2081,20.445,18.7,0.0,433.5,0.0027718495240783,0
2082,20.39,18.6,0.0,432.0,0.0027475731380385,0
2083,20.39,18.7,0.0,434.0,0.0027624106412118,0
2084,20.39,18.7,0.0,439.0,0.0027624106412118,0
2085,20.39,18.7,0.0,434.0,0.0027624106412118,0
2086,20.445,18.7,0.0,430.0,0.0027718495240783,0
2087,20.445,18.7,0.0,435.0,0.0027718495240783,0
2088,20.5,18.7,0.0,437.5,0.0027813167773824,0
2089,20.5,18.7,0.0,434.0,0.0027813167773824,0
2090,20.445,18.7,0.0,436.0,0.0027718495240783,0
2091,20.445,18.7,0.0,432.5,0.0027718495240783,0
2092,20.4633333333333,18.7,0.0,429.5,0.0027750021193009,0
2093,20.39,18.7,0.0,430.0,0.0027624106412118,0
2094,20.5,18.7,0.0,436.0,0.0027813167773824,0
2095,20.5,18.745,0.0,436.5,0.0027880397862705,0
2096,20.4633333333333,18.6666666666667,0.0,439.333333333333,0.0027700335624427,0
2097,20.39,18.6,0.0,435.0,0.0027475731380385,0
2098,20.39,18.6,0.0,432.0,0.0027475731380385,0
2099,20.39,18.65,0.0,431.0,0.00275499180153,0
2100,20.39,18.7,0.0,425.5,0.0027624106412118,0
2101,20.39,18.7,0.0,429.0,0.0027624106412118,0
2102,20.39,18.7,0.0,431.5,0.0027624106412118,0
2103,20.39,18.6,0.0,435.0,0.0027475731380385,0
2104,20.39,18.7,0.0,428.0,0.0027624106412118,0
2105,20.39,18.7,0.0,431.5,0.0027624106412118,0
2106,20.39,18.7,0.0,432.5,0.0027624106412118,0
2107,20.445,18.7,0.0,434.5,0.0027718495240783,0
2108,20.39,18.7,0.0,429.0,0.0027624106412118,0
2109,20.39,18.6666666666667,0.0,428.666666666667,0.0027574647285136,0
2110,20.39,18.7,0.0,432.0,0.0027624106412118,0
2111,20.39,18.7,0.0,430.0,0.0027624106412118,0
2112,20.39,18.7,0.0,431.0,0.0027624106412118,0
2113,20.445,18.6,0.0,431.5,0.0027569610989078,0
2114,20.39,18.7,0.0,433.0,0.0027624106412118,0
2115,20.39,18.7,0.0,437.5,0.0027624106412118,0
2116,20.39,18.7,0.0,434.0,0.0027624106412118,0
2117,20.39,18.7,0.0,432.0,0.0027624106412118,0
2118,20.39,18.65,0.0,433.0,0.00275499180153,0
2119,20.39,18.7,0.0,425.5,0.0027624106412118,0
2120,20.39,18.7,0.0,423.0,0.0027624106412118,0
2121,20.39,18.6666666666667,0.0,430.0,0.0027574647285136,0
2122,20.39,18.6,0.0,434.0,0.0027475731380385,0
2123,20.3566666666667,18.6,0.0,428.666666666667,0.0027418971663326,0
2124,20.29,18.65,0.0,427.0,0.002737948739536,0
2125,20.34,18.7,0.0,425.5,0.0027538543961759,0
2126,20.34,18.7,0.0,433.5,0.0027538543961759,0
2127,20.34,18.7,0.0,434.5,0.0027538543961759,0
2128,20.39,18.7,0.0,427.0,0.0027624106412118,0
2129,20.39,18.65,0.0,433.0,0.00275499180153,0
2130,20.34,18.65,0.0,433.5,0.0027464586365012,0
2131,20.3566666666667,18.6666666666667,0.0,432.666666666667,0.0027517682326292,0
2132,20.39,18.7,0.0,430.0,0.0027624106412118,0
2133,20.34,18.7,0.0,430.5,0.0027538543961759,0
2134,20.39,18.7,0.0,431.0,0.0027624106412118,0
2135,20.39,18.65,0.0,431.333333333333,0.00275499180153,0
2136,20.39,18.7,0.0,433.0,0.0027624106412118,0
2137,20.39,18.7,0.0,432.0,0.0027624106412118,0
2138,20.39,18.7,0.0,430.0,0.0027624106412118,0
2139,20.34,18.7,0.0,431.5,0.0027538543961759,0
2140,20.39,18.7,0.0,430.333333333333,0.0027624106412118,0
2141,20.39,18.7,0.0,429.0,0.0027624106412118,0
2142,20.3566666666667,18.6666666666667,0.0,432.666666666667,0.0027517682326292,0
2143,20.34,18.6,0.0,431.5,0.0027390630519246,0
2144,20.29,18.745,0.0,428.0,0.002751957100456,0
2145,20.29,18.745,0.0,425.5,0.002751957100456,0
2146,20.29,18.745,0.0,430.5,0.002751957100456,0
2147,20.29,18.79,0.0,432.0,0.0027585928591068,0
2148,20.29,18.7,0.0,433.0,0.0027453214827646,0
2149,20.29,18.745,0.0,435.5,0.002751957100456,0
2150,20.29,18.79,0.0,431.5,0.0027585928591068,0
2151,20.29,18.7675,0.0,432.75,0.0027552749621612,0
2152,20.29,18.7,0.0,437.0,0.0027453214827646,0
2153,20.29,18.7,0.0,433.5,0.0027453214827646,0
2154,20.29,18.7,0.0,434.0,0.0027453214827646,0
2155,20.245,18.695,0.0,438.5,0.0027369265480493,0
2156,20.29,18.79,0.0,436.5,0.0027585928591068,0
2157,20.29,18.79,0.0,437.0,0.0027585928591068,0
2158,20.29,18.79,0.0,436.0,0.0027585928591068,0
2159,20.29,18.79,0.0,441.0,0.0027585928591068,0
2160,20.29,18.79,0.0,440.0,0.0027585928591068,0
2161,20.29,18.745,0.0,437.0,0.002751957100456,0
2162,20.29,18.79,0.0,438.5,0.0027585928591068,0
2163,20.29,18.84,0.0,433.0,0.0027659660896027,0
2164,20.245,18.795,0.0,434.0,0.0027516311978762,0
2165,20.29,18.76,0.0,437.0,0.0027541690043439,0
2166,20.29,18.79,0.0,435.0,0.0027585928591068,0
2167,20.29,18.79,0.0,434.0,0.0027585928591068,0
2168,20.29,18.79,0.0,437.0,0.0027585928591068,0
2169,20.29,18.745,0.0,434.5,0.002751957100456,0
2170,20.29,18.745,0.0,439.0,0.002751957100456,0
2171,20.29,18.79,0.0,433.0,0.0027585928591068,0
2172,20.29,18.7,0.0,434.0,0.0027453214827646,0
2173,20.245,18.745,0.0,433.0,0.0027442787864366,0
2174,20.245,18.745,0.0,432.5,0.0027442787864366,0
2175,20.245,18.745,0.0,433.0,0.0027442787864366,0
2176,20.2,18.745,0.0,433.0,0.0027366193331991,0
2177,20.245,18.84,0.0,432.0,0.0027582485161365,0
2178,20.2,18.79,0.0,434.0,0.0027432179456979,0
2179,20.29,18.79,0.0,433.0,0.0027585928591068,0
2180,20.245,18.745,0.0,430.5,0.0027442787864366,0
2181,20.29,18.79,0.0,433.0,0.0027585928591068,0
2182,20.29,18.745,0.0,434.0,0.002751957100456,0
2183,20.29,18.84,0.0,430.0,0.0027659660896027,0
2184,20.29,18.79,0.0,431.333333333333,0.0027585928591068,0
2185,20.29,18.7,0.0,439.0,0.0027453214827646,0
2186,20.29,18.79,0.0,439.0,0.0027585928591068,0
2187,20.29,18.73,0.0,442.0,0.0027497452122302,0
2188,20.2,18.7,0.0,432.0,0.0027300208600894,0
2189,20.23,18.73,0.0,427.5,0.0027395199147547,0
2190,20.29,18.745,0.0,433.0,0.002751957100456,0
2191,20.29,18.6,0.0,437.0,0.0027305761703198,0
2192,20.29,18.7,0.0,432.0,0.0027453214827646,0
2193,20.2,18.7,0.0,426.0,0.0027300208600894,0
2194,20.29,18.7,0.0,431.0,0.0027453214827646,0
2195,20.29,18.7,0.0,433.333333333333,0.0027453214827646,0
2196,20.29,18.675,0.0,429.25,0.0027416350893984,0
2197,20.26,18.6333333333333,0.0,433.333333333333,0.0027304009979612,0
2198,20.245,18.65,0.0,430.5,0.0027303096814552,0
2199,20.29,18.7,0.0,430.0,0.0027453214827646,0
2200,20.29,18.7,0.0,433.5,0.0027453214827646,0
2201,20.29,18.6,0.0,432.5,0.0027305761703198,0
2202,20.29,18.7,0.0,432.0,0.0027453214827646,0
2203,20.29,18.7,0.0,434.0,0.0027453214827646,0
2204,20.29,18.6,0.0,429.0,0.0027305761703198,0
2205,20.29,18.65,0.0,438.0,0.002737948739536,0
2206,20.29,18.7,0.0,439.0,0.0027453214827646,0
2207,20.29,18.7,0.0,433.0,0.0027453214827646,0
2208,20.29,18.65,0.0,433.5,0.002737948739536,0
2209,20.29,18.6,0.0,431.0,0.0027305761703198,0
2210,20.3233333333333,18.5666666666667,0.0,432.666666666667,0.0027313063423762,0
2211,20.39,18.6,0.0,434.0,0.0027475731380385,0
2212,20.39,18.6,0.0,434.0,0.0027475731380385,0
2213,20.39,18.6,0.0,436.5,0.0027475731380385,0
2214,20.39,18.6,0.0,432.666666666667,0.0027475731380385,0
2215,20.39,18.6,0.0,429.75,0.0027475731380385,0
2216,20.39,18.5,0.0,428.5,0.0027327363396011,0
2217,20.39,18.6,0.0,434.0,0.0027475731380385,0
2218,20.29,18.6,0.0,435.5,0.0027305761703198,0
2219,20.29,18.39,0.0,432.0,0.0026996132796876,0
2220,20.245,18.6,0.0,433.0,0.0027229577718501,0
2221,20.29,18.7,0.0,434.0,0.0027453214827646,0
2222,20.29,18.65,0.0,433.5,0.002737948739536,0
2223,20.2,18.6,0.0,432.0,0.0027153580855378,0
2224,20.2,18.6,0.0,431.0,0.0027153580855378,0
2225,20.2,18.6,0.0,435.0,0.0027153580855378,0
2226,20.2,18.6,0.0,438.0,0.0027153580855378,0
2227,20.2,18.6,0.0,432.0,0.0027153580855378,0
2228,20.1,18.6,0.0,430.0,0.0026985366892417,0
2229,20.2,18.6,0.0,428.5,0.0027153580855378,0
2230,20.2,18.6,0.0,432.666666666667,0.0027153580855378,0
2231,20.2,18.6,0.0,432.0,0.0027153580855378,0
2232,20.2,18.6,0.0,430.0,0.0027153580855378,0
2233,20.2,18.6,0.0,431.333333333333,0.0027153580855378,0
2234,20.2,18.6,0.0,432.666666666667,0.0027153580855378,0
2235,20.2,18.6,0.0,434.0,0.0027153580855378,0
2236,20.2,18.6,0.0,429.0,0.0027153580855378,0
2237,20.2,18.6,0.0,429.0,0.0027153580855378,0
2238,20.2,18.6,0.0,433.0,0.0027153580855378,0
2239,20.2,18.6,0.0,436.0,0.0027153580855378,0
2240,20.2,18.6,0.0,440.0,0.0027153580855378,0
2241,20.2,18.6,0.0,436.0,0.0027153580855378,0
2242,20.2,18.6,0.0,435.0,0.0027153580855378,0
2243,20.2,18.5666666666667,0.0,430.0,0.0027104706469722,0
2244,20.2,18.6,0.0,425.5,0.0027153580855378,0
2245,20.2,18.6,0.0,432.0,0.0027153580855378,0
2246,20.245,18.6,0.0,439.5,0.0027229577718501,0
2247,20.29,18.6,0.0,434.0,0.0027305761703198,0
2248,20.29,18.5,0.0,442.0,0.0027158315538998,0
2249,20.29,18.5,0.0,439.0,0.0027158315538998,0
2250,20.29,18.5666666666667,0.0,436.666666666667,0.0027256612208462,0
2251,20.29,18.5,0.0,439.0,0.0027158315538998,0
2252,20.29,18.5,0.0,436.0,0.0027158315538998,0
2253,20.29,18.5,0.0,435.0,0.0027158315538998,0
2254,20.29,18.55,0.0,439.0,0.0027232037751098,0
2255,20.29,18.5,0.0,433.0,0.0027158315538998,0
2256,20.29,18.5,0.0,435.0,0.0027158315538998,0
2257,20.29,18.5,0.0,436.0,0.0027158315538998,0
2258,20.245,18.5,0.0,438.0,0.0027082544717373,0
2259,20.245,18.55,0.0,439.0,0.0027156060352795,0
2260,20.2,18.5,0.0,436.5,0.0027006959992577,0
2261,20.2,18.5,0.0,432.666666666667,0.0027006959992577,0
2262,20.2,18.5,0.0,427.5,0.0027006959992577,0
2263,20.2,18.5,0.0,427.0,0.0027006959992577,0
2264,20.245,18.55,0.0,432.0,0.0027156060352795,0
2265,20.245,18.55,0.0,438.0,0.0027156060352795,0
2266,20.2,18.5,0.0,436.0,0.0027006959992577,0
2267,20.2,18.5,0.0,434.0,0.0027006959992577,0
2268,20.2,18.6,0.0,435.0,0.0027153580855378,0
2269,20.2,18.6,0.0,435.0,0.0027153580855378,0
2270,20.2,18.6,260.333333333333,434.0,0.0027153580855378,0
2271,20.2,18.6,401.333333333333,439.0,0.0027153580855378,1
2272,20.175,18.6,433.0,437.5,0.002711144108566,0
2273,20.175,18.675,422.5,440.75,0.0027221239842656,0
2274,20.2,18.7,419.0,442.0,0.0027300208600894,0
2275,20.175,18.7,419.0,448.5,0.0027257840286022,0
2276,20.1,18.745,419.0,451.0,0.0027196656520089,0
2277,20.15,18.7,419.0,457.25,0.002721552985072,1
2278,20.1333333333333,18.7,409.0,458.666666666667,0.002718735501566,0
2279,20.175,18.7225,411.0,456.0,0.0027290781051729,0
2280,20.125,18.865,411.0,458.0,0.0027414098177453,1
2281,20.15,18.89,411.0,460.0,0.002749327354055,1
2282,20.2,18.89,411.0,459.75,0.0027578820280988,1
2283,20.2,19.05,411.0,464.0,0.0027813459918572,1
2284,20.2225,19.05,407.5,463.5,0.0027852361958993,1
2285,20.2675,19.2175,400.0,470.25,0.0028177003703819,1
2286,20.29,19.2225,400.0,483.5,0.0028223770615393,1
2287,20.315,19.245,413.0,488.666666666667,0.0028300846032122,1
2288,20.39,19.22,412.2,496.25,0.0028395770200001,1
2289,20.39,19.26,409.0,496.25,0.0028455136848545,1
2290,20.4175,19.29,411.0,497.0,0.0028548323123952,1
2291,20.4266666666667,19.1633333333333,413.0,504.0,0.0028376136327373,1
2292,20.4725,19.0975,411.0,503.25,0.002835869568836,1
2293,20.525,19.315,411.0,509.25,0.0028776662655086,1
2294,20.5,19.2425,405.0,515.0,0.0028623760276812,1
2295,20.5666666666667,19.2,409.0,515.333333333333,0.0028678492870654,1
2296,20.625,19.4175,405.0,524.5,0.0029109884071556,1
2297,20.65,19.4725,408.5,531.0,0.0029237957140148,1
2298,20.7,19.5,418.333333333333,530.333333333333,0.0029370221963941,1
2299,20.7,19.5,419.0,533.666666666667,0.0029370221963941,1
2300,20.7,19.575,419.0,535.75,0.0029483719814554,1
2301,20.7225,19.6,419.0,546.25,0.0029562696644912,1
2302,20.7,19.5333333333333,419.0,547.0,0.0029420664944147,1
2303,20.79,19.4725,419.0,546.25,0.0029492400610757,1
2304,20.79,19.5,419.0,551.25,0.0029534248964064,1
2305,20.79,19.5333333333333,419.0,560.0,0.0029584974992198,1
2306,20.79,19.525,419.0,564.0,0.0029572293407965,1
2307,20.815,19.625,419.0,568.75,0.0029770477506228,1
2308,20.79,19.6333333333333,419.0,572.0,0.00297371580175,1
2309,20.84,19.65,419.0,573.0,0.0029854707012152,1
2310,20.89,19.72,419.0,575.25,0.0030054340074822,1
2311,20.865,19.65,419.0,579.5,0.0029900893400426,1
2312,20.89,19.6,426.0,583.5,0.0029870575340541,1
2313,20.89,19.6333333333333,423.666666666667,585.333333333333,0.0029921620016105,1
2314,20.89,19.7,426.0,587.5,0.0030023711868664,1
2315,20.89,19.65,422.5,591.5,0.0029947142666563,1
2316,20.89,19.7,426.0,594.0,0.0030023711868664,1
2317,20.89,19.625,419.0,597.5,0.0029908858769046,1
2318,20.89,19.6333333333333,428.333333333333,595.333333333333,0.0029921620016105,1
2319,20.865,19.675,429.5,590.75,0.0029939118358768,1
2320,20.865,19.7425,429.5,589.75,0.0030042328081865,1
2321,20.8233333333333,19.6666666666667,433.0,591.0,0.0029849368348218,1
2322,20.84,19.695,433.0,589.5,0.0029923405484988,1
2323,20.89,19.7225,433.0,595.75,0.0030058168621699,1
2324,20.865,19.7225,433.0,596.75,0.0030011747067801,1
2325,20.8566666666667,19.76,433.0,598.666666666667,0.0030053597213321,1
2326,20.865,19.7675,433.0,605.5,0.0030080554770287,1
2327,20.84,19.745,433.0,609.0,0.0029999738892796,1
2328,20.84,19.745,433.0,614.0,0.0029999738892796,1
2329,20.84,19.745,433.0,614.75,0.0029999738892796,1
2330,20.89,19.79,433.0,621.0,0.0030161541160387,1
2331,20.865,19.7675,433.0,620.25,0.0030080554770287,1
2332,20.865,19.7675,433.0,617.5,0.0030080554770287,1
2333,20.865,19.7675,433.0,621.25,0.0030080554770287,1
2334,20.89,19.79,433.0,616.666666666667,0.0030161541160387,1
2335,20.865,19.7675,433.0,620.0,0.0030080554770287,1
2336,20.8566666666667,19.76,433.0,628.333333333333,0.0030053597213321,1
2337,20.84,19.7675,433.0,635.25,0.0030034089534637,1
2338,20.865,19.7675,433.0,636.5,0.0030080554770287,1
2339,20.89,19.79,433.0,635.5,0.0030161541160387,1
2340,20.89,19.79,433.0,635.75,0.0030161541160387,1
2341,20.865,19.7675,433.0,637.5,0.0030080554770287,1
2342,20.84,19.745,433.0,629.75,0.0029999738892796,1
2343,20.865,19.7675,433.0,637.25,0.0030080554770287,1
2344,20.89,19.79,433.0,647.333333333333,0.0030161541160387,1
2345,20.865,19.7675,433.0,646.0,0.0030080554770287,1
2346,20.8233333333333,19.73,433.0,642.666666666667,0.0029945956223336,1
2347,20.8566666666667,19.7933333333333,433.0,648.0,0.003010454028918,1
2348,20.89,19.79,433.0,655.0,0.0030161541160387,1
2349,20.9175,19.79,433.0,650.5,0.0030212854568588,1
2350,20.9266666666667,19.79,433.0,643.666666666667,0.0030229976105047,1
2351,20.9175,19.79,433.0,642.0,0.0030212854568588,1
2352,20.9633333333333,19.79,433.0,639.333333333333,0.003029854768368,1
2353,20.89,19.79,436.5,648.0,0.0030161541160387,1
2354,20.89,19.815,426.0,649.0,0.0030199828153594,1
2355,20.89,19.79,433.0,654.0,0.0030161541160387,1
2356,20.89,19.9266666666667,433.0,660.0,0.0030370849116947,1
2357,20.89,20.1333333333333,442.333333333333,677.333333333333,0.0030687390217368,1
2358,20.89,20.354,435.8,698.2,0.0031025409819481,1
2359,20.89,20.4725,447.0,709.25,0.0031206944497263,1
2360,20.9266666666667,20.39,442.333333333333,712.0,0.0031151089019183,1
2361,20.945,20.5,443.5,710.0,0.0031355499703306,1
2362,20.945,20.445,447.0,708.0,0.0031270952257247,1
2363,20.945,20.55,447.0,707.5,0.0031432363002499,1
2364,20.945,20.6975,447.0,725.75,0.0031659120747944,1
2365,20.9725,20.7675,438.0,733.25,0.0031820775645096,1
2366,21.0,20.79,441.0,735.333333333333,0.003190960302543,1
2367,21.0,20.815,438.0,740.75,0.0031948171450511,1
2368,21.0,20.865,438.0,744.25,0.0032025309728276,1
2369,21.0,20.79,438.0,757.0,0.003190960302543,1
2370,21.0,20.79,440.0,759.0,0.003190960302543,1
2371,21.0,20.815,437.25,752.25,0.0031948171450511,1
2372,21.0,20.865,438.0,754.5,0.0032025309728276,1
2373,21.025,20.945,440.25,758.5,0.0032198427219913,1
2374,21.05,21.0,436.5,764.0,0.0032333308643886,1
2375,21.05,21.05,441.0,765.25,0.0032410693854701,1
2376,21.1,21.15,436.5,769.75,0.0032666179277636,1
2377,21.1,21.245,444.0,780.25,0.0032813680859549,1
2378,21.1,21.29,444.0,786.0,0.0032883552458922,1
2379,21.1,21.2225,444.0,783.25,0.0032778745645433,1
2380,21.1,21.2675,444.0,787.0,0.0032848616464043,1
2381,21.1,21.2,444.0,787.666666666667,0.0032743810821691,1
2382,21.1,21.2,448.0,786.75,0.0032743810821691,1
2383,21.1,21.2,444.0,782.5,0.0032743810821691,1
2384,21.1,21.1,454.75,779.75,0.003258854966124,1
2385,21.1,21.05,454.75,777.5,0.0032510921972433,1
2386,21.1,21.1,460.0,779.333333333333,0.003258854966124,1
2387,21.175,21.075,449.5,782.75,0.0032700770506921,1
2388,21.15,21.05,449.5,787.5,0.0032611422897746,1
2389,21.2,21.075,454.75,777.0,0.0032751252426063,1
2390,21.2,21.0666666666667,449.333333333333,789.666666666667,0.003273823398606,1
2391,21.175,21.075,460.0,805.25,0.0032700770506921,1
2392,21.2,20.9975,456.0,801.25,0.0032630183026221,1
2393,21.2,21.0,460.0,796.0,0.0032634088417551,1
2394,21.2225,21.025,449.5,793.25,0.0032718525916501,1
2395,21.29,20.9633333333333,453.0,788.333333333333,0.0032758137274266,1
2396,21.2675,21.0,460.0,794.5,0.0032770241114015,1
2397,21.29,21.0,460.0,797.5,0.0032815736352702,1
2398,21.3233333333333,21.0333333333333,460.0,810.0,0.0032935710924612,1
2399,21.29,21.0,450.75,812.5,0.0032815736352702,1
2400,21.29,21.0333333333333,454.666666666667,813.666666666667,0.0032868100072148,1
2401,21.315,20.9725,444.0,809.25,0.0032823085441381,1
2402,21.29,21.0,444.0,812.333333333333,0.0032815736352702,1
2403,21.29,21.0333333333333,454.666666666667,807.666666666667,0.0032868100072148,1
2404,21.315,21.0,460.0,810.5,0.0032866351830872,1
2405,21.34,21.0,452.0,811.5,0.0032917036031705,1
2406,21.325,20.978,456.0,808.0,0.0032851982645859,1
2407,21.31,20.956,460.0,804.5,0.0032787018749781,1
2408,21.3233333333333,20.86,460.0,797.333333333333,0.003266286614124,1
2409,21.3566666666667,20.9266666666667,460.0,796.333333333333,0.0032835189776984,1
2410,21.39,20.865,449.5,798.5,0.0032805228918615,1
2411,21.39,20.79,460.0,796.0,0.0032686689653675,1
2412,21.34,20.995,449.5,801.25,0.0032909157175633,1
2413,21.34,21.1,449.5,811.0,0.0033074617322846,1
2414,21.29,21.245,460.0,821.5,0.003320063015835,1
2415,21.34,21.2675,455.5,830.25,0.0033338583779915,1
2416,21.29,21.29,457.0,835.0,0.0033271330089955,1
2417,21.34,21.2,449.5,831.0,0.0033232206556675,1
2418,21.315,21.29,454.75,834.75,0.003332265202758,1
2419,21.29,21.29,460.0,837.0,0.0033271330089955,1
2420,21.315,21.29,460.0,841.0,0.003332265202758,1
2421,21.315,21.2675,460.0,844.5,0.0033287247043079,1
2422,21.39,21.34,460.0,847.0,0.0033556081982923,1
2423,21.39,21.2675,454.75,842.5,0.0033441466432948,1
2424,21.39,21.2,453.0,841.0,0.0033334759180324,1
2425,21.39,21.2475,449.5,839.5,0.0033409849089552,1
2426,21.365,21.3175,454.75,844.5,0.0033468912649104,1
2427,21.39,21.2,457.0,847.0,0.0033334759180324,1
2428,21.39,21.2675,454.0,847.75,0.0033441466432948,1
2429,21.3233333333333,21.23,464.0,843.333333333333,0.0033245313650839,1
2430,21.365,21.315,461.5,847.25,0.0033464966480141,1
2431,21.39,21.34,449.5,848.5,0.0033556081982923,1
2432,21.34,21.445,449.5,848.5,0.0033618333751114,1
2433,21.39,21.39,454.0,854.25,0.0033635129637759,1
2434,21.34,21.1475,455.5,848.25,0.0033149471218524,1
2435,21.3566666666667,21.2,468.0,844.333333333333,0.0033266359855609,1
2436,21.29,21.2,454.0,836.5,0.0033129931825405,1
2437,21.3233333333333,21.2,454.0,838.0,0.0033198084134662,1
2438,21.315,21.125,469.0,841.5,0.003306302478428,1
2439,21.34,21.0,469.0,832.0,0.0032917036031705,1
2440,21.315,20.865,469.0,825.0,0.0032653958936519,1
2441,21.315,20.9175,465.25,824.0,0.0032736554458653,1
2442,21.29,21.175,475.25,826.75,0.0033090655664527,1
2443,21.29,21.1,464.0,824.0,0.0032972830142179,1
2444,21.29,21.2,459.0,827.5,0.0033129931825405,1
2445,21.29,21.236,468.2,843.5,0.003318649036387,1
2446,21.365,21.17,474.0,845.6,0.0033236097201333,1
2447,21.39,20.79,492.333333333333,837.333333333333,0.0032686689653675,1
2448,21.3233333333333,21.0666666666667,474.0,825.666666666667,0.0032988183805212,1
2449,21.39,20.97,480.25,831.75,0.0032971191440604,1
2450,21.4725,21.0475,504.0,832.25,0.0033262279714466,1
2451,21.5,21.1,539.5,843.0,0.0033402197912787,1
2452,21.5,20.725,509.0,839.0,0.0032805425982835,1
2453,21.5,20.84,528.5,832.5,0.0032988423931977,1
2454,21.6,21.0225,499.0,840.0,0.0033484275623468,1
2455,21.65,20.9175,497.75,850.0,0.0033418744961136,1
2456,21.675,21.1,500.25,853.75,0.0033763756804593,1
2457,21.7,21.0,489.0,852.0,0.0033654557258547,1
2458,21.7,20.9725,490.25,856.25,0.0033610247671086,1
2459,21.7,20.945,494.0,854.5,0.0033565938711521,1
2460,21.7,20.89,485.666666666667,854.0,0.003347732267603,1
2461,21.7,20.815,481.5,850.75,0.0033356486674956,1
2462,21.7,20.8925,484.0,844.5,0.0033481350623159,1
2463,21.7,21.075,482.75,850.75,0.0033775404779471,1
2464,21.73,20.89,477.333333333333,861.0,0.0033539105471679,1
2465,21.73,20.93,477.333333333333,865.0,0.0033603672826684,1
2466,21.7675,20.795,485.25,860.75,0.0033462777347408,1
2467,21.754,20.896,485.25,853.25,0.0033598303343189,1
2468,21.73,20.7,482.75,849.75,0.0033232428742297,1
2469,21.79,20.945,464.0,844.5,0.0033752082368556,1
2470,21.7225,20.87,479.0,846.75,0.0033491382148791,1
2471,21.745,20.7225,476.75,852.5,0.0033299422525362,1
2472,21.7,20.79,476.0,851.0,0.0033316209045664,1
2473,21.7,20.7675,480.0,854.75,0.0033279959622919,1
2474,21.73,20.73,479.0,852.666666666667,0.003328084938404,1
2475,21.7225,20.7,479.0,848.25,0.003321711571076,1
2476,21.7225,20.7,485.25,848.0,0.003321711571076,1
2477,21.7,20.6,489.0,846.0,0.0033010116018345,1
2478,21.7,20.745,489.0,844.5,0.0033243710620435,1
2479,21.7675,20.7925,471.5,846.75,0.003345873277168,1
2480,21.76,20.73,471.0,849.0,0.0033342253481164,1
2481,21.79,20.55,487.75,837.0,0.0033112166120506,1
2482,21.79,20.5,467.666666666667,830.333333333333,0.0033031173401402,1
2483,21.79,20.65,469.25,829.5,0.0033274157853251,1
2484,21.73,20.5666666666667,462.333333333333,830.666666666667,0.0033017234962236,1
2485,21.79,20.6,462.75,834.25,0.0033193160937761,1
2486,21.79,20.6225,462.75,833.5,0.003322960929007,1
2487,21.79,20.5,472.333333333333,827.666666666667,0.0033031173401402,1
2488,21.79,20.678,485.0,821.25,0.0033319517042463,1
2489,21.745,20.5,479.0,822.333333333333,0.003293998911374,1
2490,21.745,20.6,471.5,821.75,0.0033101527107803,1
2491,21.7,20.6666666666667,464.0,826.0,0.0033117513667958,1
2492,21.7225,20.65,475.25,829.5,0.0033136453689721,1
2493,21.7,20.6,479.0,832.0,0.0033010116018345,1
2494,21.7,20.6,464.0,823.0,0.0033010116018345,1
2495,21.7,20.6,469.0,824.0,0.0033010116018345,1
2496,21.7,20.6,467.75,825.25,0.0033010116018345,1
2497,21.7,20.625,481.5,830.75,0.0033050389704628,1
2498,21.7,20.5,479.0,831.0,0.0032849026460851,1
2499,21.7225,20.6,479.0,826.0,0.0033055793749619,1
2500,21.76,20.5333333333333,490.666666666667,818.333333333333,0.0033024254204423,1
2501,21.7225,20.525,502.75,815.75,0.0032934807741049,1
2502,21.7225,20.5,490.25,816.0,0.0032894480111908,0
2503,21.7,20.5,479.0,813.25,0.0032849026460851,0
2504,21.7,20.39,474.0,806.0,0.0032671837533781,0
2505,21.7,20.525,492.75,804.5,0.0032889298072099,0
2506,21.7,20.46,507.0,801.0,0.0032784592961816,1
2507,21.7,20.575,484.0,796.0,0.0032969842850836,1
2508,21.7,20.4425,467.75,801.0,0.0032756403723559,1
2509,21.7,20.39,464.0,803.0,0.0032671837533781,1
2510,21.7,20.39,469.0,795.666666666667,0.0032671837533781,1
2511,21.7,20.4175,464.0,794.0,0.0032716133824094,1
2512,21.7,20.5,471.0,787.0,0.0032849026460851,1
2513,21.7,20.39,462.75,787.0,0.0032671837533781,1
2514,21.7,20.39,481.5,788.0,0.0032671837533781,1
2515,21.7,20.39,479.0,786.5,0.0032671837533781,1
2516,21.7,20.39,469.25,788.25,0.0032671837533781,1
2517,21.7,20.39,469.0,788.333333333333,0.0032671837533781,1
2518,21.7,20.39,469.0,781.0,0.0032671837533781,1
2519,21.65,20.365,457.75,788.75,0.0032531429315252,1
2520,21.6333333333333,20.3233333333333,460.666666666667,790.666666666667,0.0032431272051831,1
2521,21.65,20.34,465.5,789.5,0.0032491285240774,1
2522,21.7,20.39,474.333333333333,794.333333333333,0.0032671837533781,1
2523,21.675,20.4175,477.75,792.5,0.0032665899735331,1
2524,21.65,20.2475,487.75,789.5,0.0032342756647254,1
2525,21.7,20.5333333333333,492.333333333333,785.5,0.0032902722057791,1
2526,21.7,20.4725,490.25,792.6,0.0032804728287615,1
2527,21.7,20.4266666666667,484.0,800.0,0.003273089939367,1
2528,21.7,20.4633333333333,480.666666666667,795.0,0.0032789962369349,1
2529,21.7,20.32,491.5,795.75,0.0032559086172273,1
2530,21.675,20.4175,501.5,802.0,0.0032665899735331,1
2531,21.7,20.39,494.0,803.0,0.0032671837533781,1
2532,21.7,20.39,494.0,796.25,0.0032671837533781,1
2533,21.7,20.39,479.0,806.666666666667,0.0032671837533781,1
2534,21.7,20.3933333333333,506.0,805.666666666667,0.0032677206747665,1
2535,21.7,20.29,514.0,803.0,0.0032510765404999,1
2536,21.7,20.4175,513.75,800.25,0.0032716133824094,1
2537,21.7,20.39,514.0,793.0,0.0032671837533781,1
2538,21.7,20.39,494.0,791.0,0.0032671837533781,1
2539,21.7,20.5,514.0,800.5,0.0032849026460851,1
2540,21.7,20.4266666666667,507.333333333333,808.0,0.003273089939367,1
2541,21.7,20.39,567.5,805.5,0.0032671837533781,1
2542,21.7,20.39,512.75,804.0,0.0032671837533781,1
2543,21.7,20.34,528.5,798.5,0.0032591300432051,1
2544,21.7225,20.315,541.5,806.25,0.0032596071822601,1
2545,21.7,20.2475,533.75,802.5,0.003244231226316,1
2546,21.73,20.2933333333333,504.0,794.333333333333,0.0032576134012782,1
2547,21.79,20.3425,494.0,800.25,0.0032776060049359,1
2548,21.7675,20.3175,496.5,806.0,0.0032690358303655,1
2549,21.79,20.245,496.5,804.5,0.0032618143167731,1
2550,21.79,20.295,504.0,801.0,0.0032699125187526,1
2551,21.79,20.295,489.0,801.5,0.0032699125187526,1
2552,21.79,20.2675,489.0,805.0,0.0032654584817049,1
2553,21.79,20.23,518.666666666667,802.333333333333,0.0032593848970839,1
2554,21.76,20.26,489.0,800.666666666667,0.0032582342815854,1
2555,21.79,20.2925,486.5,799.5,0.0032695076036716,1
2556,21.79,20.245,471.5,806.0,0.0032618143167731,1
2557,21.73,20.3566666666667,474.0,812.666666666667,0.0032678334790974,1
2558,21.745,20.34,484.0,816.5,0.0032681545682421,1
2559,21.76,20.39,479.0,820.333333333333,0.0032792512394256,1
2560,21.7675,20.545,479.0,817.5,0.0033058345670624,1
2561,21.79,20.39,479.0,811.333333333333,0.0032852996804469,1
2562,21.745,20.39,484.0,820.75,0.0032762306959748,1
2563,21.745,20.4725,486.5,815.5,0.0032895567628539,1
2564,21.745,20.445,499.0,821.0,0.0032851146774482,1
2565,21.745,20.4425,511.5,821.5,0.0032847108546318,1
2566,21.7,20.495,521.5,813.0,0.003284097220085,1
2567,21.73,20.3566666666667,504.0,801.666666666667,0.0032678334790974,1
2568,21.73,20.29,489.0,799.0,0.0032570755117004,1
2569,21.7,20.3566666666667,500.666666666667,799.666666666667,0.0032618145902104,1
2570,21.7,20.2675,511.0,797.25,0.0032474525319668,1
2571,21.7,20.2225,500.25,789.75,0.0032402046409295,1
2572,21.7,20.2,494.0,780.25,0.0032365807584238,1
2573,21.7,20.1666666666667,497.333333333333,782.333333333333,0.0032312121208162,1
2574,21.7,20.1,495.666666666667,779.333333333333,0.0032204751221853,1
2575,21.7,20.14,492.0,773.5,0.003226917277111,1
2576,21.7,20.15,509.0,771.666666666667,0.0032285278365859,1
2577,21.7,20.0,509.0,769.0,0.0032043703156642,1
2578,21.7,20.0,495.25,763.0,0.0032043703156642,1
2579,21.7,20.0,499.0,760.0,0.0032043703156642,1
2580,21.7,20.1,489.0,752.0,0.0032204751221853,1
2581,21.7,20.125,481.25,757.5,0.0032245014534564,1
2582,21.7,20.025,489.0,759.0,0.003208396439512,1
2583,21.7,20.0,377.75,757.75,0.0032043703156642,1
2584,21.7,20.075,44.0,754.75,0.0032164488427715,0
2585,21.7,20.075,60.25,755.0,0.0032164488427715,0
2586,21.65,20.05,60.75,753.5,0.0032025651645762,0
2587,21.65,20.05,57.0,760.0,0.0032025651645762,0
2588,21.6,20.0,67.0,758.0,0.0031847316472586,0
2589,21.6,20.0,66.5,751.75,0.0031847316472586,0
2590,21.6,20.0,53.0,739.25,0.0031847316472586,0
2591,21.5333333333333,19.9633333333333,58.3333333333333,732.0,0.0031658537474929,0
2592,21.55,20.0,61.5,733.0,0.0031749520955216,0
2593,21.525,20.0,48.5,723.5,0.0031700722383287,0
2594,21.5,19.9725,62.5,720.25,0.0031608247183762,0
2595,21.5,20.0,68.75,719.25,0.0031651989833431,0
2596,21.5,19.9725,47.0,714.333333333333,0.0031608247183762,0
2597,21.4725,19.945,54.5,713.4,0.0031511124204588,0
2598,21.445,19.89,50.0,708.0,0.0031370637650272,0
2599,21.39,19.89,50.0,708.5,0.0031264568964175,0
2600,21.39,19.89,52.3333333333333,701.0,0.0031264568964175,0
2601,21.39,19.89,57.0,692.5,0.0031264568964175,0
2602,21.39,19.89,81.25,688.75,0.0031264568964175,0
2603,21.39,19.6966666666667,50.0,689.666666666667,0.0030959160774897,0
2604,21.34,19.7675,51.75,676.25,0.0030975498599453,0
2605,21.29,19.7266666666667,58.3333333333333,671.333333333333,0.0030816098705629,0
2606,21.29,19.6666666666667,131.333333333333,665.333333333333,0.0030721906494104,0
2607,21.29,19.745,293.5,662.25,0.0030844880225373,1
2608,21.29,19.7,440.0,660.0,0.0030774235150044,1
2609,21.29,19.625,483.75,662.5,0.0030656496906243,1
2610,21.29,19.575,492.75,658.75,0.0030578007207781,1
2611,21.29,19.6,499.0,659.25,0.0030617251810611,1
2612,21.29,19.55,489.0,652.0,0.0030538763097744,1
2613,21.29,19.6,479.0,653.5,0.0030617251810611,1
2614,21.29,19.55,486.5,658.5,0.0030538763097744,1
2615,21.29,19.4175,489.0,656.0,0.0030330777541343,1
2616,21.29,19.525,490.25,652.5,0.003049951948049,1
2617,21.29,19.6,486.5,658.5,0.0030617251810611,1
2618,21.39,19.5,495.0,665.25,0.0030648517543559,1
2619,21.39,19.5,480.666666666667,660.0,0.0030648517543559,1
2620,21.39,19.5,485.25,663.25,0.0030648517543559,1
2621,21.445,19.5,494.0,665.0,0.003075248592189,1
2622,21.5,19.5,500.666666666667,668.666666666667,0.0030856764532943,1
2623,21.5,19.4725,508.5,667.0,0.003081303301087,1
2624,21.5,19.445,508.5,664.0,0.0030769302100692,1
2625,21.5,19.4175,500.25,655.25,0.0030725571802395,1
2626,21.5,19.4725,507.5,655.5,0.003081303301087,1
2627,21.5,19.445,516.5,659.0,0.0030769302100692,1
2628,21.5,19.365,536.5,656.25,0.0030642088386529,1
2629,21.5,19.39,514.0,659.5,0.0030681842115968,1
2630,21.5,19.29,516.25,654.0,0.0030522830232112,1
2631,21.5,19.315,546.0,647.0,0.003056258244461,0
2632,21.5,19.39,573.0,652.666666666667,0.0030681842115968,0
2633,21.55,19.34,560.75,663.75,0.0030696616041155,0
2634,21.6,19.3566666666667,524.0,652.0,0.0030817818824015,0
2635,21.6,19.29,537.0,653.0,0.0030711154517724,0
2636,21.625,19.2225,548.75,649.5,0.0030650234197501,0
2637,21.7,19.34,541.5,640.0,0.0030980993973284,1
2638,21.64,19.31,549.4,645.5,0.0030818848103959,1
2639,21.7,19.1666666666667,509.0,646.0,0.0030701958528562,1
2640,21.675,19.125,523.75,637.25,0.0030587863616338,1
2641,21.7,19.12,559.5,632.25,0.0030626837857422,1
2642,21.6333333333333,19.03,549.25,623.25,0.0030357342611888,1
2643,21.6666666666667,19.2,525.333333333333,624.0,0.003069268606619,1
2644,21.7,19.2,535.5,633.5,0.0030755617256294,1
2645,21.7,19.075,545.5,634.25,0.0030554401777391,1
2646,21.7,19.1,551.0,626.0,0.0030594643836806,1
2647,21.7225,19.1,586.0,629.0,0.0030636962783364,1
2648,21.745,19.05,581.75,626.75,0.0030598625742277,1
2649,21.76,19.0666666666667,557.666666666667,626.666666666667,0.0030653753762208,1
2650,21.79,18.9933333333333,571.0,631.0,0.0030591576581524,1
2651,21.79,19.05,555.5,629.75,0.0030683296877272,1
2652,21.7675,19.0,525.25,625.0,0.0030560118044718,1
2653,21.7675,19.0,543.75,626.0,0.0030560118044718,1
2654,21.79,19.0,563.5,627.0,0.0030602367064843,1
2655,21.79,19.0,551.666666666667,630.666666666667,0.0030602367064843,1
2656,21.79,19.15,531.0,639.25,0.0030845162789336,1
2657,21.76,19.0333333333333,553.333333333333,642.333333333333,0.0030599899639991,1
2658,21.79,19.05,531.5,637.0,0.0030683296877272,1
2659,21.79,19.1,546.5,654.5,0.003076422878541,1
2660,21.79,19.2,524.0,658.5,0.0030926098889134,1
2661,21.79,19.2,509.0,669.0,0.0030926098889134,1
2662,21.8233333333333,19.23,537.666666666667,673.0,0.0031038113539982,1
2663,21.89,19.3233333333333,524.0,680.0,0.0031317384210383,1
2664,21.815,19.3675,543.25,683.5,0.0031245171986193,1
2665,21.89,19.5,534.666666666667,688.333333333333,0.0031605163281273,1
2666,21.89,19.55,526.0,709.75,0.0031686614998748,1
2667,21.89,19.675,522.0,717.75,0.0031890253578488,1
2668,21.89,19.5,549.5,717.0,0.0031605163281273,1
2669,21.89,19.6,547.75,720.5,0.0031768068838708,1
2670,21.89,19.76,552.333333333333,731.0,0.0032028735390644,1
2671,21.945,19.79,551.0,735.5,0.0032186035816425,1
2672,22.0,19.79,538.333333333333,735.666666666667,0.0032294781187166,1
2673,22.0,19.7175,555.25,733.25,0.0032175858323314,1
2674,22.0,19.7675,570.0,724.75,0.0032257873607345,1
2675,22.0,19.84,570.0,729.0,0.0032376799591278,1
2676,22.0,19.87,535.5,738.0,0.0032426011666644,1
2677,22.0,20.0,559.333333333333,756.333333333333,0.0032639272945516,1
2678,22.0,20.0,566.0,763.75,0.0032639272945516,1
2679,22.05,20.05,557.25,773.75,0.0032821756447241,1
2680,22.0666666666667,20.0666666666667,562.0,766.0,0.0032882757581069,1
2681,22.1,20.075,566.25,760.0,0.0032963751832523,1
2682,22.1,20.1333333333333,567.666666666667,767.0,0.0033060046023843,1
2683,22.1,20.1975,562.0,768.5,0.0033165973059871,1
2684,22.1,20.1,562.0,767.5,0.0033005020408502,1
2685,22.1,20.1333333333333,554.333333333333,767.666666666667,0.0033060046023843,1
2686,22.125,20.3175,556.75,769.25,0.0033415226138129,1
2687,22.15,20.5,555.0,790.0,0.0033768682387404,1
2688,22.1666666666667,20.4633333333333,543.666666666667,799.666666666667,0.0033742385585493,1
2689,22.2,20.5,547.0,803.75,0.0033872251872575,1
2690,22.2,20.445,539.0,804.5,0.0033780881546604,1
2691,22.2,20.65,539.0,802.25,0.0034121457241458,1
2692,22.2,20.7225,539.0,816.75,0.0034241913622751,1
2693,22.2,20.55,538.0,812.0,0.0033955318122178,1
2694,22.2,20.55,541.75,810.333333333333,0.0033955318122178,1
2695,22.2,20.7225,530.5,827.0,0.0034241913622751,1
2696,22.175,20.745,534.25,830.25,0.003422685181746,1
2697,22.2,20.65,519.0,826.0,0.0034121457241458,1
2698,22.2,20.625,526.75,822.5,0.0034079921634101,1
2699,22.2,20.6633333333333,512.0,832.0,0.0034143609790969,1
2700,22.2,20.745,513.5,840.0,0.00342792975811,1
2701,22.1333333333333,20.8233333333333,498.666666666667,846.0,0.0034269220861601,1
2702,22.1666666666667,20.8566666666667,528.0,853.333333333333,0.0034394546921402,1
2703,22.175,20.8975,528.0,857.5,0.0034479853944508,1
2704,22.2,20.7,513.0,860.0,0.0034204530111312,1
2705,22.2,20.945,523.5,863.5,0.0034611619076373,1
2706,22.2,20.92,523.5,865.0,0.0034570076958142,1
2707,22.2,21.1475,526.0,875.0,0.0034948130573048,1
2708,22.2,21.245,523.5,882.5,0.0035110167541769,1
2709,22.2,21.34,528.75,888.25,0.0035268057791755,1
2710,22.2,21.3175,528.75,894.0,0.0035230662012193,1
2711,22.2,21.29,528.666666666667,895.333333333333,0.0035184956666598,1
2712,22.2,21.4175,518.0,893.0,0.0035396868899444,1
2713,22.175,21.445,518.0,890.0,0.0035388341742847,1
2714,22.1666666666667,21.4633333333333,518.0,898.0,0.0035400689608168,1
2715,22.175,21.39,513.5,899.25,0.003529706620387,1
2716,22.2,21.5,513.5,896.0,0.0035533996230805,1
2717,22.2,21.2925,518.75,902.5,0.0035189111670416,1
2718,22.2,21.4,519.0,903.333333333333,0.003536778205658,1
2719,22.2,21.445,509.0,904.5,0.0035442577341901,1
2720,22.2,21.5,509.0,905.0,0.0035533996230805,1
2721,22.2,21.575,512.75,910.75,0.0035658662658311,1
2722,22.2,21.7675,509.0,915.25,0.0035978662567398,1
2723,22.2,21.6666666666667,509.0,923.666666666667,0.0035811039484497,1
2724,22.2,21.7675,508.75,930.0,0.0035978662567398,1
2725,22.15,21.745,514.0,930.5,0.0035831326262406,1
2726,22.2,21.7,514.0,925.25,0.0035866451079968,1
2727,22.1666666666667,21.76,509.0,920.333333333333,0.0035892822303429,1
2728,22.125,21.7475,499.0,922.0,0.0035780608196993,1
2729,22.1,21.77,499.0,924.0,0.0035762995384961,1
2730,22.1,21.4966666666667,499.0,919.333333333333,0.0035311423799491,1
2731,22.1,21.1475,499.0,893.5,0.0034734663458245,1
2732,22.1,21.67,496.5,884.5,0.0035597778705402,1
2733,22.1,21.84,499.0,914.0,0.003587865225336,1
2734,22.1,21.6333333333333,490.666666666667,925.0,0.003553720144277,1
2735,22.1,21.1175,504.0,887.0,0.0034685113832082,1
2736,22.1,21.575,500.25,884.25,0.0035440830942863,1
2737,22.1,21.6,499.0,893.333333333333,0.0035482132222091,1
2738,22.1,21.625,496.5,895.0,0.0035523434046702,1
2739,22.1,21.2925,489.0,889.75,0.0034974164385687,1
2740,22.1,21.15,489.0,880.5,0.0034738792629196,1
2741,22.075,21.2225,489.0,864.75,0.003480516312372,1
2742,22.1,21.2,481.5,863.0,0.0034821377193119,1
2743,22.05,21.3975,484.0,868.5,0.0035040034203563,1
2744,22.0666666666667,21.4933333333333,487.333333333333,876.333333333333,0.0035233844438254,1
2745,22.075,21.3925,484.0,880.5,0.0035085537887693,1
2746,22.0333333333333,21.5666666666667,487.333333333333,883.666666666667,0.0035282550994587,1
2747,22.1,21.595,484.0,892.0,0.0035473871922615,1
2748,22.1,21.225,494.0,884.5,0.0034862670292891,1
2749,22.1,21.145,494.0,883.5,0.0034730534292746,1
2750,22.1,21.32,490.25,876.0,0.0035019589044536,1
2751,22.1,21.5333333333333,479.0,882.333333333333,0.0035371996689418,1
2752,22.1,21.3925,486.5,908.5,0.0035139348125879,1
2753,22.1,21.1633333333333,479.0,892.333333333333,0.0034760814966342,1
2754,22.1,21.365,479.0,878.25,0.0035093921727612,1
2755,22.1,21.0666666666667,479.0,870.0,0.0034601156535406,1
2756,22.1,20.9633333333333,479.0,866.666666666667,0.0034430496191381,1
2757,22.1,21.26,479.0,863.333333333333,0.0034920481548546,1
2758,22.1,21.445,479.0,883.5,0.0035226073082043,1
2759,22.1,21.4633333333333,479.0,896.0,0.0035256358553889,1
2760,22.1,21.445,475.25,901.75,0.0035226073082043,1
2761,22.1,21.2475,471.5,896.5,0.0034899834548849,1
2762,22.0666666666667,21.0666666666667,464.0,876.333333333333,0.0034530530368563,1
2763,22.075,21.1725,467.75,865.0,0.0034722704741212,1
2764,22.05,21.2425,474.5,872.0,0.0034784790421411,1
2765,22.0,20.795,474.5,873.5,0.0033943764272838,1
2766,22.0,20.9633333333333,478.0,854.0,0.0034220047152566,1
2767,22.0,21.2425,474.5,865.25,0.0034678292871918,1
2768,22.0,20.94,474.5,870.5,0.0034181749058449,1
2769,22.0,21.1566666666667,478.0,858.666666666667,0.0034537392262869,1
2770,22.0083333333333,21.0841666666667,478.3,861.633333333333,0.0034435980092623,1
2771,22.0166666666667,21.0116666666667,478.6,864.6,0.0034334457995585,1
2772,22.0,20.92,477.0,858.25,0.0034148922493951,1
2773,21.9725,21.315,473.0,869.75,0.0034738658018743,1
2774,22.0,21.15,469.0,877.75,0.0034526448791924,1
2775,22.0,20.8675,469.0,867.75,0.0034062754401645,1
2776,22.0,20.945,469.0,861.0,0.0034189955753417,1
2777,22.0,21.32,469.0,866.5,0.0034805519264045,1
2778,22.0,21.3925,469.0,880.75,0.0034924542187639,1
2779,22.0,21.05,469.0,880.0,0.0034362301323054,1
2780,22.0,21.2725,469.0,874.0,0.0034727541183921,1
2781,21.9633333333333,21.4633333333333,469.0,885.666666666667,0.003496209854666,1
2782,21.9725,21.3925,469.0,901.25,0.0034865673601629,1
2783,21.9633333333333,21.29,469.0,893.666666666667,0.0034678177887052,1
2784,21.89,21.1725,469.0,886.5,0.0034330875631279,1
2785,21.89,21.3233333333333,469.0,879.0,0.0034576809087596,1
2786,21.9175,21.315,469.0,879.0,0.0034621613202575,1
2787,21.89,21.39,469.0,884.25,0.0034685515121402,1
2788,21.89,21.245,469.0,877.0,0.0034449084326126,1
2789,21.89,21.22,469.0,875.75,0.0034408322202468,1
2790,21.89,21.34,469.0,877.0,0.0034603985241801,1
2791,21.89,21.29,461.5,879.0,0.0034522457487658,1
2792,21.89,21.1725,454.0,871.75,0.0034330875631279,1
2793,21.89,21.5225,454.0,880.5,0.0034901579582213,1
2794,21.89,21.39,454.0,895.666666666667,0.0034685515121402,1
2795,21.89,21.2675,454.0,896.0,0.0034485770691702,1
2796,21.865,21.32,459.25,883.0,0.0034518352839335,1
2797,21.89,21.4966666666667,468.0,889.0,0.0034859452635352,1
2798,21.865,21.3175,464.5,890.5,0.0034514282729999,1
2799,21.79,21.53,468.0,897.0,0.0034700047091969,1
2800,21.84,21.4425,464.5,913.75,0.0034664537615766,1
2801,21.79,21.1975,464.5,902.5,0.0034161211380453,1
2802,21.76,21.2,468.0,890.333333333333,0.0034102348881157,1
2803,21.745,21.1725,457.0,876.0,0.0034026492816877,1
2804,21.79,21.445,464.5,890.0,0.0034562290783098,1
2805,21.745,21.34,453.25,893.0,0.0034297167717141,1
2806,21.73,21.2933333333333,453.0,891.666666666667,0.0034190220699345,1
2807,21.7225,21.5225,454.75,897.5,0.0034544304697139,1
2808,21.7225,21.5225,460.0,903.75,0.0034544304697139,1
2809,21.7,21.34,460.0,908.5,0.0034202436762183,1
2810,21.73,21.5666666666667,460.0,907.0,0.0034631549424416,1
2811,21.7225,21.525,460.0,910.5,0.0034548339565001,1
2812,21.745,21.675,460.0,917.25,0.0034838587812776,1
2813,21.79,21.6,460.0,926.5,0.0034813498020422,1
2814,21.79,21.55,460.0,925.0,0.0034732461222995,1
2815,21.79,21.6333333333333,460.0,921.666666666667,0.0034867523718626,1
2816,21.7675,21.7675,460.0,934.0,0.0035036514267742,1
2817,21.7675,21.865,460.0,947.25,0.0035194336207563,1
2818,21.79,21.8233333333333,460.0,953.0,0.0035175488020433,1
2819,21.79,21.8175,460.0,959.0,0.0035166032524845,1
2820,21.79,21.945,460.0,959.5,0.0035372709158867,1
2821,21.7675,21.6975,444.0,962.0,0.0034923211119607,1
2822,21.76,21.8266666666667,449.333333333333,944.0,0.0035116096895995,1
2823,21.7225,21.8925,444.0,953.5,0.0035141521775514,1
2824,21.745,21.815,444.0,949.0,0.0035064880701341,1
2825,21.7,21.8233333333333,444.0,948.666666666667,0.0034981450331295,1
2826,21.745,21.815,444.0,952.75,0.0035064880701341,1
2827,21.7225,21.97,444.0,951.25,0.0035266628988633,1
2828,21.79,22.05,444.0,961.5,0.0035542923700992,1
2829,21.79,21.775,444.0,964.25,0.0035097143348389,1
2830,21.7675,21.745,444.0,951.0,0.0035000094951048,1
2831,21.79,21.7933333333333,444.0,945.666666666667,0.0035126860061937,1
2832,21.79,21.7225,444.0,936.0,0.0035012047048839,1
2833,21.7675,21.79,444.0,935.0,0.0035072934008537,1
2834,21.79,21.745,444.0,938.0,0.0035048516607989,1
2835,21.7675,21.8175,444.0,926.75,0.0035117447601014,1
2836,21.7675,21.89,444.0,932.0,0.0035234804654466,1
2837,21.79,21.79,447.4,942.0,0.0035121457002108,1
2838,21.79,21.79,450.666666666667,935.0,0.0035121457002108,1
2839,21.79,21.79,449.0,937.5,0.0035121457002108,1
2840,21.79,21.65,438.0,927.25,0.0034894536917714,1
2841,21.79,21.6,438.0,916.5,0.0034813498020422,1
2842,21.79,21.745,438.0,914.0,0.0035048516607989,1
2843,21.79,21.7,441.0,910.0,0.0034975577914952,1
2844,21.79,21.65,437.25,923.0,0.0034894536917714,1
2845,21.84,21.65,436.5,918.75,0.0035001875528524,1
2846,21.84,21.6,429.0,904.0,0.0034920585956856,1
2847,21.79,21.395,432.75,901.0,0.0034481260494735,1
2848,21.79,21.6,438.0,893.0,0.0034813498020422,1
2849,21.79,21.6225,438.0,885.5,0.003484996526434,1
2850,21.745,21.575,438.0,890.0,0.0034676960059527,1
2851,21.7225,21.5475,438.0,886.5,0.0034584653610025,1
2852,21.7,21.4266666666667,441.0,887.0,0.0034342107676193,1
2853,21.7,21.525,438.0,883.25,0.003450058799875,1
2854,21.7,21.445,438.0,874.0,0.0034371654245873,1
2855,21.7,21.575,447.0,874.0,0.003458117429383,1
2856,21.7,21.5333333333333,447.0,871.666666666667,0.0034514018903721,1
2857,21.7,21.6,447.0,879.25,0.0034621468220112,1
2858,21.7,21.516,441.4,872.75,0.003448608268617,1
2859,21.7,21.36,447.0,868.5,0.0034234667957879,1
2860,21.7,21.5,443.5,859.75,0.0034460295629932,1
2861,21.7,21.2675,433.0,848.25,0.0034085601462559,1
2862,21.6666666666667,21.39,433.0,843.0,0.0034212827026562,1
2863,21.625,21.315,433.0,849.0,0.0034004961561285,1
2864,21.6,21.39,433.0,841.666666666667,0.0034072829792101,1
2865,21.6,21.39,433.0,847.5,0.0034072829792101,1
2866,21.6,21.34,433.0,844.25,0.0033992747884059,1
2867,21.6,21.3233333333333,433.0,844.333333333333,0.0033966054370456,1
2868,21.6,21.29,433.0,838.75,0.003391266802685,1
2869,21.6,21.29,433.0,831.666666666667,0.003391266802685,1
2870,21.6,21.2675,433.0,822.25,0.0033876632760169,1
2871,21.6,21.2,433.0,817.5,0.0033768529451722,1
2872,21.6,21.1333333333333,433.0,819.0,0.003366176442034,1
2873,21.6,21.1333333333333,433.0,817.666666666667,0.003366176442034,1
2874,21.6,21.2,433.0,818.0,0.0033768529451722,1
2875,21.625,21.2225,433.0,819.75,0.0033856588103723,1
2876,21.65,21.2,433.0,819.5,0.0033872537604701,1
2877,21.6666666666667,21.2266666666667,433.0,813.0,0.0033950153059498,1
2878,21.65,21.125,433.0,811.75,0.0033752055260205,1
2879,21.675,21.175,433.0,813.75,0.0033884423949699,1
2880,21.7,21.125,433.0,812.0,0.0033855972388226,1
2881,21.7,21.05,433.0,801.0,0.0033735121753546,1
2882,21.6333333333333,20.9633333333333,433.0,801.0,0.0033458055533904,1
2883,21.675,21.175,433.0,798.75,0.0033884423949699,1
2884,21.7,21.08,433.0,805.75,0.0033783461446932,1
2885,21.7,20.89,433.0,802.25,0.003347732267603,1
2886,21.625,20.9975,433.0,791.5,0.0033495709081566,1
2887,21.65,20.9175,433.0,790.5,0.0033418744961136,1
2888,21.65,20.89,433.0,780.5,0.0033374573973399,1
2889,21.7,20.9175,433.0,781.0,0.0033521630379841,1
2890,21.7,20.9633333333333,433.0,780.333333333333,0.0033595477948132,1
2891,21.7,20.8566666666667,433.0,778.0,0.0033423617210135,1
2892,21.7,20.865,433.0,778.5,0.0033437043490129,1
2893,21.7,20.945,433.0,780.75,0.0033565938711521,1
2894,21.7,20.84,433.0,772.0,0.0033396764823107,1
2895,21.7,20.89,433.0,777.0,0.003347732267603,1
2896,21.7,20.89,426.0,780.5,0.003347732267603,1
2897,21.7,20.84,0.0,778.5,0.0033396764823107,0
2898,21.675,20.9725,0.0,781.25,0.0033558633344194,0
2899,21.65,20.795,0.0,780.5,0.0033221988089583,0
2900,21.6,20.6,0.0,775.5,0.0032807775386083,0
2901,21.5333333333333,20.7,0.0,763.333333333333,0.0032832935329288,0
2902,21.5,20.6,0.0,758.0,0.003260652731688,0
2903,21.5,20.7,0.0,750.5,0.0032765645237319,0
2904,21.5,20.7,0.0,746.0,0.0032765645237319,0
2905,21.5,20.65,0.0,750.0,0.0032686085264794,0
2906,21.5,20.7,0.0,740.0,0.0032765645237319,0
2907,21.445,20.6,0.0,738.5,0.0032496304744935,0
2908,21.39,20.5,0.0,730.666666666667,0.003222838011421,0
2909,21.39,20.5,0.0,725.5,0.003222838011421,0
2910,21.39,20.5,0.0,724.0,0.003222838011421,0
2911,21.39,20.5,0.0,722.5,0.003222838011421,0
2912,21.39,20.5,0.0,719.0,0.003222838011421,0
2913,21.3233333333333,20.5,0.0,711.0,0.0032096264589776,0
2914,21.3233333333333,20.5,0.0,703.666666666667,0.0032096264589776,0
2915,21.29,20.5,0.0,703.0,0.0032030385790732,0
2916,21.29,20.3933333333333,0.0,704.333333333333,0.003186286986915,0
2917,21.29,20.29,0.0,689.0,0.0031700597380283,0
2918,21.2,20.29,0.0,686.5,0.0031525153296865,0
2919,21.2,20.245,0.0,674.5,0.0031454881931766,0
2920,21.2,20.15,0.0,672.0,0.0031306536459959,0
2921,21.2,20.2,0.0,666.5,0.0031384612146445,0
2922,21.175,20.2,0.0,664.75,0.0031336247287626,0
2923,21.1,20.15,0.0,664.5,0.0031113953109648,0
2924,21.1,20.2,0.0,661.0,0.0031191546114142,0
2925,21.1,20.2,0.0,649.5,0.0031191546114142,0
2926,21.1,20.1,0.0,647.0,0.0031036362031379,0
2927,21.1,20.1,0.0,645.5,0.0031036362031379,0
2928,21.05,20.05,0.0,644.0,0.003086335351148,0
2929,21.0,20.0,0.0,636.5,0.0030691085850655,0
2930,21.0,20.0,0.0,630.5,0.0030691085850655,0
2931,21.0,20.0,0.0,626.0,0.0030691085850655,0
2932,21.0,20.0,0.0,625.0,0.0030691085850655,0
2933,21.0,20.0,0.0,625.5,0.0030691085850655,0
2934,21.0,19.945,0.0,624.0,0.0030606270061661,0
2935,21.0,19.89,0.0,614.0,0.003052145657437,0
2936,20.89,20.0,0.0,616.5,0.0030483166482805,0
2937,20.9266666666667,20.0,0.0,609.666666666667,0.0030552334745546,0
2938,21.0,19.8933333333333,0.0,607.5,0.0030526596720201,0
2939,21.0,19.89,0.0,602.0,0.003052145657437,0
2940,21.0,19.89,0.0,598.0,0.003052145657437,0
2941,20.89,19.79,0.0,595.5,0.0030161541160387,0
2942,21.0,19.79,0.0,593.0,0.0030367256130464,0
2943,20.89,19.79,0.0,592.0,0.0030161541160387,0
2944,20.89,19.79,0.0,582.0,0.0030161541160387,0
2945,20.89,19.79,0.0,581.666666666667,0.0030161541160387,0
2946,20.89,19.79,0.0,576.5,0.0030161541160387,0
2947,20.945,19.79,0.0,572.5,0.0030264244800489,0
2948,20.89,19.79,0.0,575.5,0.0030161541160387,0
2949,20.89,19.745,0.0,578.5,0.003009262575466,0
2950,21.0,19.79,0.0,578.0,0.0030367256130464,0
2951,20.945,19.7,0.0,572.5,0.0030125943921452,0
2952,20.9633333333333,19.6333333333333,0.0,574.333333333333,0.0030057531474667,0
2953,20.945,19.695,0.0,570.0,0.003011826071874,0
2954,21.0,19.5,0.0,569.0,0.0029920117864734,0
2955,20.89,19.65,0.0,562.0,0.0029947142666563,0
2956,20.89,19.5,0.0,562.0,0.002971744631646,0
2957,20.79,19.6,0.0,550.0,0.0029686429518897,0
2958,20.84,19.65,0.0,551.0,0.0029854707012152,0
2959,20.79,19.6,0.0,551.666666666667,0.0029686429518897,0
2960,20.79,19.6,0.0,547.0,0.0029686429518897,0
2961,20.79,19.5,0.0,537.0,0.0029534248964064,0
2962,20.7,19.39,0.0,532.5,0.0029203765906663,0
2963,20.79,19.5,0.0,533.0,0.0029534248964064,0
2964,20.745,19.445,0.0,536.0,0.0029368672608058,0
2965,20.7,19.4266666666667,0.0,530.0,0.0029259250273821,0
2966,20.7,19.4725,0.0,531.4,0.0029328607118292,0
2967,20.7,19.445,0.0,520.0,0.0029286992826871,0
2968,20.7,19.39,0.0,521.5,0.0029203765906663,0
2969,20.7,19.5,0.0,528.5,0.0029370221963941,0
2970,20.7,19.5,0.0,530.0,0.0029370221963941,0
2971,20.6333333333333,19.3233333333333,0.0,523.666666666667,0.0028983010082725,0
2972,20.6,19.29,0.0,525.0,0.002887310932575,0
2973,20.6,19.34,0.0,523.0,0.0028948297212513,0
2974,20.6,19.3566666666667,0.0,525.0,0.0028973360243515,0
2975,20.6,19.29,0.0,517.5,0.002887310932575,0
2976,20.6,19.39,0.0,519.5,0.0029023486908654,0
2977,20.6333333333333,19.39,0.0,519.333333333333,0.0029083470765205,0
2978,20.6,19.29,0.0,516.0,0.002887310932575,0
2979,20.6,19.29,0.0,516.0,0.002887310932575,0
2980,20.65,19.29,0.0,513.5,0.0028962657447749,0
2981,20.6,19.29,0.0,509.5,0.002887310932575,0
2982,20.5,19.29,0.0,502.0,0.0028694743828415,0
2983,20.5,19.29,0.0,503.0,0.0028694743828415,0
2984,20.5,19.29,0.0,501.0,0.0028694743828415,0
2985,20.39,19.245,0.0,500.5,0.0028432874223142,0
2986,20.34,19.29,0.0,498.0,0.0028411375859085,0
2987,20.39,19.445,0.0,499.0,0.0028729722272785,0
2988,20.39,19.29,0.0,497.0,0.0028499662575272,0
2989,20.39,19.34,0.0,498.0,0.002857387352999,0
2990,20.39,19.29,0.0,492.0,0.0028499662575272,0
2991,20.5,19.29,0.0,492.5,0.0028694743828415,0
2992,20.5,19.29,0.0,491.5,0.0028694743828415,0
2993,20.445,19.245,0.0,492.0,0.0028530039150655,0
2994,20.39,19.29,0.0,490.5,0.0028499662575272,0
2995,20.39,19.34,0.0,492.0,0.002857387352999,0
2996,20.5,19.34,0.0,489.5,0.0028769465098721,0
2997,20.445,19.29,0.0,488.0,0.0028597056786171,0
2998,20.39,19.29,0.0,484.5,0.0028499662575272,0
2999,20.39,19.245,0.0,485.5,0.0028432874223142,0
3000,20.445,19.29,0.0,481.5,0.0028597056786171,0
3001,20.5,19.29,0.0,484.0,0.0028694743828415,0
3002,20.5,19.29,0.0,483.0,0.0028694743828415,0
3003,20.5,19.29,0.0,479.0,0.0028694743828415,0
3004,20.5,19.245,0.0,483.0,0.0028627496213006,0
3005,20.5,19.26,0.0,479.0,0.0028649911923984,0
3006,20.5,19.2,0.0,481.0,0.0028560250045001,0
3007,20.39,19.2,0.0,477.0,0.0028366087298759,0
3008,20.39,19.2,0.0,475.0,0.0028366087298759,0
3009,20.39,19.29,0.0,474.0,0.0028499662575272,0
3010,20.39,19.245,0.0,476.0,0.0028432874223142,0
3011,20.39,19.2,0.0,472.0,0.0028366087298759,0
3012,20.39,19.2,0.0,474.0,0.0028366087298759,0
3013,20.39,19.2,0.0,479.0,0.0028366087298759,0
3014,20.39,19.2,0.0,476.0,0.0028366087298759,0
3015,20.39,19.245,0.0,476.5,0.0028432874223142,0
3016,20.39,19.2,0.0,472.333333333333,0.0028366087298759,0
3017,20.39,19.245,0.0,473.0,0.0028432874223142,0
3018,20.39,19.2,0.0,471.0,0.0028366087298759,0
3019,20.445,19.2,0.0,471.5,0.0028463022952683,0
3020,20.5,19.2,0.0,467.0,0.0028560250045001,0
3021,20.5,19.2,0.0,455.0,0.0028560250045001,0
3022,20.445,19.15,0.0,458.5,0.0028388562196444,0
3023,20.39,19.1,0.0,462.0,0.0028217677022694,0
3024,20.39,19.1,0.0,465.0,0.0028217677022694,0
3025,20.39,19.2,0.0,468.5,0.0028366087298759,0
3026,20.39,19.1,0.0,463.0,0.0028217677022694,0
3027,20.39,19.1,0.0,458.5,0.0028217677022694,0
3028,20.39,19.2,0.0,454.0,0.0028366087298759,0
3029,20.39,19.15,0.0,462.0,0.0028291881279461,0
3030,20.39,19.1,0.0,463.333333333333,0.0028217677022694,0
3031,20.39,19.1,0.0,458.0,0.0028217677022694,0
3032,20.29,19.1666666666667,0.0,460.0,0.0028141421452825,0
3033,20.29,19.2,0.0,457.0,0.002819058487085,0
3034,20.29,19.1,0.0,466.0,0.0028043096937771,0
3035,20.29,19.2,0.0,465.5,0.002819058487085,0
3036,20.29,19.2,0.0,461.5,0.002819058487085,0
3037,20.2675,19.175,0.0,458.0,0.0028114407868703,0
3038,20.245,19.245,0.0,464.0,0.0028178106891889,0
3039,20.245,19.245,0.0,465.5,0.0028178106891889,0
3040,20.29,19.245,0.0,464.0,0.0028256956712452,0
3041,20.245,19.245,0.0,459.5,0.0028178106891889,0
3042,20.29,19.245,0.0,455.5,0.0028256956712452,0
3043,20.29,19.2,0.0,454.0,0.002819058487085,0
3044,20.29,19.2,0.0,457.666666666667,0.002819058487085,0
3045,20.29,19.2,0.0,462.0,0.002819058487085,0
3046,20.29,19.2,0.0,457.0,0.002819058487085,0
3047,20.26,19.1966666666667,0.0,458.666666666667,0.0028133213670279,0
3048,20.29,19.29,0.0,459.0,0.0028323329964149,0
3049,20.29,19.2,0.0,452.0,0.002819058487085,0
3050,20.29,19.2,0.0,455.0,0.002819058487085,0
3051,20.29,19.1,0.0,458.0,0.0028043096937771,0
3052,20.29,19.2,0.0,459.5,0.002819058487085,0
3053,20.29,19.2,0.0,452.5,0.002819058487085,0
3054,20.29,19.2,0.0,451.0,0.002819058487085,0
3055,20.29,19.2,0.0,455.0,0.002819058487085,0
3056,20.245,19.2,0.0,452.5,0.0028111921091332,0
3057,20.2,19.15,0.0,449.0,0.00279601186423,0
3058,20.2,19.2,0.0,452.0,0.0028033450586151,0
3059,20.29,19.2,0.0,454.0,0.002819058487085,0
3060,20.2,19.1,0.0,453.0,0.0027886788419793,0
3061,20.2,19.1,0.0,449.0,0.0027886788419793,0
3062,20.2,19.1,0.0,450.0,0.0027886788419793,0
3063,20.15,19.1,0.0,450.0,0.0027800282142207,0
3064,20.2,19.2,0.0,452.0,0.0028033450586151,0
3065,20.2,19.2,0.0,448.5,0.0028033450586151,0
3066,20.2,19.1333333333333,0.0,448.666666666667,0.002793567504354,0
3067,20.15,19.15,0.0,452.0,0.0027873383875705,0
3068,20.2,19.1,0.0,461.5,0.0027886788419793,0
3069,20.2,19.1,0.0,455.0,0.0027886788419793,0
3070,20.2,19.0,0.0,455.0,0.0027740133138574,0
3071,20.2,19.1,0.0,450.0,0.0027886788419793,0
3072,20.2,19.1,0.0,449.0,0.0027886788419793,0
3073,20.2,19.0666666666667,0.0,449.333333333333,0.0027837902561062,0
3074,20.2,19.1,0.0,450.0,0.0027886788419793,0
3075,20.2,19.0,0.0,447.0,0.0027740133138574,0
3076,20.2,19.1,0.0,445.0,0.0027886788419793,0
3077,20.2,19.1,0.0,446.0,0.0027886788419793,0
3078,20.2,19.0,0.0,450.0,0.0027740133138574,0
3079,20.2,19.0333333333333,0.0,452.333333333333,0.0027789017467328,0
3080,20.2,19.05,0.0,448.0,0.0027813459918572,0
3081,20.15,19.1,0.0,447.5,0.0027800282142207,0
3082,20.2,19.1,0.0,448.5,0.0027886788419793,0
3083,20.2,19.1,0.0,447.0,0.0027886788419793,0
3084,20.2,19.1,0.0,443.666666666667,0.0027886788419793,0
3085,20.2,19.05,0.0,442.0,0.0027813459918572,0
3086,20.15,19.0,0.0,443.0,0.0027654083806946,0
3087,20.1333333333333,19.0666666666667,0.0,444.333333333333,0.0027722816393406,0
3088,20.15,19.05,0.0,442.0,0.0027727182119308,0
3089,20.1666666666667,19.1,0.0,446.333333333333,0.0027829091286467,0
3090,20.2,19.0,0.0,447.5,0.0027740133138574,0
3091,20.2,19.0,0.0,448.5,0.0027740133138574,0
3092,20.1,19.1,0.0,450.0,0.0027714012152491,0
3093,20.2,19.1,0.0,453.0,0.0027886788419793,0
3094,20.2,19.0,0.0,453.0,0.0027740133138574,0
3095,20.2,19.0333333333333,0.0,450.333333333333,0.0027789017467328,0
3096,20.15,18.945,0.0,440.5,0.0027573677638949,0
3097,20.2,19.05,0.0,444.5,0.0027813459918572,0
3098,20.2,18.89,0.0,450.0,0.0027578820280988,0
3099,20.2,19.0,0.0,447.0,0.0027740133138574,0
3100,20.2,19.0,0.0,446.0,0.0027740133138574,0
3101,20.2,19.0,0.0,441.5,0.0027740133138574,0
3102,20.2,18.9266666666667,0.0,441.333333333333,0.0027632590307953,0
3103,20.2,18.89,0.0,443.0,0.0027578820280988,0
3104,20.2,19.0,0.0,438.5,0.0027740133138574,0
3105,20.2,18.945,0.0,440.5,0.0027659475668517,0
3106,20.2,18.89,0.0,442.666666666667,0.0027578820280988,0
3107,20.2,18.89,0.0,444.0,0.0027578820280988,0
3108,20.15,18.945,0.0,444.5,0.0027573677638949,0
3109,20.1666666666667,18.9266666666667,0.0,444.5,0.0027575421425983,0
3110,20.2,18.9266666666667,0.0,444.0,0.0027632590307953,0
3111,20.2,18.89,0.0,446.0,0.0027578820280988,0
3112,20.2,18.89,0.0,446.0,0.0027578820280988,0
3113,20.2,18.89,0.0,443.5,0.0027578820280988,0
3114,20.2,18.89,0.0,440.5,0.0027578820280988,0
3115,20.2,18.9633333333333,0.0,445.666666666667,0.0027686361260473,0
3116,20.2,19.0,0.0,445.0,0.0027740133138574,0
3117,20.2,19.0,0.0,445.5,0.0027740133138574,0
3118,20.2,18.89,0.0,445.0,0.0027578820280988,0
3119,20.1,18.89,0.0,443.5,0.0027407960440997,0
3120,20.2,18.89,0.0,439.5,0.0027578820280988,0
3121,20.2,18.89,0.0,443.5,0.0027578820280988,0
3122,20.2,18.89,0.0,441.0,0.0027578820280988,0
3123,20.15,18.89,0.0,442.0,0.002749327354055,0
3124,20.15,18.89,0.0,444.0,0.002749327354055,0
3125,20.1333333333333,18.89,0.0,441.666666666667,0.0027464809907673,0
3126,20.05,18.89,0.0,436.0,0.0027322880434574,0
3127,20.05,18.89,0.0,444.0,0.0027322880434574,0
3128,20.0,18.89,0.0,443.0,0.0027238032974594,0
3129,20.1,18.89,0.0,444.0,0.0027407960440997,0
3130,20.1,18.89,0.0,444.0,0.0027407960440997,0
3131,20.1,18.79,0.0,447.0,0.0027262232069327,0
3132,20.05,18.89,0.0,444.0,0.0027322880434574,0
3133,20.05,18.89,0.0,443.5,0.0027322880434574,0
3134,20.05,18.89,0.0,438.5,0.0027322880434574,0
3135,20.0,18.89,0.0,440.0,0.0027238032974594,0
3136,20.0,18.89,0.0,441.0,0.0027238032974594,0
3137,20.0,18.89,0.0,440.666666666667,0.0027238032974594,0
3138,20.1,19.0,0.0,441.0,0.0027568269502582,0
3139,20.0,18.89,0.0,443.0,0.0027238032974594,0
3140,20.0,18.79,0.0,442.0,0.0027093212027033,0
3141,20.1,18.89,0.0,439.0,0.0027407960440997,0
3142,19.945,18.84,0.0,436.5,0.0027072805875614,0
3143,20.0,18.89,0.0,443.0,0.0027238032974594,0
3144,20.0,18.89,0.0,439.666666666667,0.0027238032974594,0
3145,20.0,18.89,0.0,437.0,0.0027238032974594,0
3146,20.0,18.89,0.0,436.0,0.0027238032974594,0
3147,20.0,18.89,0.0,434.0,0.0027238032974594,0
3148,20.0666666666667,18.89,0.0,439.666666666667,0.0027351214571246,0
3149,20.05,18.79,0.0,442.0,0.0027177606401976,0
3150,20.1,18.89,0.0,439.5,0.0027407960440997,0
3151,20.1,18.89,0.0,446.0,0.0027407960440997,0
3152,20.05,18.84,0.0,444.5,0.0027250242573721,0
3153,20.1,18.89,0.0,439.0,0.0027407960440997,0
3154,20.1,18.89,0.0,439.5,0.0027407960440997,0
3155,20.05,18.84,0.0,436.5,0.0027250242573721,0
3156,20.0,18.79,0.0,436.0,0.0027093212027033,0
3157,20.0,18.84,0.0,436.0,0.0027165621661509,0
3158,20.0,18.89,0.0,437.0,0.0027238032974594,0
3159,20.0,18.84,0.0,442.0,0.0027165621661509,0
3160,20.0,18.89,0.0,441.0,0.0027238032974594,0
3161,20.0,18.89,0.0,439.0,0.0027238032974594,0
3162,20.0,18.89,0.0,444.0,0.0027238032974594,0
3163,20.0,18.89,0.0,442.666666666667,0.0027238032974594,0
3164,20.1,18.89,0.0,437.0,0.0027407960440997,0
3165,20.0,18.89,0.0,438.0,0.0027238032974594,0
3166,20.05,18.84,0.0,442.5,0.0027250242573721,0
3167,20.05,18.84,0.0,438.5,0.0027250242573721,0
3168,20.05,18.89,0.0,441.5,0.0027322880434574,0
3169,20.0,18.89,0.0,437.0,0.0027238032974594,0
3170,20.0,18.745,0.0,437.0,0.0027028044791168,0
3171,20.0,18.84,0.0,442.0,0.0027165621661509,0
3172,20.0,18.89,0.0,440.5,0.0027238032974594,0
3173,20.0,18.84,0.0,441.0,0.0027165621661509,0
3174,20.0,18.84,0.0,444.0,0.0027165621661509,0
3175,20.0,18.89,0.0,442.5,0.0027238032974594,0
3176,20.0,18.84,0.0,440.5,0.0027165621661509,0
3177,20.0,18.84,0.0,439.5,0.0027165621661509,0
3178,20.0,18.79,0.0,441.0,0.0027093212027033,0
3179,20.0,18.84,0.0,436.5,0.0027165621661509,0
3180,19.945,18.89,0.0,434.5,0.0027144968708598,0
3181,20.0,18.8233333333333,0.0,434.5,0.0027141484930174,0
3182,20.0,18.84,0.0,435.666666666667,0.0027165621661509,0
3183,20.0,18.79,0.0,440.5,0.0027093212027033,0
3184,20.0,18.84,0.0,439.0,0.0027165621661509,0
3185,20.0,18.89,0.0,444.5,0.0027238032974594,0
3186,20.0,18.84,0.0,441.5,0.0027165621661509,0
3187,20.0,18.84,0.0,434.5,0.0027165621661509,0
3188,20.0,18.84,0.0,438.0,0.0027165621661509,0
3189,20.0,18.79,0.0,433.0,0.0027093212027033,0
3190,20.0333333333333,18.79,0.0,434.0,0.0027149449271322,0
3191,20.0,18.79,0.0,436.5,0.0027093212027033,0
3192,20.0,18.745,0.0,438.0,0.0027028044791168,0
3193,20.0,18.79,0.0,440.0,0.0027093212027033,0
3194,20.0,18.745,0.0,440.5,0.0027028044791168,0
3195,20.0,18.79,0.0,440.0,0.0027093212027033,0
3196,19.945,18.84,0.0,440.0,0.0027072805875614,0
3197,20.0,18.89,0.0,440.333333333333,0.0027238032974594,0
3198,20.0,18.79,0.0,439.0,0.0027093212027033,0
3199,20.0,18.79,0.0,436.0,0.0027093212027033,0
3200,20.0,18.79,0.0,434.0,0.0027093212027033,0
3201,20.0,18.79,0.0,433.0,0.0027093212027033,0
3202,20.0,18.7,0.0,438.0,0.0026962878914887,0
3203,19.9266666666667,18.79,0.0,439.666666666667,0.002696985085879,0
3204,19.89,18.79,0.0,441.0,0.0026908355879058,0
3205,19.79,18.79,0.0,432.0,0.002674126913904,0
3206,19.89,18.89,0.0,435.0,0.0027052184438901,0
3207,19.89,18.89,0.0,436.0,0.0027052184438901,0
3208,19.89,18.84,0.0,431.0,0.0026980269331113,0
3209,19.89,18.79,0.0,434.5,0.0026908355879058,0
3210,19.89,18.89,0.0,436.0,0.0027052184438901,0
3211,19.89,18.89,0.0,437.0,0.0027052184438901,0
3212,19.89,18.89,0.0,444.0,0.0027052184438901,0
3213,19.89,18.89,0.0,443.0,0.0027052184438901,0
3214,19.89,18.79,0.0,439.0,0.0026908355879058,0
3215,20.0,18.79,0.0,433.666666666667,0.0027093212027033,0
3216,20.0,18.79,0.0,434.5,0.0027093212027033,0
3217,20.0,18.79,0.0,441.0,0.0027093212027033,0
3218,20.0,18.79,0.0,436.0,0.0027093212027033,0
3219,20.0,18.79,0.0,438.0,0.0027093212027033,0
3220,20.0,18.79,0.0,437.0,0.0027093212027033,0
3221,20.0,18.79,0.0,436.5,0.0027093212027033,0
3222,20.0,18.7,0.0,437.5,0.0026962878914887,0
3223,20.0,18.79,0.0,436.0,0.0027093212027033,0
3224,20.0,18.79,0.0,433.0,0.0027093212027033,0
3225,20.0,18.79,0.0,434.0,0.0027093212027033,0
3226,20.0,18.7,0.0,438.0,0.0026962878914887,0
3227,19.945,18.79,0.0,435.5,0.0027000644709763,0
3228,19.945,18.79,0.0,430.0,0.0027000644709763,0
3229,20.0,18.79,0.0,432.0,0.0027093212027033,0
3230,20.0,18.79,0.0,439.5,0.0027093212027033,0
3231,20.0,18.76,0.0,439.0,0.0027049767052056,0
3232,20.0,18.7,0.0,438.0,0.0026962878914887,0
3233,20.0,18.7,0.0,439.5,0.0026962878914887,0
3234,20.0,18.7675,0.0,435.0,0.002706062823915,0
3235,20.0,18.7675,0.0,434.75,0.002706062823915,0
3236,20.0,18.745,0.0,431.0,0.0027028044791168,0
3237,20.0666666666667,18.79,0.0,438.0,0.0027205789231777,0
3238,20.1,18.79,0.0,439.0,0.0027262232069327,0
3239,20.0,18.6,0.0,441.0,0.0026818070723918,0
3240,20.0,18.65,0.0,442.0,0.0026890473980208,0
3241,19.945,18.7,0.0,441.0,0.0026870758812226,0
3242,19.89,18.745,0.0,438.0,0.0026843635187812,0
3243,19.89,18.79,0.0,438.5,0.0026908355879058,0
3244,19.89,18.79,0.0,437.666666666667,0.0026908355879058,0
3245,19.89,18.79,0.0,441.5,0.0026908355879058,0
3246,20.0,18.745,0.0,435.0,0.0027028044791168,0
3247,20.0,18.7,0.0,441.0,0.0026962878914887,0
3248,20.0,18.7,0.0,441.0,0.0026962878914887,0
3249,20.0,18.7,0.0,440.0,0.0026962878914887,0
3250,20.0,18.7,0.0,438.0,0.0026962878914887,0
3251,19.9725,18.745,0.0,433.666666666667,0.0026981838167703,0
3252,20.0,18.79,0.0,434.5,0.0027093212027033,0
3253,20.0,18.7,0.0,434.0,0.0026962878914887,0
3254,20.0,18.745,0.0,438.5,0.0027028044791168,0
3255,20.0,18.745,0.0,443.0,0.0027028044791168,0
3256,20.0,18.745,0.0,437.0,0.0027028044791168,0
3257,20.0,18.79,0.0,436.5,0.0027093212027033,0
3258,20.0,18.73,0.0,436.333333333333,0.0027006322681345,0
3259,20.0,18.73,0.0,433.666666666667,0.0027006322681345,0
3260,20.0,18.79,0.0,435.5,0.0027093212027033,0
3261,20.0,18.79,0.0,438.0,0.0027093212027033,0
3262,20.0,18.79,0.0,438.0,0.0027093212027033,0
3263,20.0,18.79,0.0,441.0,0.0027093212027033,0
3264,20.0,18.7,0.0,434.0,0.0026962878914887,0
3265,20.0,18.745,0.0,435.0,0.0027028044791168,0
3266,20.0,18.79,0.0,435.0,0.0027093212027033,0
3267,20.0,18.79,0.0,435.0,0.0027093212027033,0
3268,20.0,18.7,0.0,436.0,0.0026962878914887,0
3269,20.0,18.7,0.0,443.5,0.0026962878914887,0
3270,20.0,18.7,0.0,451.0,0.0026962878914887,0
3271,20.0,18.7,0.0,448.0,0.0026962878914887,0
3272,20.0,18.7,0.0,443.5,0.0026962878914887,0
3273,20.0,18.65,0.0,442.0,0.0026890473980208,0
3274,20.0,18.7,0.0,442.0,0.0026962878914887,0
3275,20.0,18.7,0.0,437.666666666667,0.0026962878914887,0
3276,20.0,18.745,0.0,442.0,0.0027028044791168,0
3277,20.0,18.79,0.0,444.0,0.0027093212027033,0
3278,20.0,18.7,0.0,443.333333333333,0.0026962878914887,0
3279,20.0,18.65,0.0,440.0,0.0026890473980208,0
3280,20.0,18.6,0.0,438.0,0.0026818070723918,0
3281,20.0,18.7,0.0,439.0,0.0026962878914887,0
3282,20.0,18.7,0.0,440.0,0.0026962878914887,0
3283,20.0,18.7,0.0,439.0,0.0026962878914887,0
3284,20.0,18.7,0.0,439.0,0.0026962878914887,0
3285,20.05,18.7,0.0,436.0,0.0027046865549194,0
3286,20.0,18.65,0.0,432.0,0.0026890473980208,0
3287,20.0,18.6,0.0,438.0,0.0026818070723918,0
3288,20.0,18.7,0.0,437.5,0.0026962878914887,0
3289,20.05,18.7,0.0,433.5,0.0027046865549194,0
3290,20.0,18.7,0.0,434.25,0.0026962878914887,0
3291,20.0,18.7,0.0,435.0,0.0026962878914887,0
3292,20.0,18.7,0.0,439.0,0.0026962878914887,0
3293,20.0,18.7,0.0,434.0,0.0026962878914887,0
3294,20.0,18.7,0.0,436.0,0.0026962878914887,0
3295,20.0,18.7,0.0,434.0,0.0026962878914887,0
3296,20.0,18.7,0.0,437.0,0.0026962878914887,0
3297,20.0,18.7,0.0,433.666666666667,0.0026962878914887,0
3298,20.0,18.7,0.0,433.5,0.0026962878914887,0
3299,20.0,18.6,0.0,432.0,0.0026818070723918,0
3300,20.0,18.6666666666667,0.0,433.333333333333,0.0026914608771944,0
3301,20.0,18.7,0.0,432.0,0.0026962878914887,0
3302,20.0,18.7,0.0,437.0,0.0026962878914887,0
3303,20.0,18.7,0.0,439.5,0.0026962878914887,0
3304,20.0,18.7,0.0,436.0,0.0026962878914887,0
3305,20.0,18.7,0.0,435.0,0.0026962878914887,0
3306,20.05,18.7,0.0,433.5,0.0027046865549194,0
3307,20.0333333333333,18.6333333333333,0.0,438.0,0.0026922103671381,0
3308,20.0,18.7,0.0,436.5,0.0026962878914887,0
3309,20.0,18.65,0.0,435.0,0.0026890473980208,0
3310,20.0,18.65,0.0,434.5,0.0026890473980208,0
3311,19.945,18.7,0.0,435.5,0.0026870758812226,0
3312,19.89,18.7,0.0,436.0,0.0026778915837621,0
3313,20.0,18.65,0.0,435.0,0.0026890473980208,0
3314,19.945,18.7,0.0,434.0,0.0026870758812226,0
3315,20.0,18.7,0.0,436.0,0.0026962878914887,0
3316,20.0,18.7,0.0,433.0,0.0026962878914887,0
3317,20.0,18.7,0.0,434.5,0.0026962878914887,0
3318,20.0,18.7,0.0,435.0,0.0026962878914887,0
3319,20.0,18.6,0.0,436.0,0.0026818070723918,0
3320,19.945,18.7,0.0,433.5,0.0026870758812226,0
3321,19.945,18.7,0.0,434.0,0.0026870758812226,0
3322,19.945,18.7,0.0,438.0,0.0026870758812226,0
3323,19.945,18.7,0.0,436.0,0.0026870758812226,0
3324,20.0,18.7,0.0,439.0,0.0026962878914887,0
3325,20.0,18.7,0.0,437.0,0.0026962878914887,0
3326,20.0,18.7,0.0,441.5,0.0026962878914887,0
3327,20.0,18.7,0.0,441.0,0.0026962878914887,0
3328,19.9266666666667,18.7,0.0,435.333333333333,0.0026840113730721,0
3329,19.945,18.7,0.0,437.0,0.0026870758812226,0
3330,20.0,18.7,0.0,435.5,0.0026962878914887,0
3331,20.0,18.7,0.0,439.0,0.0026962878914887,0
3332,19.945,18.7,0.0,438.5,0.0026870758812226,0
3333,19.945,18.7,0.0,440.0,0.0026870758812226,0
3334,19.945,18.7,0.0,441.0,0.0026870758812226,0
3335,19.9266666666667,18.7,0.0,441.666666666667,0.0026840113730721,0
3336,20.0,18.7,0.0,440.0,0.0026962878914887,0
3337,20.0,18.7,0.0,439.0,0.0026962878914887,0
3338,19.9633333333333,18.7,0.0,440.0,0.0026901434685725,0
3339,19.945,18.745,0.0,441.5,0.002693570108585,0
3340,19.89,18.745,0.0,433.0,0.0026843635187812,0
3341,20.0,18.79,0.0,435.0,0.0027093212027033,0
3342,19.945,18.79,0.0,434.5,0.0027000644709763,0
3343,19.9266666666667,18.79,0.0,435.0,0.002696985085879,0
3344,19.89,18.745,0.0,435.5,0.0026843635187812,0
3345,19.89,18.79,0.0,441.333333333333,0.0026908355879058,0
3346,19.89,18.7,0.0,445.0,0.0026778915837621,0
3347,19.89,18.79,0.0,444.0,0.0026908355879058,0
3348,19.89,18.79,0.0,439.0,0.0026908355879058,0
3349,19.89,18.79,0.0,438.5,0.0026908355879058,0
3350,19.89,18.79,0.0,443.666666666667,0.0026908355879058,0
3351,19.89,18.76,0.0,437.666666666667,0.0026865208602552,0
3352,19.89,18.815,0.0,435.0,0.0026944312398122,0
3353,19.89,18.79,0.0,437.5,0.0026908355879058,0
3354,19.89,18.79,0.0,438.5,0.0026908355879058,0
3355,19.89,18.79,0.0,439.0,0.0026908355879058,0
3356,19.89,18.84,0.0,436.5,0.0026980269331113,0
3357,19.89,18.79,0.0,439.0,0.0026908355879058,0
3358,19.89,18.84,0.0,436.0,0.0026980269331113,0
3359,19.89,18.89,0.0,437.0,0.0027052184438901,0
3360,19.89,18.84,0.0,437.5,0.0026980269331113,0
3361,19.89,18.84,0.0,438.0,0.0026980269331113,0
3362,19.89,18.89,0.0,435.0,0.0027052184438901,0
3363,19.89,18.79,0.0,438.0,0.0026908355879058,0
3364,19.89,18.8566666666667,0.0,436.666666666667,0.0027004240849736,0
3365,19.89,18.89,0.0,436.333333333333,0.0027052184438901,0
3366,19.89,18.89,0.0,434.333333333333,0.0027052184438901,0
3367,19.89,18.89,0.0,440.0,0.0027052184438901,0
3368,19.89,18.89,0.0,436.333333333333,0.0027052184438901,0
3369,19.89,18.89,0.0,433.0,0.0027052184438901,0
3370,19.89,18.89,0.0,436.5,0.0027052184438901,0
3371,19.89,18.89,0.0,436.5,0.0027052184438901,0
3372,19.89,18.89,0.0,437.666666666667,0.0027052184438901,0
3373,19.89,18.8566666666667,0.0,435.0,0.0027004240849736,0
3374,19.89,18.89,0.0,440.0,0.0027052184438901,0
3375,19.89,18.89,0.0,438.5,0.0027052184438901,0
3376,19.89,18.89,0.0,439.0,0.0027052184438901,0
3377,19.84,18.89,0.0,439.0,0.0026968077466252,0
3378,19.79,18.89,0.0,439.0,0.0026884200755615,0
3379,19.89,18.89,0.0,438.0,0.0027052184438901,0
3380,19.89,18.89,0.0,444.0,0.0027052184438901,0
3381,19.84,18.945,0.0,438.0,0.0027046938978904,0
3382,19.89,18.89,0.0,439.0,0.0027052184438901,0
3383,19.89,18.89,0.0,437.666666666667,0.0027052184438901,0
3384,19.89,18.89,0.0,437.0,0.0027052184438901,0
3385,19.89,18.89,0.0,433.0,0.0027052184438901,0
3386,19.89,18.89,0.0,439.0,0.0027052184438901,0
3387,19.89,18.945,0.0,442.5,0.0027131292969907,0
3388,19.89,18.89,0.0,440.5,0.0027052184438901,0
3389,19.89,18.89,0.0,439.0,0.0027052184438901,0
3390,19.89,18.89,0.0,433.0,0.0027052184438901,0
3391,19.89,18.9633333333333,0.0,431.666666666667,0.0027157662925478,0
3392,19.89,19.0,0.0,433.0,0.0027210403504494,0
3393,19.89,19.0,0.0,434.0,0.0027210403504494,0
3394,19.89,18.89,0.0,437.0,0.0027052184438901,0
3395,19.89,18.945,0.0,439.5,0.0027131292969907,0
3396,19.89,19.0,0.0,438.0,0.0027210403504494,0
3397,19.89,18.89,0.0,439.0,0.0027052184438901,0
3398,19.89,19.0,0.0,440.666666666667,0.0027210403504494,0
3399,19.89,18.945,0.0,438.0,0.0027131292969907,0
3400,19.89,18.89,0.0,438.0,0.0027052184438901,0
3401,19.89,18.89,0.0,437.0,0.0027052184438901,0
3402,19.89,18.945,0.0,441.0,0.0027131292969907,0
3403,19.89,18.89,0.0,437.0,0.0027052184438901,0
3404,19.89,18.89,0.0,439.0,0.0027052184438901,0
3405,19.89,18.89,0.0,437.0,0.0027052184438901,0
3406,19.89,18.89,0.0,437.0,0.0027052184438901,0
3407,19.89,18.89,0.0,436.0,0.0027052184438901,0
3408,19.89,18.945,0.0,436.0,0.0027131292969907,0
3409,19.89,18.89,0.0,431.0,0.0027052184438901,0
3410,19.89,18.89,0.0,437.0,0.0027052184438901,0
3411,19.89,19.0,0.0,442.5,0.0027210403504494,0
3412,19.89,18.89,0.0,443.0,0.0027052184438901,0
3413,19.89,19.0,0.0,443.0,0.0027210403504494,0
3414,19.89,19.0,0.0,441.0,0.0027210403504494,0
3415,19.89,19.0,0.0,440.5,0.0027210403504494,0
3416,19.89,19.0,0.0,441.5,0.0027210403504494,0
3417,19.89,19.0,0.0,442.5,0.0027210403504494,0
3418,19.89,19.05,0.0,445.0,0.0027282323911009,0
3419,19.89,19.05,0.0,442.5,0.0027282323911009,0
3420,19.79,19.0,0.0,443.0,0.0027041433088701,0
3421,19.89,19.05,0.0,442.5,0.0027282323911009,0
3422,19.89,19.05,0.0,441.0,0.0027282323911009,0
3423,19.89,19.1,0.0,433.0,0.0027354245973497,0
3424,19.79,19.0,0.0,435.0,0.0027041433088701,0
3425,19.89,19.0,0.0,434.0,0.0027210403504494,0
3426,19.89,19.0,0.0,438.5,0.0027210403504494,0
3427,19.89,19.0,0.0,437.333333333333,0.0027210403504494,0
3428,19.89,19.0,0.0,435.0,0.0027210403504494,0
3429,19.84,19.0,0.0,437.0,0.0027125802482671,0
3430,19.79,19.0,0.0,437.0,0.0027041433088701,0
3431,19.79,19.0,0.0,434.5,0.0027041433088701,0
3432,19.79,19.0,0.0,436.0,0.0027041433088701,0
3433,19.79,19.0,0.0,441.333333333333,0.0027041433088701,0
3434,19.79,19.0,0.0,435.0,0.0027041433088701,0
3435,19.79,19.0,0.0,430.5,0.0027041433088701,0
3436,19.89,19.05,0.0,436.5,0.0027282323911009,0
3437,19.84,19.0,0.0,442.5,0.0027125802482671,0
3438,19.8566666666667,19.0666666666667,0.0,442.333333333333,0.0027249671579181,0
3439,19.79,19.0,0.0,443.0,0.0027041433088701,0
3440,19.79,19.0,0.0,441.5,0.0027041433088701,0
3441,19.79,19.0,0.0,443.0,0.0027041433088701,0
3442,19.84,19.1,0.0,436.0,0.0027269195772788,0
3443,19.79,19.1,0.0,435.0,0.0027184378441859,0
3444,19.84,19.1,0.0,437.0,0.0027269195772788,0
3445,19.79,19.05,0.0,441.0,0.0027112904947567,0
3446,19.79,19.1,0.0,442.0,0.0027184378441859,0
3447,19.79,19.1,0.0,438.5,0.0027184378441859,0
3448,19.79,19.1,0.0,436.5,0.0027184378441859,0
3449,19.79,19.1,0.0,440.0,0.0027184378441859,0
3450,19.89,19.1,0.0,439.0,0.0027354245973497,0
3451,19.79,19.1,0.0,439.0,0.0027184378441859,0
3452,19.79,19.1,0.0,436.0,0.0027184378441859,0
3453,19.79,19.1,0.0,436.0,0.0027184378441859,0
3454,19.79,19.1,0.0,438.25,0.0027184378441859,0
3455,19.79,19.1,0.0,440.5,0.0027184378441859,0
3456,19.79,19.1666666666667,0.0,440.25,0.002727967897834,0
3457,19.79,19.1,0.0,443.0,0.0027184378441859,0
3458,19.84,19.2,0.0,439.5,0.0027412595645807,0
3459,19.79,19.15,0.0,440.0,0.0027255853571632,0
3460,19.79,19.15,0.0,438.5,0.0027255853571632,0
3461,19.79,19.1,0.0,438.0,0.0027184378441859,0
3462,19.79,19.2,0.0,434.0,0.0027327330336943,0
3463,19.745,19.2,0.0,438.666666666667,0.002725079126974,0
3464,19.79,19.2,0.0,436.0,0.0027327330336943,0
3465,19.79,19.2,0.0,440.5,0.0027327330336943,0
3466,19.79,19.2,0.0,442.333333333333,0.0027327330336943,0
3467,19.79,19.2,0.0,441.5,0.0027327330336943,0
3468,19.79,19.2,0.0,440.0,0.0027327330336943,0
3469,19.79,19.2,0.0,438.0,0.0027327330336943,0
3470,19.79,19.2,0.0,437.333333333333,0.0027327330336943,0
3471,19.79,19.2,0.0,443.0,0.0027327330336943,0
3472,19.79,19.2,0.0,437.0,0.0027327330336943,0
3473,19.79,19.2,0.0,435.0,0.0027327330336943,0
3474,19.79,19.245,0.0,436.0,0.0027391660824154,0
3475,19.79,19.2,0.0,440.0,0.0027327330336943,0
3476,19.79,19.2,0.0,441.75,0.0027327330336943,0
3477,19.79,19.245,0.0,445.0,0.0027391660824154,0
3478,19.79,19.245,0.0,440.0,0.0027391660824154,0
3479,19.79,19.245,0.0,437.5,0.0027391660824154,0
3480,19.79,19.29,0.0,440.0,0.0027455992636237,0
3481,19.79,19.29,0.0,438.5,0.0027455992636237,0
3482,19.79,19.2,0.0,438.0,0.0027327330336943,0
3483,19.79,19.29,0.0,439.5,0.0027455992636237,0
3484,19.79,19.29,0.0,440.0,0.0027455992636237,0
3485,19.79,19.29,0.0,441.0,0.0027455992636237,0
3486,19.79,19.29,0.0,441.0,0.0027455992636237,0
3487,19.79,19.29,0.0,437.5,0.0027455992636237,0
3488,19.79,19.29,0.0,439.0,0.0027455992636237,0
3489,19.79,19.29,0.0,438.0,0.0027455992636237,0
3490,19.79,19.29,0.0,448.0,0.0027455992636237,0
3491,19.79,19.29,0.0,441.0,0.0027455992636237,0
3492,19.79,19.29,0.0,443.0,0.0027455992636237,0
3493,19.79,19.29,0.0,442.0,0.0027455992636237,0
3494,19.79,19.29,0.0,439.0,0.0027455992636237,0
3495,19.79,19.29,0.0,439.5,0.0027455992636237,0
3496,19.79,19.29,0.0,438.5,0.0027455992636237,0
3497,19.79,19.3566666666667,0.0,438.666666666667,0.0027551301459888,0
3498,19.79,19.29,0.0,443.0,0.0027455992636237,0
3499,19.79,19.29,0.0,436.0,0.0027455992636237,0
3500,19.79,19.29,0.0,442.0,0.0027455992636237,0
3501,19.79,19.29,0.0,440.0,0.0027455992636237,0
3502,19.79,19.29,0.0,439.0,0.0027455992636237,0
3503,19.79,19.29,0.0,442.333333333333,0.0027455992636237,0
3504,19.79,19.39,0.0,441.5,0.0027598956962218,0
3505,19.79,19.29,0.0,446.5,0.0027455992636237,0
3506,19.79,19.29,0.0,450.0,0.0027455992636237,0
3507,19.84,19.29,0.0,444.0,0.002754166116028,0
3508,19.79,19.29,0.0,442.0,0.0027455992636237,0
3509,19.79,19.29,0.0,440.0,0.0027455992636237,0
3510,19.79,19.29,0.0,441.0,0.0027455992636237,0
3511,19.79,19.29,0.0,442.0,0.0027455992636237,0
3512,19.79,19.29,0.0,441.0,0.0027455992636237,0
3513,19.79,19.29,0.0,441.0,0.0027455992636237,0
3514,19.79,19.3233333333333,0.0,441.333333333333,0.0027503646684567,0
3515,19.79,19.39,0.0,439.0,0.0027598956962218,0
3516,19.79,19.34,0.0,439.5,0.0027527473981352,0
3517,19.79,19.39,0.0,442.0,0.0027598956962218,0
3518,19.79,19.29,0.0,443.0,0.0027455992636237,0
3519,19.79,19.29,0.0,439.5,0.0027455992636237,0
3520,19.79,19.29,0.0,441.0,0.0027455992636237,0
3521,19.79,19.29,0.0,441.0,0.0027455992636237,0
3522,19.79,19.29,0.0,443.333333333333,0.0027455992636237,0
3523,19.79,19.29,0.0,443.0,0.0027455992636237,0
3524,19.79,19.29,0.0,445.5,0.0027455992636237,0
3525,19.79,19.29,0.0,446.0,0.0027455992636237,0
3526,19.79,19.29,0.0,442.0,0.0027455992636237,0
3527,19.79,19.29,0.0,442.5,0.0027455992636237,0
3528,19.79,19.29,0.0,440.0,0.0027455992636237,0
3529,19.79,19.29,0.0,441.5,0.0027455992636237,0
3530,19.79,19.29,0.0,443.0,0.0027455992636237,0
3531,19.79,19.29,0.0,443.0,0.0027455992636237,0
3532,19.79,19.3566666666667,0.0,441.666666666667,0.0027551301459888,0
3533,19.79,19.29,0.0,442.0,0.0027455992636237,0
3534,19.79,19.3233333333333,0.0,446.333333333333,0.0027503646684567,0
3535,19.79,19.29,0.0,440.5,0.0027455992636237,0
3536,19.745,19.34,0.0,437.5,0.0027450371883749,0
3537,19.79,19.34,0.0,442.5,0.0027527473981352,0
3538,19.79,19.39,0.0,442.0,0.0027598956962218,0
3539,19.7,19.39,0.0,439.0,0.0027444541255403,0
3540,19.7,19.39,0.0,437.0,0.0027444541255403,0
3541,19.745,19.39,0.0,439.0,0.0027521653764906,0
3542,19.79,19.39,0.0,441.0,0.0027598956962218,0
3543,19.79,19.39,0.0,446.0,0.0027598956962218,0
3544,19.745,19.39,0.0,443.0,0.0027521653764906,0
3545,19.745,19.39,0.0,441.0,0.0027521653764906,0
3546,19.79,19.39,0.0,443.0,0.0027598956962218,0
3547,19.79,19.39,0.0,439.0,0.0027598956962218,0
3548,19.7,19.39,0.0,441.5,0.0027444541255403,0
3549,19.76,19.39,0.0,440.666666666667,0.0027547400289841,0
3550,19.73,19.39,0.0,444.0,0.0027495928427499,0
3551,19.745,19.39,0.0,442.0,0.0027521653764906,0
3552,19.7,19.39,0.0,441.0,0.0027444541255403,0
3553,19.7225,19.39,0.0,448.5,0.002748307369944,0
3554,19.7,19.39,0.0,445.0,0.0027444541255403,0
3555,19.745,19.39,0.0,442.0,0.0027521653764906,0
3556,19.79,19.39,0.0,444.5,0.0027598956962218,0
3557,19.73,19.39,0.0,444.666666666667,0.0027495928427499,0
3558,19.79,19.39,0.0,445.0,0.0027598956962218,0
3559,19.79,19.39,0.0,445.0,0.0027598956962218,0
3560,19.79,19.34,0.0,445.5,0.0027527473981352,0
3561,19.79,19.39,0.0,444.0,0.0027598956962218,0
3562,19.79,19.29,0.0,443.5,0.0027455992636237,0
3563,19.79,19.315,0.0,446.0,0.0027491733104329,0
3564,19.745,19.34,0.0,446.0,0.0027450371883749,0
3565,19.7,19.29,0.0,447.0,0.0027302380307993,0
3566,19.745,19.29,0.0,444.5,0.0027379091629172,0
3567,19.79,19.29,0.0,437.5,0.0027455992636237,0
3568,19.79,19.29,0.0,435.5,0.0027455992636237,0
3569,19.745,19.29,0.0,443.0,0.0027379091629172,0
3570,19.79,19.29,0.0,446.0,0.0027455992636237,0
3571,19.745,19.29,0.0,440.5,0.0027379091629172,0
3572,19.79,19.29,0.0,439.5,0.0027455992636237,0
3573,19.7,19.29,0.0,444.5,0.0027302380307993,0
3574,19.7675,19.29,0.0,444.25,0.0027417518396832,0
3575,19.79,19.29,0.0,446.0,0.0027455992636237,0
3576,19.79,19.29,0.0,442.0,0.0027455992636237,0
3577,19.745,19.29,0.0,443.0,0.0027379091629172,0
3578,19.7,19.34,0.0,443.0,0.0027373459972969,0
3579,19.745,19.34,0.0,443.5,0.0027450371883749,0
3580,19.745,19.29,0.0,441.5,0.0027379091629172,0
3581,19.79,19.29,0.0,439.0,0.0027455992636237,0
3582,19.79,19.29,0.0,437.0,0.0027455992636237,0
3583,19.79,19.29,0.0,442.666666666667,0.0027455992636237,0
3584,19.79,19.29,0.0,442.0,0.0027455992636237,0
3585,19.79,19.29,0.0,438.5,0.0027455992636237,0
3586,19.79,19.29,0.0,437.0,0.0027455992636237,0
3587,19.79,19.29,0.0,440.0,0.0027455992636237,0
3588,19.79,19.26,0.0,444.5,0.0027413104614305,0
3589,19.79,19.29,0.0,438.666666666667,0.0027455992636237,0
3590,19.79,19.2,0.0,438.0,0.0027327330336943,0
3591,19.79,19.2,0.0,437.0,0.0027327330336943,0
3592,19.79,19.2,0.0,444.0,0.0027327330336943,0
3593,19.79,19.2,0.0,444.0,0.0027327330336943,0
3594,19.79,19.2,0.0,443.0,0.0027327330336943,0
3595,19.79,19.245,0.0,444.0,0.0027391660824154,0
3596,19.76,19.26,0.0,442.333333333333,0.0027361896646899,0
3597,19.79,19.29,0.0,442.0,0.0027455992636237,0
3598,19.76,19.29,0.0,444.666666666667,0.0027404704202124,0
3599,19.79,19.29,0.0,443.0,0.0027455992636237,0
3600,19.745,19.29,0.0,443.5,0.0027379091629172,0
3601,19.79,19.29,0.0,444.0,0.0027455992636237,0
3602,19.745,19.29,0.0,441.0,0.0027379091629172,0
3603,19.73,19.3233333333333,0.0,441.75,0.0027400975509214,0
3604,19.745,19.34,0.0,445.5,0.0027450371883749,0
3605,19.7,19.34,0.0,442.0,0.0027373459972969,0
3606,19.7,19.39,0.0,441.0,0.0027444541255403,0
3607,19.7,19.39,0.0,448.0,0.0027444541255403,0
3608,19.7,19.39,0.0,443.0,0.0027444541255403,0
3609,19.7,19.39,0.0,442.0,0.0027444541255403,0
3610,19.745,19.39,0.0,443.0,0.0027521653764906,0
3611,19.7,19.39,0.0,446.0,0.0027444541255403,0
3612,19.7,19.39,0.0,439.0,0.0027444541255403,0
3613,19.7,19.39,0.0,444.0,0.0027444541255403,0
3614,19.7,19.39,0.0,445.0,0.0027444541255403,0
3615,19.7,19.39,0.0,440.0,0.0027444541255403,0
3616,19.7,19.39,0.0,442.333333333333,0.0027444541255403,0
3617,19.7,19.39,0.0,444.0,0.0027444541255403,0
3618,19.7,19.39,0.0,441.5,0.0027444541255403,0
3619,19.7,19.39,0.0,444.0,0.0027444541255403,0
3620,19.7,19.39,0.0,439.5,0.0027444541255403,0
3621,19.7,19.39,0.0,441.0,0.0027444541255403,0
3622,19.7,19.39,0.0,442.0,0.0027444541255403,0
3623,19.745,19.39,0.0,447.0,0.0027521653764906,0
3624,19.7225,19.39,0.0,450.5,0.002748307369944,0
3625,19.7,19.39,0.0,452.0,0.0027444541255403,0
3626,19.7,19.39,0.0,450.0,0.0027444541255403,0
3627,19.7,19.39,0.0,447.0,0.0027444541255403,0
3628,19.79,19.39,0.0,442.0,0.0027598956962218,0
3629,19.7,19.39,0.0,442.0,0.0027444541255403,0
3630,19.7,19.39,0.0,449.666666666667,0.0027444541255403,0
3631,19.7,19.39,0.0,445.0,0.0027444541255403,0
3632,19.7,19.39,0.0,445.0,0.0027444541255403,0
3633,19.7,19.39,0.0,446.0,0.0027444541255403,0
3634,19.7,19.39,0.0,447.0,0.0027444541255403,0
3635,19.7,19.39,0.0,444.0,0.0027444541255403,0
3636,19.7,19.39,0.0,443.0,0.0027444541255403,0
3637,19.7,19.39,0.0,442.0,0.0027444541255403,0
3638,19.7,19.39,0.0,442.5,0.0027444541255403,0
3639,19.7,19.39,0.0,441.0,0.0027444541255403,0
3640,19.7,19.39,0.0,444.0,0.0027444541255403,0
3641,19.7,19.39,0.0,447.0,0.0027444541255403,0
3642,19.7,19.3566666666667,0.0,445.0,0.002739715355406,0
3643,19.7,19.39,0.0,445.0,0.0027444541255403,0
3644,19.65,19.34,0.0,442.5,0.0027288224862999,0
3645,19.7,19.39,0.0,445.0,0.0027444541255403,0
3646,19.7,19.29,0.0,448.5,0.0027302380307993,0
3647,19.7,19.29,0.0,448.0,0.0027302380307993,0
3648,19.7,19.29,0.0,449.5,0.0027302380307993,0
3649,19.7,19.29,0.0,450.0,0.0027302380307993,0
3650,19.7,19.245,0.0,449.0,0.0027238409992396,0
3651,19.7,19.245,0.0,442.0,0.0027238409992396,0
3652,19.7,19.2,0.0,446.0,0.0027174440986856,0
3653,19.7,19.2,0.0,445.0,0.0027174440986856,0
3654,19.7,19.29,0.0,444.5,0.0027302380307993,0
3655,19.7,19.2,0.0,445.0,0.0027174440986856,0
3656,19.745,19.2675,0.0,451.75,0.002734701604527,0
3657,19.76,19.23,0.0,450.333333333333,0.0027319089678309,0
3658,19.745,19.2,0.0,451.0,0.002725079126974,0
3659,19.79,19.2,0.0,452.0,0.0027327330336943,0
3660,19.79,19.2,0.0,450.0,0.0027327330336943,0
3661,19.79,19.2,0.0,444.0,0.0027327330336943,0
3662,19.7675,19.2,0.0,446.5,0.0027289037180287,0
3663,19.79,19.2,0.0,447.666666666667,0.0027327330336943,0
3664,19.79,19.2,0.0,440.333333333333,0.0027327330336943,0
3665,19.79,19.2,0.0,448.0,0.0027327330336943,0
3666,19.73,19.2,0.0,448.333333333333,0.0027225320219168,0
3667,19.745,19.245,0.0,445.0,0.0027314940790734,0
3668,19.7,19.2,0.0,442.0,0.0027174440986856,0
3669,19.745,19.245,0.0,448.0,0.0027314940790734,0
3670,19.745,19.29,0.0,449.0,0.0027379091629172,0
3671,19.7,19.29,0.0,451.0,0.0027302380307993,0
3672,19.79,19.29,0.0,448.0,0.0027455992636237,0
3673,19.7,19.29,0.0,447.5,0.0027302380307993,0
3674,19.7,19.29,0.0,446.5,0.0027302380307993,0
3675,19.7,19.29,0.0,449.0,0.0027302380307993,0
3676,19.7,19.29,0.0,453.0,0.0027302380307993,0
3677,19.7,19.29,0.0,448.0,0.0027302380307993,0
3678,19.7,19.34,0.0,449.5,0.0027373459972969,0
3679,19.7,19.39,0.0,449.0,0.0027444541255403,0
3680,19.7,19.39,0.0,447.0,0.0027444541255403,0
3681,19.6666666666667,19.3566666666667,0.0,449.333333333333,0.0027340254725664,0
3682,19.7,19.39,0.0,448.0,0.0027444541255403,0
3683,19.7,19.39,0.0,446.5,0.0027444541255403,0
3684,19.65,19.34,0.0,444.0,0.0027288224862999,0
3685,19.7,19.39,0.0,443.333333333333,0.0027444541255403,0
3686,19.6666666666667,19.3566666666667,0.0,450.0,0.0027340254725664,0
3687,19.6666666666667,19.3566666666667,0.0,453.333333333333,0.0027340254725664,0
3688,19.7,19.39,0.0,448.0,0.0027444541255403,0
3689,19.65,19.34,0.0,449.0,0.0027288224862999,0
3690,19.6,19.29,0.0,450.0,0.0027132587804371,0
3691,19.7,19.39,0.0,451.0,0.0027444541255403,0
3692,19.65,19.34,0.0,443.0,0.0027288224862999,0
3693,19.6666666666667,19.3566666666667,0.0,448.333333333333,0.0027340254725664,0
3694,19.65,19.34,0.0,453.0,0.0027288224862999,0
3695,19.6,19.29,0.0,451.0,0.0027132587804371,0
3696,19.7,19.39,0.0,451.5,0.0027444541255403,0
3697,19.7,19.39,0.0,451.0,0.0027444541255403,0
3698,19.7,19.39,0.0,448.0,0.0027444541255403,0
3699,19.7,19.39,0.0,450.0,0.0027444541255403,0
3700,19.65,19.34,0.0,446.0,0.0027288224862999,0
3701,19.7,19.39,0.0,445.0,0.0027444541255403,0
3702,19.65,19.34,0.0,446.0,0.0027288224862999,0
3703,19.7,19.4175,0.0,448.75,0.0027483636650204,0
3704,19.7,19.445,0.0,449.0,0.0027522732534311,0
3705,19.7,19.39,0.0,454.0,0.0027444541255403,0
3706,19.7,19.39,0.0,452.666666666667,0.0027444541255403,0
3707,19.7,19.39,0.0,450.0,0.0027444541255403,0
3708,19.65,19.34,0.0,444.5,0.0027288224862999,0
3709,19.7,19.39,0.0,448.5,0.0027444541255403,0
3710,19.7,19.39,0.0,448.0,0.0027444541255403,0
3711,19.7,19.39,0.0,447.0,0.0027444541255403,0
3712,19.7,19.39,0.0,449.5,0.0027444541255403,0
3713,19.6,19.29,0.0,450.0,0.0027132587804371,0
3714,19.7,19.39,0.0,450.0,0.0027444541255403,0
3715,19.7,19.39,0.0,445.0,0.0027444541255403,0
3716,19.7,19.39,0.0,447.5,0.0027444541255403,0
3717,19.7,19.39,0.0,454.0,0.0027444541255403,0
3718,19.7,19.5,0.0,450.0,0.0027600925770484,0
3719,19.7,19.5,0.0,452.0,0.0027600925770484,0
3720,19.7,19.5,0.0,447.0,0.0027600925770484,0
3721,19.7,19.5,0.0,456.0,0.0027600925770484,0
3722,19.65,19.445,0.0,452.0,0.0027437030580148,0
3723,19.7,19.5,0.0,452.0,0.0027600925770484,0
3724,19.7,19.445,0.0,450.0,0.0027522732534311,0
3725,19.65,19.445,0.0,450.5,0.0027437030580148,0
3726,19.6,19.39,0.0,450.5,0.0027273860798363,0
3727,19.7,19.5,0.0,452.0,0.0027600925770484,0
3728,19.7,19.5,0.0,455.0,0.0027600925770484,0
3729,19.7,19.5,0.0,454.0,0.0027600925770484,0
3730,19.6,19.4266666666667,0.0,453.0,0.0027325662497101,0
3731,19.6,19.39,0.0,449.0,0.0027273860798363,0
3732,19.6,19.5,0.0,451.0,0.0027429268471823,0
3733,19.6,19.5,0.0,449.0,0.0027429268471823,0
3734,19.575,19.5,0.0,451.0,0.0027386501298612,0
3735,19.6,19.5,0.0,455.5,0.0027429268471823,0
3736,19.6,19.5,0.0,453.5,0.0027429268471823,0
3737,19.6,19.5,0.0,445.5,0.0027429268471823,0
3738,19.6,19.5,0.0,448.0,0.0027429268471823,0
3739,19.6,19.5,14.0,453.5,0.0027429268471823,0
3740,19.6,19.5,14.0,450.0,0.0027429268471823,0
3741,19.6,19.5,14.0,451.0,0.0027429268471823,0
3742,19.6,19.5,14.0,451.333333333333,0.0027429268471823,0
3743,19.6,19.5,14.0,453.6,0.0027429268471823,0
3744,19.6,19.5,14.0,456.0,0.0027429268471823,0
3745,19.6,19.5,9.33333333333333,451.0,0.0027429268471823,0
3746,19.6,19.5,10.5,446.0,0.0027429268471823,0
3747,19.6,19.5,7.0,447.0,0.0027429268471823,0
3748,19.6,19.5,9.33333333333333,449.333333333333,0.0027429268471823,0
3749,19.6,19.5,7.0,450.75,0.0027429268471823,0
3750,19.6333333333333,19.5333333333333,9.33333333333333,451.333333333333,0.0027533576090102,0
3751,19.6,19.5,7.0,450.5,0.0027429268471823,0
3752,19.625,19.5,10.0,458.0,0.0027472094436211,0
3753,19.6,19.5,13.5,454.5,0.0027429268471823,0
3754,19.6,19.5,11.5,459.75,0.0027429268471823,0
3755,19.65,19.55,6.0,457.0,0.0027585843386347,0
3756,19.7,19.55,6.0,459.0,0.0027672012229157,0
3757,19.675,19.5,6.0,456.25,0.0027557923016068,0
3758,19.675,19.5,6.0,453.0,0.0027557923016068,0
3759,19.7,19.5,12.0,452.666666666667,0.0027600925770484,0
3760,19.675,19.5,24.0,453.25,0.0027557923016068,0
3761,19.7,19.5,24.0,454.0,0.0027600925770484,0
3762,19.7,19.5,24.0,458.0,0.0027600925770484,0
3763,19.68,19.478,24.0,458.0,0.0027535280477391,0
3764,19.7,19.5,14.0,454.75,0.0027600925770484,0
3765,19.675,19.4725,14.0,453.5,0.0027518887335263,0
3766,19.6666666666667,19.4633333333333,17.3333333333333,456.333333333333,0.0027491581579759,0
3767,19.7,19.5,18.5,457.75,0.0027600925770484,0
3768,19.7,19.5,20.3333333333333,461.0,0.0027600925770484,0
3769,19.7,19.5,26.5,460.25,0.0027600925770484,0
3770,19.7,19.5,26.5,458.0,0.0027600925770484,0
3771,19.7,19.5,26.5,459.0,0.0027600925770484,0
3772,19.6333333333333,19.4266666666667,22.0,457.0,0.0027382560181421,0
3773,19.7,19.5,13.0,451.5,0.0027600925770484,0
3774,19.7,19.5,22.0,451.5,0.0027600925770484,0
3775,19.6666666666667,19.4633333333333,31.0,455.0,0.0027491581579759,0
3776,19.675,19.4725,31.0,458.0,0.0027518887335263,0
3777,19.7,19.5,31.0,457.5,0.0027600925770484,0
3778,19.675,19.4725,31.0,456.5,0.0027518887335263,0
3779,19.6333333333333,19.4266666666667,31.0,454.333333333333,0.0027382560181421,0
3780,19.675,19.4725,31.0,455.0,0.0027518887335263,0
3781,19.6666666666667,19.4633333333333,42.3333333333333,456.333333333333,0.0027491581579759,0
3782,19.65,19.445,48.0,456.0,0.0027437030580148,0
3783,19.65,19.4725,48.0,452.5,0.0027476004677509,0
3784,19.6333333333333,19.5,38.3333333333333,451.333333333333,0.0027486382834367,0
3785,19.625,19.5,33.5,453.0,0.0027472094436211,0
3786,19.6,19.5,38.3333333333333,453.0,0.0027429268471823,0
3787,19.6,19.5,33.5,454.5,0.0027429268471823,0
3788,19.6,19.5,40.75,456.75,0.0027429268471823,0
3789,19.6,19.5,41.5,453.5,0.0027429268471823,0
3790,19.575,19.55,38.75,450.25,0.0027457033077881,0
3791,19.575,19.6,55.0,454.75,0.0027527566449747,0
3792,19.575,19.6,67.75,455.0,0.0027527566449747,0
3793,19.6,19.6,81.6666666666667,455.333333333333,0.0027570554884591,0
3794,19.6333333333333,19.6,82.6666666666667,457.0,0.002762796474058,0
3795,19.65,19.5,89.75,461.5,0.0027514979261146,0
3796,19.7,19.5333333333333,96.0,458.0,0.0027648316563192,0
3797,19.7675,19.5,93.5,461.0,0.0027717328454574,0
3798,19.79,19.39,93.5,458.0,0.0027598956962218,0
3799,19.79,19.39,91.5,460.0,0.0027598956962218,0
3800,19.89,19.4175,103.0,453.25,0.0027810989718201,0
3801,19.89,19.39,107.25,452.5,0.0027771426594639,0
3802,19.9266666666667,19.4266666666667,110.0,455.333333333333,0.0027887774832646,0
3803,19.945,19.365,112.0,451.0,0.0027830598781314,0
3804,20.0,19.34,116.0,453.0,0.0027889810339437,0
3805,20.0,19.29,119.5,450.75,0.0027817383916236,0
3806,20.0,19.29,126.333333333333,450.666666666667,0.0027817383916236,0
3807,20.0,19.2675,133.0,458.25,0.0027784792573617,0
3808,20.0666666666667,19.26,133.0,460.666666666667,0.002788934720234,0
3809,20.1,19.29,130.5,460.0,0.0027990941921431,0
3810,20.1333333333333,19.23,137.666666666667,457.0,0.0027961369650672,0
3811,20.15,19.2225,137.75,455.0,0.002797938442785,0
3812,20.1333333333333,19.2,143.333333333333,456.333333333333,0.0027917552380573,0
3813,20.2,19.2,141.6,461.75,0.0028033450586151,0
3814,20.2675,19.2,151.75,459.6,0.0028151228796289,0
3815,20.2675,19.175,152.0,455.0,0.0028114407868703,0
3816,20.29,19.175,157.0,454.4,0.0028153712234799,0
3817,20.29,19.15,153.0,458.5,0.0028116840033941,0
3818,20.365,19.1,165.5,455.75,0.0028173942565249,0
3819,20.39,19.075,168.0,455.0,0.0028180575555239,0
3820,20.39,19.0333333333333,173.333333333333,456.0,0.0028118740755276,0
3821,20.39,19.0,166.25,455.5,0.0028069273796499,0
3822,20.445,19.05,170.5,453.5,0.0028239646007775,0
3823,20.5,19.025,172.5,460.5,0.0028298750927826,0
3824,20.5,19.0,175.333333333333,454.666666666667,0.0028261395697788,0
3825,20.525,19.0,181.5,455.0,0.002830522082028,0
3826,20.55,19.0,188.5,458.25,0.0028349105741483,0
3827,20.6,18.9725,190.0,457.0,0.0028395708464656,0
3828,20.6,18.9266666666667,196.666666666667,456.333333333333,0.0028326798354881,0
3829,20.65,18.945,199.0,457.5,0.002844229415418,0
3830,20.7,18.9175,215.0,454.5,0.0028488862317137,0
3831,20.7,18.89,611.5,452.25,0.0028447259208651,0
3832,20.7,18.89,1546.33333333333,455.333333333333,0.0028447259208651,0
3833,20.745,18.89,1451.75,453.0,0.0028526586329287,0
3834,20.76,18.8566666666667,829.0,452.666666666667,0.0028502456233221,0
3835,20.79,18.84,251.25,458.75,0.0028530043145864,0
3836,20.79,18.815,205.5,461.666666666667,0.002849201139032,0
3837,20.79,18.84,220.75,458.4,0.0028530043145864,0
3838,20.8233333333333,18.8566666666667,224.666666666667,454.333333333333,0.0028614323459737,0
3839,20.815,18.815,205.0,458.5,0.0028536097006165,0
3840,20.84,18.84,219.0,457.5,0.0028618392703148,0
3841,20.89,18.84,212.0,460.0,0.0028706982919263,0
3842,20.89,18.815,230.25,459.25,0.0028668714213328,0
3843,20.89,18.8233333333333,241.333333333333,459.333333333333,0.0028681470396558,0
3844,20.9633333333333,18.79,204.333333333333,460.333333333333,0.0028760465611868,0
3845,20.9725,18.79,183.25,464.0,0.0028776754540562,0
3846,20.9633333333333,18.79,229.0,459.0,0.0028760465611868,0
3847,21.0,18.7675,206.5,456.75,0.0028790993102459,0
3848,21.0,18.7675,204.0,459.75,0.0028790993102459,0
3849,21.0,18.7675,257.25,459.0,0.0028790993102459,0
3850,21.0,18.7,257.0,456.5,0.0028686964592541,0
3851,21.075,18.7,257.0,458.25,0.0028820095865227,0
3852,21.125,18.7,253.0,461.5,0.0028909151763711,0
3853,21.1,18.6666666666667,270.333333333333,463.0,0.002881290321618,0
3854,21.1333333333333,18.6,269.0,460.666666666667,0.0028768628641445,0
3855,21.15,18.6,265.5,461.0,0.0028798220574645,0
3856,21.2,18.6,270.0,461.666666666667,0.0028887157117658,0
3857,21.2,18.6,271.0,463.333333333333,0.0028887157117658,0
3858,21.2675,18.6,258.0,461.25,0.002900760471659,0
3859,21.29,18.6,267.0,463.0,0.0029047851984009,0
3860,21.29,18.5666666666667,270.333333333333,460.333333333333,0.0028995552228955,0
3861,21.29,18.525,258.75,461.5,0.0028930178766182,0
3862,21.315,18.525,269.0,461.75,0.002897477333126,0
3863,21.365,18.5,262.5,455.5,0.002902473802406,0
3864,21.3566666666667,18.5,275.333333333333,457.333333333333,0.0029009846419122,0
3865,21.39,18.5,271.25,459.25,0.0029069453195574,0
3866,21.4175,18.5,288.25,461.5,0.0029118709868126,0
3867,21.39,18.445,291.0,460.5,0.0028982627802847,0
3868,21.5,18.5,287.25,462.0,0.0029266920705128,0
3869,21.5,18.5,283.333333333333,464.0,0.0029266920705128,0
3870,21.5,18.5,290.5,462.5,0.0029266920705128,0
3871,21.5,18.4725,290.25,461.5,0.0029223211425512,0
3872,21.5,18.4266666666667,303.0,459.0,0.0029150363984874,0
3873,21.55,18.39,300.5,459.25,0.0029181693580099,0
3874,21.6,18.39,297.0,462.5,0.0029271542590356,0
3875,21.6,18.39,300.5,458.5,0.0029271542590356,0
3876,21.6,18.39,307.666666666667,457.0,0.0029271542590356,0
3877,21.7,18.39,306.75,454.0,0.0029451970921954,0
3878,21.7,18.365,305.0,454.5,0.0029411743574471,0
3879,21.7,18.29,304.0,456.0,0.0029291064639253,0
3880,21.7,18.29,305.0,460.75,0.0029291064639253,0
3881,21.7,18.29,317.333333333333,454.666666666667,0.0029291064639253,0
3882,21.745,18.245,300.5,459.0,0.0029299522167573,0
3883,21.745,18.2,324.75,458.25,0.002922691740763,0
3884,21.79,18.2,314.0,454.75,0.0029307775015886,0
3885,21.79,18.2,316.75,453.5,0.0029307775015886,0
3886,21.84,18.2225,327.5,463.0,0.0029434362971478,0
3887,21.8566666666667,18.1666666666667,311.333333333333,462.0,0.0029373773880267,0
3888,21.89,18.2,328.5,461.25,0.0029488163347437,0
3889,21.89,18.2,327.0,459.666666666667,0.0029488163347437,0
3890,21.89,18.1,324.0,457.25,0.0029325376584145,0
3891,21.89,18.1,329.333333333333,460.0,0.0029325376584145,0
3892,21.89,18.1,330.25,458.5,0.0029325376584145,0
3893,21.945,18.1,321.25,458.0,0.0029424453212033,0
3894,22.0,18.1,334.75,460.0,0.0029523824100169,0
3895,22.0,18.05,333.0,452.5,0.0029441880528903,0
3896,22.0,18.025,334.75,464.5,0.0029400909549096,0
3897,22.0333333333333,18.0333333333333,345.0,464.333333333333,0.002947471033584,0
3898,22.0666666666667,18.0,335.333333333333,459.0,0.0029480110283369,0
3899,22.1,18.0,336.5,458.5,0.0029540357910551,0
3900,22.1,17.9725,342.0,461.25,0.0029495012798148,0
3901,22.1,17.9633333333333,335.333333333333,464.666666666667,0.0029479897906909,0
3902,22.1,17.945,288.75,461.0,0.0029449668343767,0
3903,22.1,17.89,351.333333333333,459.333333333333,0.002935898140901,0
3904,22.1,17.945,348.0,459.25,0.0029449668343767,0
3905,22.1,17.9725,351.0,457.5,0.0029495012798148,0
3906,22.1,18.0,351.0,463.0,0.0029540357910551,0
3907,22.15,17.945,351.0,458.5,0.0029539963421162,0
3908,22.2,17.89,355.5,456.75,0.0029539255434482,0
3909,22.2,17.89,333.0,459.75,0.0029539255434482,0
3910,22.2,17.89,337.5,459.5,0.0029539255434482,0
3911,22.2,17.89,350.25,458.5,0.0029539255434482,0
3912,22.245,17.89,347.5,456.75,0.0029620695799674,0
3913,22.29,17.89,352.333333333333,452.0,0.0029702333532421,0
3914,22.272,17.83,350.4,452.5,0.0029569674729149,0
3915,22.29,17.815,357.5,455.4,0.0029577220731358,0
3916,22.29,17.84,353.0,453.5,0.002961892444179,0
3917,22.34,17.79,344.0,456.75,0.0029625944981678,0
3918,22.3566666666667,17.79,350.0,459.0,0.0029656141496977,0
3919,22.34,17.79,337.75,457.5,0.0029625944981678,0
3920,22.365,17.7675,333.5,453.5,0.0029633544237361,0
3921,22.39,17.7,338.0,453.666666666667,0.0029565564114779,0
3922,22.365,17.745,353.0,452.0,0.0029595839029533,0
3923,22.3566666666667,17.7,342.0,452.666666666667,0.0029505398734639,0
3924,22.39,17.7,351.5,453.5,0.0029565564114779,0
3925,22.39,17.7,350.0,455.25,0.0029565564114779,0
3926,22.39,17.7,362.0,452.0,0.0029565564114779,0
3927,22.4175,17.7,355.75,452.25,0.0029615281729163,0
3928,22.4175,17.7,342.5,459.5,0.0029615281729163,0
3929,22.445,17.65,353.0,458.0,0.0029580874662503,0
3930,22.5,17.7,344.0,456.5,0.0029764875892884,0
3931,22.5,17.7,357.5,456.0,0.0029764875892884,0
3932,22.5,17.7,353.0,453.75,0.0029764875892884,0
3933,22.5,17.7,334.0,459.0,0.0029764875892884,0
3934,22.5333333333333,17.6333333333333,331.0,459.0,0.0029712632407914,0
3935,22.55,17.6,346.0,458.75,0.0029686379753342,0
3936,22.525,17.65,341.0,451.5,0.0029725725982904,0
3937,22.5,17.6,331.0,451.0,0.0029595912600861,0
3938,22.55,17.6,354.25,450.5,0.0029686379753342,0
3939,22.575,17.6,349.75,455.5,0.0029731704428367,0
3940,22.6,17.6,364.5,453.0,0.0029777089929062,0
3941,22.6,17.6,356.0,455.5,0.0029777089929062,0
3942,22.6,17.55,349.75,456.0,0.0029692092101555,0
3943,22.6,17.6,357.333333333333,458.666666666667,0.0029777089929062,0
3944,22.6,17.525,354.25,458.5,0.0029649594054783,0
3945,22.6,17.5666666666667,357.333333333333,456.0,0.0029720424453838,0
3946,22.6,17.5,336.333333333333,455.0,0.0029607096585982,0
3947,22.6,17.6,359.75,455.0,0.0029777089929062,0
3948,22.65,17.6,358.0,458.75,0.0029868043687297,0
3949,22.6666666666667,17.5666666666667,355.0,455.333333333333,0.0029841518373472,0
3950,22.7,17.6,349.0,451.0,0.0029959241588398,0
3951,22.7,17.6,358.0,455.5,0.0029959241588398,0
3952,22.7,17.6,349.0,458.0,0.0029959241588398,0
3953,22.7,17.6,352.666666666667,456.666666666667,0.0029959241588398,0
3954,22.7,17.6,345.5,453.75,0.0029959241588398,0
3955,22.7225,17.6,347.25,454.5,0.0030000360445047,0
3956,22.7225,17.6,360.0,453.5,0.0030000360445047,0
3957,22.7,17.6,360.0,453.0,0.0029959241588398,0
3958,22.79,17.6,343.0,450.5,0.003012401484314,0
3959,22.76,17.6,343.0,452.333333333333,0.0030069002128856,0
3960,22.79,17.6,343.0,453.5,0.003012401484314,0
3961,22.76,17.6,344.333333333333,450.0,0.0030069002128856,0
3962,22.79,17.6,339.5,450.5,0.003012401484314,0
3963,22.79,17.6,339.5,452.0,0.003012401484314,0
3964,22.79,17.6,357.5,455.75,0.003012401484314,0
3965,22.79,17.6,354.0,458.0,0.003012401484314,0
3966,22.79,17.6,334.0,457.0,0.003012401484314,0
3967,22.815,17.6,334.5,461.75,0.0030169926338851,0
3968,22.815,17.6,336.0,458.0,0.0030169926338851,0
3969,22.8566666666667,17.6,334.0,455.666666666667,0.0030246582199652,0
3970,22.89,17.6,352.25,453.0,0.0030308030107758,0
3971,22.89,17.6,338.333333333333,451.666666666667,0.0030308030107758,0
3972,22.865,17.6,340.5,452.5,0.0030261933900538,0
3973,22.89,17.6,333.0,454.0,0.0030308030107758,0
3974,22.89,17.6,337.2,457.0,0.0030308030107758,0
3975,22.89,17.6,336.0,448.666666666667,0.0030308030107758,0
3976,22.89,17.6,334.5,451.25,0.0030308030107758,0
3977,22.9175,17.625,342.75,453.0,0.0030402141299595,0
3978,22.89,17.65,342.75,455.25,0.0030394553212435,0
3979,22.89,17.625,341.0,457.0,0.0030351291360664,0
3980,22.89,17.65,341.0,457.0,0.0030394553212435,0
3981,22.89,17.675,318.5,452.5,0.0030437815663086,0
3982,22.89,17.6333333333333,337.0,453.666666666667,0.003036571191138,0
3983,22.89,17.6,314.666666666667,457.333333333333,0.0030308030107758,0
3984,22.9175,17.6,298.75,453.0,0.0030358807215622,0
3985,22.945,17.55,312.25,459.0,0.0030322846850789,0
3986,22.945,17.6,321.5,458.25,0.0030409659089064,0
3987,22.9266666666667,17.5333333333333,317.0,452.0,0.0030260130108767,0
3988,22.9725,17.525,319.75,451.5,0.0030330149237304,0
3989,22.9725,17.55,310.75,445.0,0.0030373627494115,0
3990,23.0,17.6,313.5,444.5,0.0030511587510085,0
3991,22.9725,17.5,313.5,445.75,0.0030286671585368,0
3992,23.0,17.5,310.0,449.0,0.0030337380666364,0
3993,23.0,17.5,310.0,449.5,0.0030337380666364,0
3994,23.0,17.4633333333333,310.0,446.0,0.003027350725668,0
3995,23.0,17.4175,308.75,449.5,0.0030193667330368,0
3996,23.0,17.39,308.75,455.0,0.003014576435364,0
3997,23.0333333333333,17.4266666666667,318.333333333333,457.0,0.0030270940249238,0
3998,23.0333333333333,17.3566666666667,312.333333333333,455.0,0.0030148757583571,0
3999,23.0,17.315,308.5,452.0,0.0030015123603659,0
4000,23.02,17.352,317.5,456.0,0.0030116183236456,0
4001,23.0333333333333,17.3566666666667,308.5,454.0,0.0030148757583571,0
4002,23.025,17.365,306.75,447.25,0.0030148021168416,0
4003,23.04,17.35,321.25,445.5,0.0030149340999086,0
4004,23.0666666666667,17.3566666666667,305.0,450.25,0.0030209922917988,0
4005,23.05,17.315,315.0,446.75,0.0030106527027271,0
4006,23.1,17.29,310.5,446.5,0.0030154362451471,0
4007,23.0666666666667,17.26,297.0,448.666666666667,0.0030040858385009,0
4008,23.0666666666667,17.26,297.0,451.333333333333,0.0030040858385009,0
4009,23.1,17.29,310.5,453.5,0.0030154362451471,0
4010,23.075,17.2675,310.5,455.0,0.0030069204094256,0
4011,23.1,17.29,303.0,454.666666666667,0.0030154362451471,0
4012,23.1,17.29,312.666666666667,448.666666666667,0.0030154362451471,0
4013,23.075,17.2675,291.0,450.5,0.0030069204094256,0
4014,23.1,17.245,288.0,447.5,0.0030075501402384,0
4015,23.1,17.2,291.0,444.0,0.0029996642343323,0
4016,23.1,17.2,301.0,444.25,0.0029996642343323,0
4017,23.1,17.2,292.0,448.5,0.0029996642343323,0
4018,23.1,17.1666666666667,302.0,446.0,0.0029938229508464,0
4019,23.1,17.1,293.5,449.75,0.0029821407114262,0
4020,23.1,17.0333333333333,302.0,453.0,0.0029704589087213,0
4021,23.1,17.05,285.0,448.75,0.0029733793184568,0
4022,23.1,17.0,285.0,448.5,0.0029646181711294,0
4023,23.1,17.0,285.0,448.25,0.0029646181711294,0
4024,23.1,17.0,283.25,451.0,0.0029646181711294,0
4025,23.1,17.0,288.666666666667,449.666666666667,0.0029646181711294,0
4026,23.1,17.0,278.75,448.5,0.0029646181711294,0
4027,23.1,17.0,279.75,446.0,0.0029646181711294,0
4028,23.1,17.0,283.25,447.0,0.0029646181711294,0
4029,23.1,17.0,271.0,441.666666666667,0.0029646181711294,0
4030,23.1,17.06,268.0,445.25,0.002975131577399,0
4031,23.1,17.0333333333333,268.25,447.5,0.0029704589087213,0
4032,23.1,17.0666666666667,266.0,446.333333333333,0.0029762997554859,0
4033,23.1,17.0,270.25,453.5,0.0029646181711294,0
4034,23.1,16.9725,268.5,449.25,0.0029597996448005,0
4035,23.1,16.89,272.0,445.25,0.002945344511618,0
4036,23.1,16.89,274.0,445.0,0.002945344511618,0
4037,23.1,16.84,265.0,446.0,0.0029365841502756,0
4038,23.1,16.89,265.0,449.0,0.002945344511618,0
4039,23.1,16.9633333333333,267.333333333333,448.666666666667,0.0029581934858691,0
4040,23.075,16.9725,243.75,442.75,0.0029553057508419,0
4041,23.0666666666667,17.0,265.0,449.333333333333,0.0029586178469069,0
4042,23.075,17.0,263.5,449.5,0.0029601169265009,0
4043,23.1,17.0,262.0,452.0,0.0029646181711294,0
4044,23.075,17.0,260.5,449.75,0.0029601169265009,0
4045,23.1,17.0,252.0,447.666666666667,0.0029646181711294,0
4046,23.075,16.945,259.0,443.5,0.0029504946492587,0
4047,23.075,16.865,250.0,443.25,0.0029364991385562,0
4048,23.1,16.945,241.0,447.0,0.0029549811927734,0
4049,23.075,16.865,248.25,452.5,0.0029364991385562,0
4050,23.075,16.865,261.0,448.0,0.0029364991385562,0
4051,23.075,16.865,252.0,448.5,0.0029364991385562,0
4052,23.05,16.865,243.0,451.75,0.0029320399354414,0
4053,23.025,16.89,239.75,446.0,0.0029319468776416,0
4054,23.0,16.89,241.333333333333,444.0,0.0029274929166382,0
4055,23.0,16.865,232.5,441.25,0.0029231393776999,0
4056,23.025,16.84,224.75,438.75,0.0029232265513823,0
4057,23.0,16.79,221.666666666667,440.0,0.002910079124823,0
4058,23.0,16.79,199.0,441.0,0.002910079124823,0
4059,23.0,16.79,206.25,438.0,0.002910079124823,0
4060,23.0,16.84,186.0,439.75,0.0029187858994188,0
4061,23.0,16.8233333333333,189.0,443.0,0.0029158836142625,0
4062,23.0,16.745,189.0,442.75,0.0029022432351217,0
4063,22.9633333333333,16.79,189.0,440.0,0.0029035963782971,0
4064,22.9725,16.79,181.5,444.0,0.0029052158739979,0
4065,22.9725,16.865,198.0,445.5,0.002918254198985,0
4066,22.945,16.84,180.0,444.5,0.002909037326274,0
4067,22.9175,16.89,193.5,441.5,0.002912837003305,0
4068,22.9175,16.865,188.5,442.5,0.0029085053609347,0
4069,22.9266666666667,16.89,202.0,446.333333333333,0.0029144622474755,0
4070,22.89,16.9175,187.5,447.25,0.0029127229195533,0
4071,22.89,16.89,205.0,445.0,0.0029079660487289,0
4072,22.89,17.0,201.5,437.0,0.0029269939665547,0
4073,22.89,17.0,193.75,440.25,0.0029269939665547,0
4074,22.89,17.0,171.75,438.5,0.0029269939665547,0
4075,22.79,17.0,157.0,440.25,0.0029092256505531,0
4076,22.8233333333333,17.0666666666667,139.333333333333,446.0,0.0029266235624299,0
4077,22.79,17.0666666666667,164.666666666667,444.333333333333,0.0029206879498719,0
4078,22.79,17.1,150.0,443.5,0.0029264192572167,0
4079,22.76,17.1,149.666666666667,441.666666666667,0.0029210757410717,0
4080,22.7225,17.075,154.0,439.5,0.0029101276408547,0
4081,22.73,17.0333333333333,160.666666666667,441.0,0.002904320313916,0
4082,22.7,17.075,143.25,446.5,0.0029061395577302,0
4083,22.7,17.1,151.0,441.5,0.002910414429973,0
4084,22.7,17.0333333333333,153.333333333333,441.666666666667,0.0028990149006283,0
4085,22.7,17.025,157.0,439.5,0.0028975899887029,0
4086,22.7,17.05,144.75,442.5,0.0029018647439739,0
4087,22.7,17.1,115.0,443.75,0.002910414429973,0
4088,22.65,17.1,131.0,445.0,0.0029015561455347,0
4089,22.6,17.1,140.0,443.25,0.0028927215679658,0
4090,22.6,17.1,167.666666666667,444.0,0.0028927215679658,0
4091,22.6,17.125,168.75,436.5,0.002896970390252,0
4092,22.6,17.1333333333333,176.0,437.0,0.0028983866771869,0
4093,22.6,17.175,163.0,445.75,0.0029054682081603,0
4094,22.6,17.2,170.0,446.0,0.0029097172037849,0
4095,22.6,17.175,163.25,443.75,0.0029054682081603,0
4096,22.6,17.1,151.0,442.25,0.0028927215679658,0
4097,22.6,17.1666666666667,140.666666666667,446.0,0.0029040518891257,0
4098,22.6,17.15,138.5,446.25,0.0029012192703164,0
4099,22.6,17.175,142.5,443.0,0.0029054682081603,0
4100,22.6,17.1666666666667,139.0,439.333333333333,0.0029040518891257,0
4101,22.6,17.2225,158.5,441.5,0.0029135413492504,0
4102,22.55,17.2225,157.0,440.5,0.0029046667145528,0
4103,22.6,17.2,148.0,442.5,0.0029097172037849,0
4104,22.55,17.245,139.0,444.0,0.0029084792041344,0
4105,22.5,17.245,139.0,444.0,0.0028996166690863,0
4106,22.5,17.34,151.75,443.75,0.0029156650794581,0
4107,22.5,17.39,142.0,445.0,0.002924111942326,0
4108,22.5,17.365,126.5,447.5,0.0029198884823486,0
4109,22.5,17.39,120.0,444.333333333333,0.002924111942326,0
4110,22.4725,17.365,123.0,443.0,0.0029149900482876,0
4111,22.445,17.365,121.5,441.5,0.0029100988397499,0
4112,22.5,17.39,117.0,437.0,0.002924111942326,0
4113,22.4725,17.39,126.0,440.0,0.0029192063898485,0
4114,22.39,17.3233333333333,124.0,439.666666666667,0.0028933464380071,0
4115,22.39,17.315,123.0,437.0,0.002891948131839,0
4116,22.39,17.34,138.0,436.0,0.002896143069117,0
4117,22.39,17.39,116.0,442.75,0.0029045331126405,0
4118,22.39,17.39,122.75,441.5,0.0029045331126405,0
4119,22.39,17.4175,128.25,442.0,0.0029091477326109,0
4120,22.365,17.39,126.5,441.0,0.0029000994851912,0
4121,22.3566666666667,17.5,119.0,442.333333333333,0.0029170440852069,0
4122,22.39,17.525,110.0,442.25,0.0029271873555407,0
4123,22.39,17.6,125.0,442.666666666667,0.0029397737557938,0
4124,22.365,17.6,116.0,442.0,0.0029352860825541,0
4125,22.29,17.6,119.0,438.0,0.0029218591795854,0
4126,22.29,17.6,116.0,440.5,0.0029218591795854,0
4127,22.34,17.6,107.0,445.0,0.0029308044333928,0
4128,22.29,17.6,107.0,439.5,0.0029218591795854,0
4129,22.29,17.6,118.0,440.666666666667,0.0029218591795854,0
4130,22.29,17.675,100.0,440.5,0.0029343690238112,0
4131,22.29,17.7,100.0,440.0,0.0029385390831873,0
4132,22.29,17.7,100.0,442.75,0.0029385390831873,0
4133,22.29,17.7,100.0,443.0,0.0029385390831873,0
4134,22.2225,17.675,99.5,443.5,0.0029222792305431,0
4135,22.2,17.7,87.0,445.5,0.0029224061017519,0
4136,22.2,17.7,87.0,444.5,0.0029224061017519,0
4137,22.2,17.7,105.0,441.25,0.0029224061017519,0
4138,22.2,17.7,105.0,442.0,0.0029224061017519,0
4139,22.175,17.745,90.5,440.25,0.0029253919405067,0
4140,22.15,17.745,97.75,441.25,0.0029209189574188,0
4141,22.175,17.79,93.25,441.5,0.0029328454968212,0
4142,22.15,17.79,87.0,438.5,0.002928361063692,0
4143,22.1,17.79,87.0,445.333333333333,0.0029194102815924,0
4144,22.1333333333333,17.79,87.0,443.666666666667,0.0029253747922409,0
4145,22.125,17.815,70.0,438.75,0.0029280108882859,0
4146,22.1,17.8233333333333,89.3333333333333,441.0,0.0029249061380269,0
4147,22.1,17.865,91.75,438.0,0.002931776094509,0
4148,22.1,17.89,81.0,437.0,0.002935898140901,0
4149,22.1,17.89,81.0,446.25,0.002935898140901,0
4150,22.1,17.945,76.5,445.25,0.0029449668343767,0
4151,22.05,17.945,63.0,443.5,0.0029359616064575,0
4152,22.0666666666667,17.9633333333333,82.3333333333333,441.666666666667,0.0029419774168517,0
4153,22.025,17.9175,77.5,445.5,0.0029269545817318,0
4154,22.0,17.9725,77.5,446.5,0.0029314872240085,0
4155,22.0,18.0,78.5,445.25,0.0029359939106492,0
4156,22.0,18.0,74.0,446.0,0.0029359939106492,0
4157,21.9633333333333,18.0,74.0,443.0,0.0029294028756061,0
4158,21.9725,18.05,74.0,440.5,0.0029392296909082,0
4159,21.9725,18.025,69.75,441.0,0.0029351395253334,0
4160,21.89,18.1,57.0,439.333333333333,0.0029325376584145,0
4161,21.89,18.1,69.75,437.0,0.0029325376584145,0
4162,21.89,18.1,68.0,438.0,0.0029325376584145,0
4163,21.89,18.1,68.0,446.0,0.0029325376584145,0
4164,21.89,18.1,64.4,442.0,0.0029325376584145,0
4165,21.8566666666667,18.1666666666667,62.0,442.0,0.0029373773880267,0
4166,21.865,18.175,68.0,437.5,0.002940234013662,0
4167,21.865,18.2,68.0,441.0,0.0029442974963269,0
4168,21.8233333333333,18.23,50.0,441.333333333333,0.0029416433715382,0
4169,21.84,18.245,57.25,440.5,0.0029470878876122,0
4170,21.79,18.2,64.5,442.5,0.0029307775015886,0
4171,21.79,18.2,64.5,436.5,0.0029307775015886,0
4172,21.79,18.29,52.0,442.0,0.0029453389849752,0
4173,21.745,18.29,54.5,440.0,0.0029372128614608,0
4174,21.745,18.315,62.0,438.5,0.002941246625864,0
4175,21.745,18.34,62.0,442.0,0.0029452804423408,0
4176,21.7,18.39,44.0,442.0,0.0029451970921954,0
4177,21.7,18.39,51.0,441.5,0.0029451970921954,0
4178,21.7,18.39,62.6666666666667,442.0,0.0029451970921954,0
4179,21.7,18.39,58.0,441.75,0.0029451970921954,0
4180,21.6666666666667,18.4266666666667,44.0,440.666666666667,0.0029450599531983,0
4181,21.7,18.4725,44.0,442.5,0.0029584724843125,0
4182,21.65,18.445,44.0,443.0,0.0029449864101422,0
4183,21.6,18.5,51.0,442.5,0.0029447459587245,0
4184,21.6,18.5,53.75,446.5,0.0029447459587245,0
4185,21.6,18.5,45.3333333333333,442.0,0.0029447459587245,0
4186,21.6,18.525,47.75,442.5,0.0029487442104168,0
4187,21.6,18.575,55.0,440.5,0.0029567408672827,0
4188,21.5666666666667,18.6,55.0,440.0,0.0029546775569599,0
4189,21.55,18.65,50.5,439.25,0.0029596230949027,0
4190,21.5,18.6,37.0,442.0,0.0029425868694484,0
4191,21.5,18.7,37.0,442.0,0.0029584824769622,0
4192,21.5,18.7,37.0,438.75,0.0029584824769622,0
4193,21.5,18.7,37.0,439.0,0.0029584824769622,0
4194,21.5,18.7675,37.0,440.75,0.0029692124691645,0
4195,21.5,18.79,37.0,440.0,0.00297278921511,0
4196,21.5,18.79,37.0,439.5,0.00297278921511,0
4197,21.445,18.815,37.0,440.0,0.0029667053761862,0
4198,21.39,18.79,37.0,439.0,0.0029527299714968,0
4199,21.39,18.815,43.75,439.0,0.0029566772383602,0
4200,21.39,18.89,33.5,436.75,0.0029685193381324,0
4201,21.39,18.89,38.3333333333333,440.333333333333,0.0029685193381324,0
4202,21.365,18.89,33.5,440.75,0.002963952657452,0
4203,21.365,18.89,33.5,443.25,0.002963952657452,0
4204,21.29,18.89,48.0,444.0,0.0029502896794235,0
4205,21.29,18.945,33.5,435.75,0.0029589205872467,0
4206,21.29,19.0,40.75,436.5,0.0029675517334684,0
4207,21.3233333333333,19.0333333333333,48.0,440.333333333333,0.0029788948899947,0
4208,21.29,19.1,48.0,439.0,0.0029832453374038,0
4209,21.29,19.1,48.0,438.0,0.0029832453374038,0
4210,21.29,19.1,42.3333333333333,437.666666666667,0.0029832453374038,0
4211,21.272,19.16,39.5,439.75,0.0029893438200256,0
4212,21.26,19.1666666666667,40.75,437.75,0.0029881779378685,0
4213,21.2225,19.2,32.25,439.75,0.002986487505875,0
4214,21.2,19.2,36.5,437.5,0.002982346887216,0
4215,21.2,19.2,31.0,435.666666666667,0.002982346887216,0
4216,21.2,19.2675,37.0,435.75,0.0029928821503474,0
4217,21.2,19.29,19.0,443.0,0.0029963939836547,0
4218,21.2,19.29,31.0,440.25,0.0029963939836547,0
4219,21.15,19.34,31.0,439.5,0.0029949472980969,0
4220,21.2,19.39,22.0,433.5,0.0030120026091886,0
4221,21.1,19.39,19.75,433.5,0.0029934776556324,0
4222,21.1,19.445,26.5,439.5,0.0030020096769189,0
4223,21.125,19.5,19.0,439.0,0.0030151902179904,0
4224,21.1,19.5,24.0,435.0,0.0030105419311563,0
4225,21.1,19.55,24.0,437.0,0.003018298728073,0
4226,21.075,19.575,24.0,436.0,0.003017517192379,0
4227,21.0333333333333,19.5,24.0,438.0,0.0029981773168505,0
4228,21.075,19.575,24.0,441.25,0.003017517192379,0
4229,21.0333333333333,19.6,24.0,440.333333333333,0.0030136270792335,0
4230,21.0,19.6,24.0,438.0,0.00300742962468,0
4231,21.0,19.675,24.0,436.0,0.0030189935025409,0
4232,21.0,19.66,24.0,440.25,0.0030166806927361,0
4233,21.0,19.79,24.0,444.0,0.0030367256130464,0
4234,21.0,19.79,12.0,444.0,0.0030367256130464,0
4235,20.945,19.79,6.0,437.2,0.0030264244800489,0
4236,20.89,19.79,6.0,439.5,0.0030161541160387,0
4237,20.9175,19.84,6.0,433.5,0.0030289559930468,0
4238,20.89,19.84,6.0,439.25,0.0030238115615878,0
4239,20.89,19.865,6.0,443.75,0.0030276403547247,0
4240,20.8566666666667,19.8233333333333,6.0,446.0,0.0030150389767497,0
4241,20.89,19.945,11.5,437.0,0.0030398928079983,0
4242,20.865,19.945,13.5,435.75,0.0030351977704683,0
4243,20.89,20.0,10.0,438.0,0.0030483166482805,0
4244,20.8566666666667,20.0,9.33333333333333,441.333333333333,0.0030420405896215,0
4245,20.8566666666667,20.0,9.33333333333333,444.333333333333,0.0030420405896215,0
4246,20.815,19.9725,7.0,438.5,0.0030300191487321,0
4247,20.815,20.0,7.0,438.75,0.0030342115132986,0
4248,20.79,20.0,7.0,441.5,0.0030295225859519,0
4249,20.79,20.0,10.5,438.75,0.0030295225859519,0
4250,20.79,20.0,14.0,437.333333333333,0.0030295225859519,0
4251,20.79,20.0,14.0,438.75,0.0030295225859519,0
4252,20.79,20.075,10.5,440.0,0.0030409388378089,0
4253,20.79,20.15,14.0,440.5,0.0030523555067124,0
4254,20.79,20.15,14.0,441.0,0.0030523555067124,0
4255,20.79,20.2,14.0,439.333333333333,0.0030599668510186,0
4256,20.7225,20.245,14.0,436.75,0.0030540327425971,0
4257,20.7225,20.29,14.0,435.75,0.003060854563889,0
4258,20.7225,20.245,14.0,436.75,0.0030540327425971,0
4259,20.7,20.365,14.0,437.5,0.0030679480970216,0
4260,20.7,20.39,14.0,440.75,0.0030717328982604,0
4261,20.7,20.39,14.0,441.0,0.0030717328982604,0
4262,20.7,20.5,14.0,433.75,0.0030883865682351,0
4263,20.7,20.5,14.0,438.0,0.0030883865682351,0
4264,20.7,20.525,14.0,442.75,0.0030921716169895,0
4265,20.6666666666667,20.4966666666667,14.0,441.0,0.003081514671565,0
4266,20.7,20.575,14.0,436.5,0.003099741852016,0
4267,20.7,20.6,14.0,435.0,0.0031035270382897,0
4268,20.7,20.6,4.66666666666667,441.0,0.0031035270382897,0
4269,20.7,20.6,0.0,443.0,0.0031035270382897,0
4270,20.7,20.65,0.0,439.0,0.003111097548362,0
4271,20.6333333333333,20.6333333333333,0.0,438.0,0.00309576545382,0
4272,20.7,20.7,0.0,436.5,0.0031186682418066,0
4273,20.6,20.6333333333333,0.0,437.666666666667,0.0030893786119537,0
4274,20.6,20.7,0.0,438.0,0.00309941018839,0
4275,20.7,20.7,0.0,443.0,0.0031186682418066,0
4276,20.6,20.7,0.0,439.0,0.00309941018839,0
4277,20.6,20.7,0.0,439.0,0.00309941018839,0
4278,20.6,20.7,0.0,440.0,0.00309941018839,0
4279,20.6,20.745,0.0,439.5,0.0031061816845047,0
4280,20.6,20.79,0.0,431.666666666667,0.0031129533273278,0
4281,20.6,20.79,0.0,434.5,0.0031129533273278,0
4282,20.6,20.89,0.0,437.0,0.0031280019477664,0
4283,20.6,20.89,0.0,441.5,0.0031280019477664,0
4284,20.55,20.89,0.0,431.0,0.0031183233419541,0
4285,20.6,20.89,0.0,437.0,0.0031280019477664,0
4286,20.6,20.9633333333333,0.0,433.666666666667,0.0031390380632509,0
4287,20.6,21.0333333333333,0.0,439.666666666667,0.0031495729006298,0
4288,20.6,21.05,0.0,439.5,0.003152081247578,0
4289,20.5,21.0,0.0,440.0,0.0031251226202272,0
4290,20.5,21.0,0.0,436.0,0.0031251226202272,0
4291,20.6,21.0,0.0,435.0,0.0031445562671195,0
4292,20.5,21.15,0.0,440.0,0.003147557884055,0
4293,20.5,21.1,0.0,438.0,0.0031400792838513,0
4294,20.5,21.1,0.0,435.0,0.0031400792838513,0
4295,20.55,21.1,0.0,435.0,0.0031498295207115,0
4296,20.5,21.1,0.0,434.0,0.0031400792838513,0
4297,20.5,21.2,0.0,436.0,0.003155036663195,0
4298,20.5,21.245,0.0,439.5,0.0031617677174168,0
4299,20.5,21.26,0.0,441.333333333333,0.003164011434368,0
4300,20.5,21.245,0.0,442.0,0.0031617677174168,0
4301,20.5,21.29,0.0,435.5,0.003168498916587,0
4302,20.5,21.29,0.0,436.5,0.003168498916587,0
4303,20.5,21.29,0.0,441.666666666667,0.003168498916587,0
4304,20.5,21.29,0.0,442.0,0.003168498916587,0
4305,20.5,21.39,0.0,440.0,0.0031834576559394,0
4306,20.5,21.39,0.0,437.25,0.0031834576559394,0
4307,20.5,21.39,0.0,437.0,0.0031834576559394,0
4308,20.5,21.445,0.0,435.5,0.0031916852677189,0
4309,20.5,21.39,0.0,433.5,0.0031834576559394,0
4310,20.5,21.39,0.0,436.0,0.0031834576559394,0
4311,20.5,21.39,0.0,439.0,0.0031834576559394,0
4312,20.5,21.495,0.0,438.5,0.0031991651027138,0
4313,20.5,21.55,0.0,435.5,0.0032073931279312,0
4314,20.4633333333333,21.5666666666667,0.0,438.666666666667,0.0032025938479296,0
4315,20.4725,21.625,0.0,442.5,0.0032131276935157,0
4316,20.5,21.6,0.0,437.5,0.0032148733387929,0
4317,20.5,21.6,0.0,435.0,0.0032148733387929,0
4318,20.39,21.6,0.0,434.0,0.0031930050192438,0
4319,20.39,21.6,0.0,438.0,0.0031930050192438,0
4320,20.39,21.6333333333333,0.0,431.0,0.0031979578303107,0
4321,20.39,21.7,0.0,430.0,0.0032078636878668,0
4322,20.39,21.76,0.0,436.666666666667,0.0032167792280588,0
4323,20.39,21.76,0.0,439.333333333333,0.0032167792280588,0
4324,20.5,21.89,0.0,437.0,0.0032582620917575,0
4325,20.39,21.79,0.0,443.5,0.003221237093508,0
4326,20.39,21.89,0.0,435.0,0.0032360971041341,0
4327,20.39,21.89,0.0,434.0,0.0032360971041341,0
4328,20.39,21.89,0.0,437.666666666667,0.0032360971041341,0
4329,20.39,22.0,0.0,441.5,0.0032524439317057,0
4330,20.39,22.0,0.0,433.0,0.0032524439317057,0
4331,20.39,22.0,0.0,433.333333333333,0.0032524439317057,0
4332,20.39,22.0,0.0,433.0,0.0032524439317057,0
4333,20.39,22.0,0.0,432.0,0.0032524439317057,0
4334,20.39,22.1,0.0,439.0,0.0032673054258099,0
4335,20.39,22.05,0.0,441.0,0.0032598745904489,0
4336,20.39,22.1,0.0,442.5,0.0032673054258099,0
4337,20.39,22.1,0.0,444.5,0.0032673054258099,0
4338,20.39,22.1,0.0,440.0,0.0032673054258099,0
4339,20.39,22.2,0.0,433.0,0.0032821676264105,0
4340,20.39,22.2,0.0,436.0,0.0032821676264105,0
4341,20.39,22.2,0.0,441.0,0.0032821676264105,0
4342,20.39,22.245,0.0,433.0,0.0032888558471885,0
4343,20.3566666666667,22.29,0.0,434.333333333333,0.0032887302747099,0
4344,20.34,22.29,0.0,434.0,0.0032853279634079,0
4345,20.34,22.34,0.0,437.0,0.0032927364869499,0
4346,20.29,22.34,0.0,438.5,0.0032825250556579,0
4347,20.29,22.29,0.0,439.0,0.0032751396277615,0
4348,20.39,22.39,0.0,432.0,0.0033104077541291,0
4349,20.34,22.445,0.0,442.0,0.0033082949578363,0
4350,20.29,22.5,0.0,439.333333333333,0.0033061595973803,0
4351,20.29,22.5,0.0,432.0,0.0033061595973803,0
4352,20.29,22.6,0.0,434.0,0.0033209320932795,0
4353,20.29,22.6,0.0,434.0,0.0033209320932795,0
4354,20.29,22.65,0.0,435.0,0.0033283186029759,0
4355,20.29,22.7,0.0,437.0,0.0033357052871784,0
4356,20.29,22.7,0.0,437.0,0.0033357052871784,0
4357,20.29,22.7,0.0,437.0,0.0033357052871784,0
4358,20.29,22.7,0.0,436.0,0.0033357052871784,0
4359,20.29,22.745,0.0,438.0,0.0033423534521686,0
4360,20.29,22.79,0.0,428.0,0.0033490017585182,0
4361,20.29,22.79,0.0,433.0,0.0033490017585182,0
4362,20.29,22.79,0.0,435.0,0.0033490017585182,0
4363,20.29,22.89,0.0,439.5,0.0033637762787531,0
4364,20.29,22.89,0.0,438.5,0.0033637762787531,0
4365,20.29,22.89,0.0,440.0,0.0033637762787531,0
4366,20.29,23.0,0.0,438.0,0.0033800290573688,0
4367,20.2,22.89,0.0,437.0,0.0033450103391961,0
4368,20.29,23.0,0.0,435.5,0.0033800290573688,0
4369,20.245,22.9725,0.0,436.0,0.0033665370231708,0
4370,20.26,22.9966666666667,0.0,435.25,0.0033732414275126,0
4371,20.2,23.0,0.0,432.0,0.0033611719589694,0
4372,20.245,23.05,0.0,436.0,0.0033779560481055,0
4373,20.245,23.05,0.0,441.0,0.0033779560481055,0
4374,20.2,23.0,0.0,437.0,0.0033611719589694,0
4375,20.2,23.1,0.0,438.0,0.0033758650655085,0
4376,20.2,23.1,0.0,436.0,0.0033758650655085,0
4377,20.2,23.23,0.0,438.0,0.0033949671362495,0
4378,20.2,23.2,0.0,435.0,0.0033905588625044,0
4379,20.2,23.29,0.0,441.0,0.0034037838701815,0
4380,20.2,23.29,0.0,436.0,0.0034037838701815,0
4381,20.1,23.29,0.0,434.5,0.0033826746463276,0
4382,20.15,23.29,0.0,438.0,0.0033932147916362,0
4383,20.15,23.29,0.0,439.0,0.0033932147916362,0
4384,20.2,23.3566666666667,0.0,440.0,0.0034135805327828,0
4385,20.15,23.29,0.0,441.5,0.0033932147916362,0
4386,20.15,23.34,0.0,439.5,0.0034005393211623,0
4387,20.2,23.39,0.0,439.0,0.0034184789791795,0
4388,20.1,23.34,0.0,436.5,0.0033899763007675,0
4389,20.2,23.34,0.0,433.0,0.0034111313383588,0
4390,20.1,23.39,0.0,439.0,0.0033972781257103,0
4391,20.2,23.4633333333333,0.0,439.333333333333,0.0034292558313553,0
4392,20.2,23.445,0.0,435.0,0.0034265615834927,0
4393,20.15,23.55,0.0,438.5,0.0034313042187866,0
4394,20.15,23.5,0.0,441.0,0.003423978968626,0
4395,20.15,23.6,0.0,441.0,0.0034386296405426,0
4396,20.15,23.65,0.0,442.0,0.0034459552339,0
4397,20.15,23.65,0.0,440.0,0.0034459552339,0
4398,20.15,23.6,0.0,440.0,0.0034386296405426,0
4399,20.2,23.745,0.0,444.0,0.0034706521938987,0
4400,20.2,23.7,0.0,443.0,0.0034640382060401,0
4401,20.15,23.7,0.0,441.5,0.0034532809988647,0
4402,20.2,23.7,0.0,440.5,0.0034640382060401,0
4403,20.15,23.895,0.0,440.0,0.0034818531220492,0
4404,20.15,24.0,0.0,442.0,0.0034972391927462,0
4405,20.1,24.05,0.0,434.5,0.0034936781973234,0
4406,20.1333333333333,24.0333333333333,0.0,437.666666666667,0.0034984937243374,0
4407,20.1,24.0666666666667,0.0,441.666666666667,0.0034961129272784,0
4408,20.1,24.0,0.0,436.0,0.0034863741211824,0
4409,20.1,24.15,0.0,440.0,0.0035082868613744,0
4410,20.1,24.1,0.0,445.0,0.003500982444052,0
4411,20.1,24.1,0.0,441.0,0.003500982444052,0
4412,20.1,24.2,0.0,443.0,0.0035155914492964,0
4413,20.1,24.1,0.0,438.5,0.003500982444052,0
4414,20.2,24.1,0.0,439.0,0.0035228341140576,0
4415,20.1,24.0,0.0,444.0,0.0034863741211824,0
4416,20.1,24.05,0.0,438.5,0.0034936781973234,0
4417,20.1,24.2,0.0,439.0,0.0035155914492964,0
4418,20.1,24.15,0.0,437.0,0.0035082868613744,0
4419,20.1,24.2,0.0,435.333333333333,0.0035155914492964,0
4420,20.1,24.2,0.0,440.0,0.0035155914492964,0
4421,20.1,24.2,0.0,435.0,0.0035155914492964,0
4422,20.05,24.2,0.0,440.0,0.0035046648304094,0
4423,20.1,24.245,0.0,439.5,0.0035221657242939,0
4424,20.1,24.245,0.0,445.0,0.0035221657242939,0
4425,20.05,24.245,0.0,442.0,0.003511218557562,0
4426,20.0666666666667,24.29,0.0,441.0,0.0035214249833239,0
4427,20.0,24.3233333333333,0.0,441.5,0.0035116743932598,0
4428,20.1,24.39,0.0,440.0,0.0035433504393747,0
4429,20.0666666666667,24.4633333333333,0.0,439.333333333333,0.0035466971435231,0
4430,20.1,24.5,0.0,446.0,0.0035594225597567,0
4431,20.0,24.445,0.0,445.0,0.0035293396542768,0
4432,20.0,24.5,0.0,444.0,0.0035373256476956,0
4433,20.1,24.6,0.0,445.0,0.0035740342949787,0
4434,20.0,24.5,0.0,443.5,0.0035373256476956,0
4435,20.0,24.5,0.0,444.0,0.0035373256476956,0
4436,20.1,24.7,0.0,443.0,0.0035886467128145,0
4437,20.0,24.6,0.0,443.0,0.0035518461581581,0
4438,20.0,24.7,0.0,443.0,0.0035663673427614,0
4439,20.0,24.7,0.0,442.0,0.0035663673427614,0
4440,20.0,24.7,0.0,447.0,0.0035663673427614,0
4441,20.0,24.745,0.0,441.5,0.0035729020957839,0
4442,20.0,24.79,0.0,441.666666666667,0.0035794369853336,0
4443,20.0,24.89,0.0,434.0,0.0035939594509338,0
4444,20.0,24.89,0.0,439.0,0.0035939594509338,0
4445,20.0,24.89,0.0,440.0,0.0035939594509338,0
4446,20.0,24.945,0.0,439.0,0.0036019470944214,0
4447,20.0,25.0,0.0,437.0,0.0036099349418857,0
4448,20.0,25.0,0.0,442.0,0.0036099349418857,0
4449,20.0,25.0666666666667,0.0,446.333333333333,0.0036196174547147,0
4450,20.0,25.025,0.0,442.0,0.0036135658490745,0
4451,20.0,25.1,0.0,440.5,0.0036244588235217,0
4452,20.0,25.05,0.0,441.0,0.0036171967984097,0
4453,20.0,25.0,0.0,443.0,0.0036099349418857,0
4454,20.0,25.0,0.0,441.666666666667,0.0036099349418857,0
4455,20.0,25.0,0.0,438.5,0.0036099349418857,0
4456,20.0,25.0,0.0,443.0,0.0036099349418857,0
4457,20.025,25.025,0.0,440.5,0.0036191982144715,0
4458,20.025,25.05,0.0,441.25,0.0036228348560403,0
4459,20.05,25.1,0.0,443.5,0.0036357654720019,0
4460,20.0,25.0,0.0,445.5,0.0036099349418857,0
4461,20.0,25.1,0.0,447.0,0.0036244588235217,0
4462,20.0,25.1,0.0,445.0,0.0036244588235217,0
4463,20.0,25.0666666666667,0.0,443.0,0.0036196174547147,0
4464,20.1,25.2,0.0,444.0,0.0036617190428774,0
4465,20.0,25.1333333333333,0.0,445.333333333333,0.0036293002672593,0
4466,20.05,25.15,0.0,443.0,0.0036430504523398,0
4467,20.0,25.2,0.0,440.5,0.0036389833795333,0
4468,20.0,25.2,0.0,440.5,0.0036389833795333,0
4469,20.0,25.2,0.0,439.0,0.0036389833795333,0
4470,20.0333333333333,25.23,0.0,447.0,0.0036509146725783,0
4471,20.0,25.2,0.0,447.0,0.0036389833795333,0
4472,20.0,25.29,0.0,442.0,0.0036520560565738,0
4473,20.0,25.2675,0.0,439.0,0.0036487878360978,0
4474,20.0,25.29,0.0,440.0,0.0036520560565738,0
4475,20.0,25.34,0.0,440.0,0.0036593188909901,0
4476,20.0333333333333,25.3566666666667,0.0,442.0,0.0036693521402404,0
4477,20.0,25.34,0.0,440.0,0.0036593188909901,0
4478,20.0,25.39,0.0,439.5,0.0036665818940284,0
4479,20.0,25.445,0.0,439.5,0.0036745713921362,0
4480,20.0,25.5,0.0,440.0,0.0036825610942915,0
4481,20.0,25.55,0.0,441.0,0.00368982463696,0
4482,20.0,25.6,0.0,443.0,0.0036970883482753,0
4483,20.0,25.65,0.0,442.0,0.0037043522282432,0
4484,20.0,25.7,0.0,445.0,0.0037116162768695,0
4485,20.0,25.65,0.0,441.0,0.0037043522282432,0
4486,20.0,25.7,0.0,439.5,0.0037116162768695,0
4487,19.945,25.745,0.0,440.0,0.0037054300860636,0
4488,20.0,25.84,0.0,434.0,0.0037319565103366,0
4489,20.0,25.89,0.0,440.0,0.0037392211999188,0
4490,20.0,25.89,0.0,443.0,0.0037392211999188,0
4491,19.945,25.89,0.0,442.5,0.0037264246974706,0
4492,19.89,25.89,0.0,441.0,0.0037136668365,0
4493,19.945,25.89,0.0,443.0,0.0037264246974706,0
4494,19.9266666666667,25.9633333333333,0.0,444.333333333333,0.0037327740869937,0
4495,19.9266666666667,26.0,0.0,446.333333333333,0.0037380773710143,0
4496,19.89,26.1,0.0,436.0,0.0037439705933456,0
4497,19.89,26.1,0.0,438.5,0.0037439705933456,0
4498,20.0,26.1,0.0,436.0,0.0037697347382913,0
4499,19.89,26.1,0.0,443.0,0.0037439705933456,0
4500,19.89,26.1,0.0,445.5,0.0037439705933456,0
4501,19.89,26.1,0.0,445.5,0.0037439705933456,0
4502,19.89,26.2,0.0,441.333333333333,0.0037584019854411,0
4503,19.89,26.2,0.0,440.0,0.0037584019854411,0
4504,19.89,26.245,0.0,438.5,0.0037648963290566,0
4505,19.89,26.245,0.0,443.5,0.0037648963290566,0
4506,19.89,26.2,0.0,441.0,0.0037584019854411,0
4507,19.89,26.29,0.0,439.0,0.0037713908074747,0
4508,19.89,26.29,0.0,440.5,0.0037713908074747,0
4509,19.89,26.29,0.0,444.0,0.0037713908074747,0
4510,19.89,26.29,0.0,439.0,0.0037713908074747,0
4511,19.89,26.29,0.0,438.0,0.0037713908074747,0
4512,19.89,26.29,0.0,438.0,0.0037713908074747,0
4513,19.89,26.39,0.0,440.0,0.003785823464385,0
4514,19.89,26.39,0.0,443.0,0.003785823464385,0
4515,19.79,26.39,0.0,435.0,0.0037622745418962,0
4516,19.89,26.6,0.0,439.0,0.0038161342109962,0
4517,19.89,26.6,0.0,438.0,0.0038161342109962,0
4518,19.8233333333333,26.6,0.0,440.333333333333,0.0038002939567611,0
4519,19.79,26.5,0.0,438.0,0.0037780518795851,0
4520,19.8233333333333,26.6,0.0,440.666666666667,0.0038002939567611,0
4521,19.89,26.6,0.0,435.333333333333,0.0038161342109962,0
4522,19.84,26.6,0.0,437.0,0.0038042485723565,0
4523,19.89,26.6,0.0,438.0,0.0038161342109962,0
4524,19.89,26.6,0.0,441.0,0.0038161342109962,0
4525,19.89,26.55,0.0,442.0,0.0038089171002387,0
4526,19.89,26.6,0.0,441.5,0.0038161342109962,0
4527,19.89,26.6,0.0,440.5,0.0038161342109962,0
4528,19.89,26.6,0.0,443.666666666667,0.0038161342109962,0
4529,19.89,26.7,0.0,441.0,0.0038305689319086,0
4530,19.89,26.79,0.0,440.0,0.0038435607500742,0
4531,19.89,26.84,0.0,429.5,0.0038507786599108,0
4532,19.89,26.7,0.0,433.0,0.0038305689319086,0
4533,19.89,26.675,0.0,443.0,0.003826960189254,0
4534,19.89,26.7,0.0,438.75,0.0038305689319086,0
4535,19.89,26.7,0.0,441.0,0.0038305689319086,0
4536,19.89,26.79,0.0,443.0,0.0038435607500742,0
4537,19.89,26.7,0.0,438.666666666667,0.0038305689319086,0
4538,19.89,26.79,0.0,437.0,0.0038435607500742,0
4539,19.89,26.79,0.0,438.0,0.0038435607500742,0
4540,19.89,26.79,0.0,437.5,0.0038435607500742,0
4541,19.89,26.84,0.0,445.0,0.0038507786599108,0
4542,19.89,26.89,0.0,443.0,0.0038579967362389,0
4543,19.89,26.8933333333333,0.0,440.666666666667,0.0038584779472473,0
4544,19.89,26.945,0.0,441.5,0.0038659368125044,0
4545,19.89,27.0,0.0,442.5,0.0038738770902393,0
4546,19.89,27.0,0.0,440.5,0.0038738770902393,0
4547,19.89,27.1,0.0,438.0,0.0038883144750345,0
4548,19.89,27.1,0.0,438.0,0.0038883144750345,0
4549,19.89,27.1,0.0,438.5,0.0038883144750345,0
4550,19.79,27.1,0.0,441.0,0.0038641240920606,0
4551,19.89,27.2,0.0,444.0,0.0039027525259155,0
4552,19.89,27.245,0.0,441.5,0.0039092498661348,0
4553,19.89,27.29,0.0,438.0,0.00391574734125,0
4554,19.89,27.29,0.0,441.0,0.00391574734125,0
4555,19.79,27.2,0.0,440.5,0.0038784717628372,0
4556,19.79,27.23,0.0,443.0,0.0038827761923476,0
4557,19.79,27.29,0.0,442.0,0.0038913852289912,0
4558,19.79,27.29,0.0,446.0,0.0038913852289912,0
4559,19.79,27.29,0.0,444.0,0.0038913852289912,0
4560,19.79,27.29,0.0,438.0,0.0038913852289912,0
4561,19.79,27.29,0.0,438.0,0.0038913852289912,0
4562,19.79,27.29,0.0,437.0,0.0038913852289912,0
4563,19.79,27.3566666666667,0.0,437.0,0.0039009511030356,0
4564,19.79,27.39,0.0,443.5,0.0039057341497094,0
4565,19.79,27.5,0.0,444.0,0.0039215187224099,0
4566,19.79,27.39,0.0,442.0,0.0039057341497094,0
4567,19.79,27.5,0.0,440.0,0.0039215187224099,0
4568,19.79,27.5,0.0,441.0,0.0039215187224099,0
4569,19.79,27.5,0.0,443.666666666667,0.0039215187224099,0
4570,19.79,27.5,0.0,438.333333333333,0.0039215187224099,0
4571,19.79,27.5,0.0,444.0,0.0039215187224099,0
4572,19.79,27.5,0.0,444.5,0.0039215187224099,0
4573,19.79,27.6,0.0,440.0,0.0039358690248326,0
4574,19.79,27.65,0.0,441.0,0.0039430444228004,0
4575,19.79,27.7,0.0,436.5,0.0039502199852801,0
4576,19.745,27.7,0.0,435.0,0.0039391346098832,0
4577,19.79,27.7,0.0,442.0,0.0039502199852801,0
4578,19.79,27.7,0.0,443.0,0.0039502199852801,0
4579,19.79,27.79,0.0,441.0,0.0039631364123312,0
4580,19.7,27.79,0.0,439.0,0.0039409202643244,0
4581,19.7,27.84,0.0,437.0,0.0039480558071287,0
4582,19.7,27.89,0.0,440.0,0.0039551915126209,0
4583,19.73,27.9633333333333,0.0,439.0,0.0039730973489549,0
4584,19.79,28.0,0.0,438.0,0.0039932768152229,0
4585,19.7,27.945,0.0,438.0,0.0039630409765737,0
4586,19.745,27.945,0.0,443.0,0.0039741979419703,0
4587,19.79,27.79,0.0,439.0,0.0039631364123312,0
4588,19.745,27.79,0.0,441.0,0.0039520145611305,0
4589,19.79,27.79,0.0,437.5,0.0039631364123312,0
4590,19.79,27.79,0.0,439.5,0.0039631364123312,0
4591,19.79,27.79,0.0,435.5,0.0039631364123312,0
4592,19.79,27.79,0.0,438.0,0.0039631364123312,0
4593,19.79,27.79,0.0,437.0,0.0039631364123312,0
4594,19.79,27.79,0.0,434.666666666667,0.0039631364123312,0
4595,19.79,27.79,0.0,439.0,0.0039631364123312,0
4596,19.79,27.79,0.0,438.0,0.0039631364123312,0
4597,19.79,27.84,0.0,441.5,0.0039703124354741,0
4598,19.79,27.79,0.0,439.5,0.0039631364123312,0
4599,19.79,27.945,0.0,436.0,0.0039853826196367,0
4600,19.79,28.05,0.0,433.5,0.0040004535294438,0
4601,19.79,28.05,0.0,433.0,0.0040004535294438,0
4602,19.79,28.15,0.0,433.5,0.0040148074515624,0
4603,19.79,28.0333333333333,0.0,431.666666666667,0.0039980612730863,0
4604,19.79,28.1,0.0,431.5,0.0040076304082217,0
4605,19.79,28.2,0.0,430.5,0.0040219846594715,0
4606,19.76,28.23,0.0,435.0,0.0040187544685027,0
4607,19.7,28.29,0.0,438.0,0.0040122830139963,0
4608,19.745,28.34,0.0,439.5,0.0040307368931449,0
4609,19.7,28.39,0.0,440.5,0.0040265575166101,0
4610,19.7,28.39,0.0,435.5,0.0040265575166101,0
4611,19.7,28.39,0.0,435.5,0.0040265575166101,0
4612,19.7,28.445,0.0,438.5,0.0040344087705323,0
4613,19.7,28.5,0.0,437.0,0.0040422602213886,0
4614,19.7,28.5,0.0,430.5,0.0040422602213886,0
4615,19.7,28.5,0.0,433.5,0.0040422602213886,0
4616,19.7,28.445,0.0,437.5,0.0040344087705323,0
4617,19.7,28.5,0.0,436.5,0.0040422602213886,0
4618,19.7,28.5,0.0,439.0,0.0040422602213886,0
4619,19.7,28.5,0.0,437.0,0.0040422602213886,0
4620,19.7,28.5,0.0,440.5,0.0040422602213886,0
4621,19.7,28.5333333333333,0.0,441.333333333333,0.0040470187723009,0
4622,19.7,28.5666666666667,0.0,439.666666666667,0.0040517773955534,0
4623,19.7,28.6,0.0,440.0,0.0040565360911476,0
4624,19.65,28.6,0.0,439.5,0.00404387831517,0
4625,19.7,28.65,0.0,436.0,0.0040636742701833,0
4626,19.65,28.65,0.0,438.5,0.0040509940765284,0
4627,19.65,28.65,0.0,440.5,0.0040509940765284,0
4628,19.7,28.7,0.0,437.5,0.0040708126119972,0
4629,19.6,28.6,0.0,435.0,0.0040312554177744,0
4630,19.7,28.7,0.0,435.5,0.0040708126119972,0
4631,19.7,28.7,0.0,440.0,0.0040708126119972,0
4632,19.6,28.6,0.0,438.0,0.0040312554177744,0
4633,19.6666666666667,28.73,0.0,439.666666666667,0.0040666144215512,0
4634,19.65,28.745,0.0,441.0,0.0040645144687645,0
4635,19.65,28.79,0.0,438.0,0.0040709190689162,0
4636,19.7,28.945,0.0,440.0,0.0041057928400294,0
4637,19.7,28.945,0.0,441.5,0.0041057928400294,0
4638,19.6,28.89,0.0,439.0,0.0040723994123382,0
4639,19.6,28.84,0.0,435.0,0.004065305234341,0
4640,19.65,28.945,0.0,437.0,0.0040929803613646,0
4641,19.65,28.945,0.0,438.5,0.0040929803613646,0
4642,19.6,28.89,0.0,439.0,0.0040723994123382,0
4643,19.7,29.0,0.0,441.0,0.0041136460815348,0
4644,19.65,28.945,0.0,441.0,0.0040929803613646,0
4645,19.6,28.89,0.0,444.5,0.0040723994123382,0
4646,19.65,28.945,0.0,443.5,0.0040929803613646,0
4647,19.7,29.05,0.0,437.5,0.0041207855629521,0
4648,19.7,29.0,0.0,438.5,0.0041136460815348,0
4649,19.6,28.89,0.0,433.5,0.0040723994123382,0
4650,19.7,29.0,0.0,432.0,0.0041136460815348,0
4651,19.7,28.89,0.0,433.0,0.0040979397955254,0
4652,19.6666666666667,28.8566666666667,0.0,433.0,0.0040846613124004,0
4653,19.7,28.89,0.0,439.0,0.0040979397955254,0
4654,19.7,29.0,0.0,440.0,0.0041136460815348,0
4655,19.65,28.89,0.0,439.0,0.0040851519828543,0
4656,19.7,28.945,0.0,437.5,0.0041057928400294,0
4657,19.7,29.05,0.0,438.0,0.0041207855629521,0
4658,19.65,28.945,0.0,441.0,0.0040929803613646,0
4659,19.7,29.05,0.0,438.5,0.0041207855629521,0
4660,19.7,29.05,0.0,437.5,0.0041207855629521,0
4661,19.7,29.05,0.0,444.0,0.0041207855629521,0
4662,19.7,29.1,0.0,439.0,0.0041279252071921,0
4663,19.7,29.1,0.0,438.0,0.0041279252071921,0
4664,19.6666666666667,29.1,0.0,439.666666666667,0.0041193332589133,0
4665,19.7,29.0,0.0,438.0,0.0041136460815348,0
4666,19.7,29.0,0.0,438.0,0.0041136460815348,0
4667,19.7,29.05,0.0,438.5,0.0041207855629521,0
4668,19.7,29.0,0.0,438.0,0.0041136460815348,0
4669,19.7,29.1666666666667,0.0,439.666666666667,0.004137444986135,0
4670,19.7,29.1,0.0,436.0,0.0041279252071921,0
4671,19.6,29.1,0.0,438.0,0.0041021967156572,0
4672,19.6666666666667,29.1,0.0,440.666666666667,0.0041193332589133,0
4673,19.7,29.1,0.0,440.0,0.0041279252071921,0
4674,19.65,29.2,0.0,435.0,0.0041292781288879,0
4675,19.65,29.245,0.0,438.0,0.0041356840541712,0
4676,19.65,29.245,0.0,439.5,0.0041356840541712,0
4677,19.65,29.29,0.0,432.5,0.0041420901105338,0
4678,19.65,29.34,0.0,433.0,0.0041492081046765,0
4679,19.6,29.29,0.0,432.0,0.0041291586246878,0
4680,19.6,29.29,0.0,437.0,0.0041291586246878,0
4681,19.65,29.34,0.0,435.0,0.0041492081046765,0
4682,19.6,29.29,0.0,438.0,0.0041291586246878,0
4683,19.7,29.39,0.0,438.0,0.0041693383549348,0
4684,19.6,29.29,0.0,439.333333333333,0.0041291586246878,0
4685,19.6333333333333,29.3566666666667,0.0,436.666666666667,0.0041472563916075,0
4686,19.6,29.39,0.0,432.0,0.0041433500358566,0
4687,19.6,29.39,0.0,438.0,0.0041433500358566,0
4688,19.6,29.39,0.0,440.666666666667,0.0041433500358566,0
4689,19.6,29.39,0.0,438.0,0.0041433500358566,0
4690,19.6,29.39,0.0,438.5,0.0041433500358566,0
4691,19.6,29.4633333333333,0.0,438.666666666667,0.0041537574795768,0
4692,19.6,29.5,0.0,437.5,0.0041589613311786,0
4693,19.6,29.445,0.0,437.0,0.0041511555862118,0
4694,19.6,29.5,0.0,440.0,0.0041589613311786,0
4695,19.55,29.5,0.0,441.0,0.0041459718105206,0
4696,19.6,29.5,0.0,438.0,0.0041589613311786,0
4697,19.6,29.5,0.0,439.0,0.0041589613311786,0
4698,19.6,29.5,0.0,440.5,0.0041589613311786,0
4699,19.6,29.6,0.0,439.5,0.00417315409337,0
4700,19.5,29.65,0.0,440.0,0.0041541738281546,0
4701,19.55,29.65,0.0,442.0,0.0041671942602678,0
4702,19.55,29.7,0.0,441.5,0.00417426872988,0
4703,19.5,29.7,0.0,441.666666666667,0.0041612260466345,0
4704,19.55,29.7,0.0,440.0,0.00417426872988,0
4705,19.525,29.675,0.0,437.25,0.0041642111948745,0
4706,19.6,29.7,0.0,435.0,0.0041873474989732,0
4707,19.6,29.6,0.0,443.0,0.00417315409337,0
4708,19.6,29.55,0.0,437.0,0.0041660576318505,0
4709,19.6,29.6333333333333,0.0,436.666666666667,0.0041778851570787,0
4710,19.6,29.5,0.0,436.0,0.0041589613311786,0
4711,19.6,29.5,0.0,437.0,0.0041589613311786,0
4712,19.6,29.5,0.0,438.0,0.0041589613311786,0
4713,19.6,29.5,0.0,439.5,0.0041589613311786,0
4714,19.6,29.5,0.0,440.0,0.0041589613311786,0
4715,19.6,29.5,0.0,440.0,0.0041589613311786,0
4716,19.6,29.55,0.0,442.0,0.0041660576318505,0
4717,19.6,29.5,0.0,439.5,0.0041589613311786,0
4718,19.6,29.6,0.0,434.333333333333,0.00417315409337,0
4719,19.6,29.55,0.0,435.5,0.0041660576318505,0
4720,19.6,29.7,0.0,437.0,0.0041873474989732,0
4721,19.6,29.6666666666667,0.0,437.666666666667,0.0041826162922792,0
4722,19.6,29.65,0.0,440.5,0.0041802507157424,0
4723,19.6,29.7,0.0,439.5,0.0041873474989732,0
4724,19.6,29.79,0.0,440.0,0.0042001221141695,0
4725,19.6,29.79,0.0,436.5,0.0042001221141695,0
4726,19.6,29.79,0.0,435.5,0.0042001221141695,0
4727,19.6,29.79,0.0,434.0,0.0042001221141695,0
4728,19.6,29.79,0.0,430.0,0.0042001221141695,0
4729,19.6,29.84,0.0,433.5,0.0042072193478331,0
4730,19.6,29.89,0.0,435.5,0.004214316742376,0
4731,19.6,29.89,0.0,439.0,0.004214316742376,0
4732,19.6,29.89,0.0,435.0,0.004214316742376,0
4733,19.6,29.89,0.0,440.0,0.004214316742376,0
4734,19.6,29.89,0.0,443.0,0.004214316742376,0
4735,19.55,29.89,0.0,439.0,0.0042011531723506,0
4736,19.6,29.9266666666667,0.0,437.5,0.0042195216006249,0
4737,19.55,29.945,0.0,439.666666666667,0.0042089359418182,0
4738,19.6,29.89,0.0,446.0,0.004214316742376,0
4739,19.55,29.89,0.0,441.0,0.0042011531723506,0
4740,19.55,29.89,0.0,442.0,0.0042011531723506,0
4741,19.55,29.945,0.0,442.0,0.0042089359418182,0
4742,19.5,30.0,0.0,439.5,0.0042035426936895,0
4743,19.6,30.0,0.0,437.0,0.0042299315766921,0
4744,19.5,30.0333333333333,0.0,436.666666666667,0.0042082448964272,0
4745,19.5,30.0,0.0,435.0,0.0042035426936895,0
4746,19.5,30.0,0.0,434.0,0.0042035426936895,0
4747,19.55,30.0,0.0,436.0,0.0042167189047452,0
4748,19.55,30.0,0.0,438.5,0.0042167189047452,0
4749,19.5,30.0,0.0,437.0,0.0042035426936895,0
4750,19.5,30.1,0.0,435.5,0.0042176495137607,0
4751,19.5,30.0666666666667,0.0,437.0,0.0042129471697837,0
4752,19.5,30.1,0.0,438.5,0.0042176495137607,0
4753,19.5,30.1,0.0,436.666666666667,0.0042176495137607,0
4754,19.5,30.1,0.0,436.5,0.0042176495137607,0
4755,19.5,30.1,0.0,438.0,0.0042176495137607,0
4756,19.5,30.1,0.0,436.0,0.0042176495137607,0
4757,19.5,30.1,0.0,431.0,0.0042176495137607,0
4758,19.5,30.1333333333333,0.0,433.0,0.0042223519283596,0
4759,19.5,30.1,0.0,436.0,0.0042176495137607,0
4760,19.6,30.2,0.0,438.0,0.0042583241796997,0
4761,19.5,30.2,0.0,436.5,0.0042317569694298,0
4762,19.5,30.2,0.0,439.0,0.0042317569694298,0
4763,19.5,30.2,0.0,438.0,0.0042317569694298,0
4764,19.5,30.2,0.0,436.5,0.0042317569694298,0
4765,19.5,30.2675,0.0,436.5,0.0042412798613396,0
4766,19.5,30.29,0.0,441.5,0.0042444542230038,0
4767,19.5,30.29,0.0,442.5,0.0042444542230038,0
4768,19.5,30.29,0.0,440.5,0.0042444542230038,0
4769,19.5,30.29,0.0,444.666666666667,0.0042444542230038,0
4770,19.5,30.29,0.0,439.0,0.0042444542230038,0
4771,19.5,30.245,0.0,437.0,0.0042381055318562,0
4772,19.5,30.2,0.0,438.0,0.0042317569694298,0
4773,19.55,30.15,0.0,438.5,0.0042379461506166,0
4774,19.5,30.1,0.0,434.0,0.0042176495137607,0
4775,19.5,30.1,0.0,433.5,0.0042176495137607,0
4776,19.5,30.1,0.0,437.333333333333,0.0042176495137607,0
4777,19.5,30.1,0.0,442.0,0.0042176495137607,0
4778,19.5,30.15,0.0,443.5,0.0042247031621428,0
4779,19.5,30.15,0.0,445.5,0.0042247031621428,0
4780,19.5,30.1,0.0,439.0,0.0042176495137607,0
4781,19.6,30.1,0.0,442.0,0.0042441275563805,0
4782,19.5333333333333,30.1,0.0,439.666666666667,0.0042264592718639,0
4783,19.5,30.1,0.0,440.0,0.0042176495137607,0
4784,19.5,30.15,0.0,438.5,0.0042247031621428,0
4785,19.5666666666667,30.1666666666667,0.0,442.666666666667,0.0042447297696501,0
4786,19.5666666666667,30.2,0.0,436.333333333333,0.0042494521225887,0
4787,19.5666666666667,30.2,0.0,438.0,0.0042494521225887,0
4788,19.5,30.2,0.0,437.0,0.0042317569694298,0
4789,19.6,30.2,0.0,441.5,0.0042583241796997,0
4790,19.6,30.2,0.0,441.0,0.0042583241796997,0
4791,19.5,30.2,0.0,439.0,0.0042317569694298,0
4792,19.55,30.2,0.0,441.5,0.0042450222190453,0
4793,19.5333333333333,30.3233333333333,0.0,437.0,0.0042580330581919,0
4794,19.55,30.34,0.0,437.5,0.0042648360613917,0
4795,19.5,30.39,0.0,443.0,0.0042585628864274,0
4796,19.5,30.29,0.0,437.0,0.0042444542230038,0
4797,19.5,30.39,0.0,433.0,0.0042585628864274,0
4798,19.5,30.39,0.0,434.5,0.0042585628864274,0
4799,19.5,30.39,0.0,436.0,0.0042585628864274,0
4800,19.5666666666667,30.39,0.0,439.666666666667,0.0042763708943455,0
4801,19.5,30.5,0.0,439.0,0.0042740831504546,0
4802,19.5,30.5,0.0,441.0,0.0042740831504546,0
4803,19.5,30.5,0.0,439.0,0.0042740831504546,0
4804,19.5,30.5,0.0,440.0,0.0042740831504546,0
4805,19.5,30.6,0.0,436.0,0.0042881931489453,0
4806,19.5,30.6,0.0,436.0,0.0042881931489453,0
4807,19.5,30.6,0.0,437.75,0.0042881931489453,0
4808,19.445,30.55,0.0,435.0,0.0042664176551578,0
4809,19.5,30.6,0.0,438.5,0.0042881931489453,0
4810,19.5,30.6,0.0,439.0,0.0042881931489453,0
4811,19.39,30.55,0.0,436.5,0.0042517419650104,0
4812,19.445,30.65,0.0,440.0,0.0042804791225388,0
4813,19.39,30.55,0.0,441.5,0.0042517419650104,0
4814,19.4266666666667,30.5333333333333,0.0,441.0,0.0042591799864228,0
4815,19.39,30.55,0.0,440.0,0.0042517419650104,0
4816,19.445,30.55,0.0,433.0,0.0042664176551578,0
4817,19.39,30.6,0.0,440.0,0.0042587482711581,0
4818,19.5,30.7,0.0,435.0,0.0043023037832488,0
4819,19.39,30.6,0.0,436.0,0.0042587482711581,0
4820,19.39,30.7,0.0,436.0,0.00427276135377,0
4821,19.445,30.7,0.0,431.5,0.004287510093022,0
4822,19.39,30.7,0.0,439.0,0.00427276135377,0
4823,19.39,30.7,0.0,440.5,0.00427276135377,0
4824,19.39,30.7,0.0,438.0,0.00427276135377,0
4825,19.39,30.745,0.0,438.0,0.004279067445542,0
4826,19.39,30.79,0.0,438.0,0.0042853736643103,0
4827,19.39,30.79,0.0,433.666666666667,0.0042853736643103,0
4828,19.39,30.79,0.0,439.0,0.0042853736643103,0
4829,19.39,30.745,0.0,438.0,0.004279067445542,0
4830,19.39,30.745,0.0,439.5,0.004279067445542,0
4831,19.39,30.745,0.0,436.0,0.004279067445542,0
4832,19.39,30.7,0.0,437.0,0.00427276135377,0
4833,19.39,30.79,0.0,437.0,0.0042853736643103,0
4834,19.39,30.73,0.0,446.333333333333,0.0042769654008408,0
4835,19.5,30.79,0.0,447.0,0.0043150038977774,0
4836,19.39,30.79,0.0,440.0,0.0042853736643103,0
4837,19.39,30.79,0.0,441.0,0.0042853736643103,0
4838,19.39,30.84,0.0,438.0,0.0042923807230041,0
4839,19.39,30.89,0.0,434.0,0.0042993879384934,0
4840,19.39,30.89,0.0,435.333333333333,0.0042993879384934,0
4841,19.39,30.9266666666667,0.0,439.333333333333,0.0043045266628411,0
4842,19.39,30.945,0.0,438.5,0.0043070960566371,0
4843,19.39,30.89,0.0,434.5,0.0042993879384934,0
4844,19.39,30.8233333333333,0.0,441.333333333333,0.0042900450193513,0
4845,19.4266666666667,30.86,0.0,441.0,0.0043050630209715,0
4846,19.39,30.89,0.0,437.0,0.0042993879384934,0
4847,19.39,30.89,0.0,433.5,0.0042993879384934,0
4848,19.39,30.89,0.0,434.0,0.0042993879384934,0
4849,19.39,30.84,0.0,439.0,0.0042923807230041,0
4850,19.39,30.84,0.0,441.5,0.0042923807230041,0
4851,19.39,30.84,0.0,440.0,0.0042923807230041,0
4852,19.39,30.89,0.0,443.0,0.0042993879384934,0
4853,19.39,31.0,0.0,441.666666666667,0.0043148043645168,0
4854,19.39,31.0,0.0,437.0,0.0043148043645168,0
4855,19.39,31.05,0.0,434.5,0.0043218120817878,0
4856,19.39,31.1,0.0,436.666666666667,0.0043288199558765,0
4857,19.29,31.1,0.0,442.0,0.0043017661197206,0
4858,19.34,31.05,0.0,434.5,0.0043082885139567,0
4859,19.39,31.1,0.0,437.0,0.0043288199558765,0
4860,19.39,31.0,0.0,439.0,0.0043148043645168,0
4861,19.39,31.05,0.0,435.5,0.0043218120817878,0
4862,19.39,31.1,0.0,434.0,0.0043288199558765,0
4863,19.39,31.0666666666667,0.0,433.0,0.0043241480223929,0
4864,19.39,31.1,0.0,440.0,0.0043288199558765,0
4865,19.39,31.1,0.0,436.0,0.0043288199558765,0
4866,19.39,31.1,0.0,434.0,0.0043288199558765,0
4867,19.39,31.05,0.0,431.5,0.0043218120817878,0
4868,19.3566666666667,31.1,0.0,437.0,0.004319785357629,0
4869,19.39,31.1,0.0,437.0,0.0043288199558765,0
4870,19.39,31.1,0.0,440.5,0.0043288199558765,0
4871,19.39,31.1,0.0,440.0,0.0043288199558765,0
4872,19.39,31.1,0.0,440.666666666667,0.0043288199558765,0
4873,19.39,31.1,0.0,440.0,0.0043288199558765,0
4874,19.34,31.15,0.0,440.0,0.0043222602585234,0
4875,19.39,31.1,0.0,441.0,0.0043288199558765,0
4876,19.39,31.1,0.0,435.0,0.0043288199558765,0
4877,19.39,31.1,0.0,439.0,0.0043288199558765,0
4878,19.39,31.1,0.0,438.0,0.0043288199558765,0
4879,19.39,31.1,0.0,437.0,0.0043288199558765,0
4880,19.39,31.1,0.0,436.666666666667,0.0043288199558765,0
4881,19.34,31.1,0.0,436.5,0.0043152743083202,0
4882,19.39,31.1,0.0,436.0,0.0043288199558765,0
4883,19.39,31.15,0.0,436.5,0.0043358279867882,0
4884,19.29,31.2,0.0,435.5,0.0043156941375931,0
4885,19.39,31.2,0.0,437.0,0.0043428361745283,0
4886,19.34,31.2,0.0,437.5,0.0043292463645716,0
4887,19.29,31.2,0.0,437.0,0.0043156941375931,0
4888,19.34,31.2,0.0,431.0,0.0043292463645716,0
4889,19.39,31.2,0.0,433.0,0.0043428361745283,0
4890,19.3566666666667,31.2,0.0,439.0,0.0043337721208852,0
4891,19.34,31.15,0.0,438.0,0.0043222602585234,0
4892,19.29,31.15,0.0,438.0,0.0043087300512231,0
4893,19.39,31.1666666666667,0.0,441.0,0.0043381640319426,0
4894,19.39,31.0,0.0,438.0,0.0043148043645168,0
4895,19.39,31.1,0.0,437.0,0.0043288199558765,0
4896,19.39,31.05,0.0,437.0,0.0043218120817878,0
4897,19.39,31.1,0.0,437.0,0.0043288199558765,0
4898,19.39,31.05,0.0,437.0,0.0043218120817878,0
4899,19.39,31.0,0.0,434.0,0.0043148043645168,0
4900,19.39,31.0666666666667,0.0,437.666666666667,0.0043241480223929,0
4901,19.39,31.0,0.0,443.0,0.0043148043645168,0
4902,19.4266666666667,31.0,0.0,439.0,0.0043247292368418,0
4903,19.39,31.0,0.0,440.0,0.0043148043645168,0
4904,19.445,31.0,0.0,434.0,0.004329699231354,0
4905,19.39,31.0,0.0,435.0,0.0043148043645168,0
4906,19.39,30.945,0.0,432.0,0.0043070960566371,0
4907,19.39,31.0,0.0,437.0,0.0043148043645168,0
4908,19.39,31.0,0.0,433.5,0.0043148043645168,0
4909,19.39,31.0,0.0,435.0,0.0043148043645168,0
4910,19.445,31.0,0.0,436.5,0.004329699231354,0
4911,19.445,31.0,0.0,434.5,0.004329699231354,0
4912,19.39,31.0,0.0,438.333333333333,0.0043148043645168,0
4913,19.39,31.0,0.0,440.5,0.0043148043645168,0
4914,19.39,31.0,0.0,438.666666666667,0.0043148043645168,0
4915,19.39,31.0,0.0,436.5,0.0043148043645168,0
4916,19.39,31.0,0.0,437.0,0.0043148043645168,0
4917,19.39,31.0,0.0,443.5,0.0043148043645168,0
4918,19.39,31.1,0.0,436.5,0.0043288199558765,0
4919,19.39,31.1,0.0,435.0,0.0043288199558765,0
4920,19.5,31.2,0.0,438.5,0.0043728664934628,0
4921,19.39,31.1,0.0,437.5,0.0043288199558765,0
4922,19.39,31.15,0.0,433.5,0.0043358279867882,0
4923,19.39,31.2,0.0,434.0,0.0043428361745283,0
4924,19.39,31.2,0.0,436.0,0.0043428361745283,0
4925,19.39,31.2,0.0,434.0,0.0043428361745283,0
4926,19.39,31.2,0.0,434.5,0.0043428361745283,0
4927,19.39,31.2,0.0,433.666666666667,0.0043428361745283,0
4928,19.39,31.2,0.0,431.5,0.0043428361745283,0
4929,19.39,31.2,0.0,432.0,0.0043428361745283,0
4930,19.39,31.2,0.0,438.0,0.0043428361745283,0
4931,19.39,31.2,0.0,437.5,0.0043428361745283,0
4932,19.39,31.2,0.0,433.0,0.0043428361745283,0
4933,19.39,31.2,0.0,437.0,0.0043428361745283,0
4934,19.39,31.2,0.0,433.5,0.0043428361745283,0
4935,19.39,31.245,0.0,434.5,0.004349143677587,0
4936,19.34,31.2,0.0,433.5,0.0043292463645716,0
4937,19.29,31.245,0.0,433.5,0.004321961947742,0
4938,19.34,31.2,0.0,433.5,0.0043292463645716,0
4939,19.39,31.245,0.0,436.5,0.004349143677587,0
4940,19.29,31.29,0.0,436.0,0.0043282298833415,0
4941,19.34,31.29,0.0,433.0,0.0043418217482043,0
4942,19.29,31.29,0.0,434.0,0.0043282298833415,0
4943,19.3233333333333,31.29,0.0,431.0,0.0043372869427569,0
4944,19.39,31.29,0.0,436.0,0.0043554513076846,0
4945,19.29,31.29,0.0,439.5,0.0043282298833415,0
4946,19.29,31.29,0.0,439.0,0.0043282298833415,0
4947,19.39,31.29,0.0,435.5,0.0043554513076846,0
4948,19.29,31.34,0.0,437.0,0.0043351944033678,0
4949,19.29,31.39,0.0,436.5,0.0043421590782813,0
4950,19.39,31.39,0.0,438.0,0.0043694687183077,0
4951,19.29,31.39,0.0,433.0,0.0043421590782813,0
4952,19.29,31.4633333333333,0.0,435.0,0.0043523742150053,0
4953,19.29,31.5,0.0,434.333333333333,0.0043574819083188,0
4954,19.39,31.39,0.0,438.0,0.0043694687183077,0
4955,19.3233333333333,31.3566666666667,0.0,435.0,0.0043465925703235,0
4956,19.29,31.29,0.0,434.5,0.0043282298833415,0
4957,19.29,31.39,0.0,434.333333333333,0.0043421590782813,0
4958,19.29,31.29,0.0,434.0,0.0043282298833415,0
4959,19.39,31.29,0.0,439.0,0.0043554513076846,0
4960,19.3233333333333,31.29,0.0,441.666666666667,0.0043372869427569,0
4961,19.29,31.29,0.0,439.0,0.0043282298833415,0
4962,19.29,31.29,0.0,439.0,0.0043282298833415,0
4963,19.3233333333333,31.29,0.0,436.333333333333,0.0043372869427569,0
4964,19.39,31.29,0.0,436.5,0.0043554513076846,0
4965,19.39,31.29,0.0,436.0,0.0043554513076846,0
4966,19.39,31.29,0.0,438.0,0.0043554513076846,0
4967,19.39,31.29,0.0,435.0,0.0043554513076846,0
4968,19.39,31.2,0.0,434.0,0.0043428361745283,0
4969,19.39,31.29,0.0,434.0,0.0043554513076846,0
4970,19.39,31.29,0.0,436.333333333333,0.0043554513076846,0
4971,19.39,31.29,0.0,430.666666666667,0.0043554513076846,0
4972,19.39,31.29,0.0,436.0,0.0043554513076846,0
4973,19.39,31.29,0.0,433.0,0.0043554513076846,0
4974,19.34,31.29,0.0,432.0,0.0043418217482043,0
4975,19.39,31.29,0.0,431.0,0.0043554513076846,0
4976,19.39,31.29,0.0,437.0,0.0043554513076846,0
4977,19.34,31.445,0.0,437.0,0.0043634805371203,0
4978,19.3233333333333,31.4266666666667,0.0,439.333333333333,0.0043563637768685,0
4979,19.29,31.39,0.0,438.0,0.0043421590782813,0
4980,19.29,31.29,0.0,438.0,0.0043282298833415,0
4981,19.29,31.39,0.0,436.0,0.0043421590782813,0
4982,19.39,31.39,0.0,436.0,0.0043694687183077,0
4983,19.29,31.445,0.0,438.5,0.0043498203995868,0
4984,19.39,31.39,0.0,437.25,0.0043694687183077,0
4985,19.29,31.445,0.0,436.0,0.0043498203995868,0
4986,19.34,31.5,0.0,433.5,0.0043711662738973,0
4987,19.3566666666667,31.5,0.0,434.0,0.0043757361590772,0
4988,19.29,31.5,0.0,433.0,0.0043574819083188,0
4989,19.29,31.5,0.0,433.0,0.0043574819083188,0
4990,19.29,31.55,0.0,438.5,0.0043644470789057,0
4991,19.29,31.6,0.0,440.333333333333,0.0043714124044013,0
4992,19.29,31.6,0.0,437.333333333333,0.0043714124044013,0
4993,19.29,31.6,0.0,436.0,0.0043714124044013,0
4994,19.29,31.6,0.0,430.0,0.0043714124044013,0
4995,19.29,31.6,0.0,431.0,0.0043714124044013,0
4996,19.29,31.6,0.0,431.5,0.0043714124044013,0
4997,19.2,31.5,0.0,434.0,0.004332945407065,0
4998,19.29,31.6333333333333,0.0,429.666666666667,0.0043760560407947,0
4999,19.245,31.55,0.0,429.5,0.0043521437554304,0
5000,19.245,31.65,0.0,430.0,0.004366035016828,0
5001,19.2,31.6,0.0,430.0,0.0043467969176909,0
5002,19.245,31.6,0.0,429.0,0.0043590893091098,0
5003,19.2,31.6,0.0,435.0,0.0043467969176909,0
5004,19.23,31.6333333333333,0.0,432.0,0.0043596145052521,0
5005,19.245,31.65,0.0,435.5,0.004366035016828,0
5006,19.245,31.7,0.0,434.5,0.00437298087859,0
5007,19.26,31.7,0.0,434.0,0.0043770983331571,0
5008,19.29,31.7,0.0,435.0,0.0043853435201396,0
5009,19.2,31.6,0.0,435.0,0.0043467969176909,0
5010,19.29,31.7,0.0,436.5,0.0043853435201396,0
5011,19.2,31.6,0.0,434.5,0.0043467969176909,0
5012,19.29,31.7,0.0,432.0,0.0043853435201396,0
5013,19.2,31.5333333333333,0.0,432.666666666667,0.0043375625092014,0
5014,19.26,31.5666666666667,0.0,437.0,0.0043585588164274,0
5015,19.245,31.6,0.0,435.5,0.0043590893091098,0
5016,19.29,31.7,0.0,429.5,0.0043853435201396,0
5017,19.29,31.7,0.0,430.0,0.0043853435201396,0
5018,19.29,31.7,0.0,437.0,0.0043853435201396,0
5019,19.29,31.7,0.0,438.0,0.0043853435201396,0
5020,19.29,31.7,0.0,436.333333333333,0.0043853435201396,0
5021,19.2,31.6,0.0,435.0,0.0043467969176909,0
5022,19.29,31.6,0.0,433.0,0.0043714124044013,0
5023,19.29,31.6,0.0,436.5,0.0043714124044013,0
5024,19.245,31.55,0.0,439.0,0.0043521437554304,0
5025,19.29,31.6,0.0,432.0,0.0043714124044013,0
5026,19.29,31.5,0.0,434.5,0.0043574819083188,0
5027,19.29,31.6,0.0,433.5,0.0043714124044013,0
5028,19.29,31.55,0.0,434.0,0.0043644470789057,0
5029,19.29,31.55,0.0,434.0,0.0043644470789057,0
5030,19.29,31.5,0.0,435.0,0.0043574819083188,0
5031,19.29,31.55,0.0,433.5,0.0043644470789057,0
5032,19.29,31.5,0.0,428.5,0.0043574819083188,0
5033,19.29,31.5,0.0,428.333333333333,0.0043574819083188,0
5034,19.29,31.5,0.0,431.0,0.0043574819083188,0
5035,19.29,31.5,0.0,435.5,0.0043574819083188,0
5036,19.29,31.5,0.0,436.666666666667,0.0043574819083188,0
5037,19.29,31.55,0.0,434.0,0.0043644470789057,0
5038,19.34,31.6,0.0,432.5,0.0043851408240022,0
5039,19.29,31.5,0.0,431.5,0.0043574819083188,0
5040,19.29,31.5,0.0,437.0,0.0043574819083188,0
5041,19.34,31.55,0.0,439.5,0.0043781534710064,0
5042,19.29,31.5,0.0,436.0,0.0043574819083188,0
5043,19.29,31.5,0.0,431.666666666667,0.0043574819083188,0
5044,19.29,31.55,0.0,434.5,0.0043644470789057,0
5045,19.29,31.55,0.0,435.0,0.0043644470789057,0
5046,19.29,31.6,0.0,433.5,0.0043714124044013,0
5047,19.29,31.6,0.0,435.0,0.0043714124044013,0
5048,19.29,31.6,0.0,436.0,0.0043714124044013,0
5049,19.29,31.6,0.0,433.333333333333,0.0043714124044013,0
5050,19.29,31.55,0.0,436.5,0.0043644470789057,0
5051,19.29,31.6,0.0,441.0,0.0043714124044013,0
5052,19.29,31.6,0.0,436.0,0.0043714124044013,0
5053,19.29,31.6,0.0,433.0,0.0043714124044013,0
5054,19.2,31.6,0.0,432.0,0.0043467969176909,0
5055,19.245,31.65,0.0,429.0,0.004366035016828,0
5056,19.2,31.6,0.0,433.0,0.0043467969176909,0
5057,19.23,31.6333333333333,0.0,434.333333333333,0.0043596145052521,0
5058,19.29,31.7,0.0,432.0,0.0043853435201396,0
5059,19.245,31.65,0.0,437.5,0.004366035016828,0
5060,19.2,31.6,0.0,437.5,0.0043467969176909,0
5061,19.245,31.65,0.0,437.5,0.004366035016828,0
5062,19.29,31.7,0.0,438.0,0.0043853435201396,0
5063,19.2,31.6,0.0,439.333333333333,0.0043467969176909,0
5064,19.2,31.6,0.0,437.5,0.0043467969176909,0
5065,19.29,31.7,0.0,433.0,0.0043853435201396,0
5066,19.2,31.6,0.0,433.0,0.0043467969176909,0
5067,19.245,31.7,0.0,431.0,0.00437298087859,0
5068,19.2,31.6,0.0,431.0,0.0043467969176909,0
5069,19.2,31.7,0.0,433.0,0.0043606490409896,0
5070,19.2,31.7,0.0,435.0,0.0043606490409896,0
5071,19.2,31.7,0.0,431.0,0.0043606490409896,0
5072,19.2,31.7,0.0,431.5,0.0043606490409896,0
5073,19.2,31.7,0.0,427.0,0.0043606490409896,0
5074,19.2,31.7,0.0,426.0,0.0043606490409896,0
5075,19.2,31.7,0.0,435.0,0.0043606490409896,0
5076,19.2225,31.7,0.0,434.25,0.0043668111134564,0
5077,19.2,31.6,0.0,434.0,0.0043467969176909,0
5078,19.245,31.65,0.0,435.0,0.004366035016828,0
5079,19.2,31.55,0.0,434.5,0.0043398710857964,0
5080,19.23,31.5666666666667,0.0,432.0,0.0043503624371572,0
5081,19.2,31.5,0.0,432.0,0.004332945407065,0
5082,19.29,31.7,0.0,433.0,0.0043853435201396,0
5083,19.26,31.6666666666667,0.0,437.333333333333,0.004372463351085,0
5084,19.2,31.5,0.0,437.0,0.004332945407065,0
5085,19.2,31.5,0.0,435.0,0.004332945407065,0
5086,19.245,31.5,0.0,431.0,0.0043451983557847,0
5087,19.2,31.5,0.0,435.0,0.004332945407065,0
5088,19.2,31.5,0.0,431.5,0.004332945407065,0
5089,19.2,31.6,0.0,429.5,0.0043467969176909,0
5090,19.2,31.5,0.0,435.0,0.004332945407065,0
5091,19.2,31.55,0.0,432.0,0.0043398710857964,0
5092,19.2,31.6,0.0,428.666666666667,0.0043467969176909,0
5093,19.2,31.55,0.0,432.5,0.0043398710857964,0
5094,19.2,31.5,0.0,435.0,0.004332945407065,0
5095,19.29,31.6,0.0,441.0,0.0043714124044013,0
5096,19.2,31.5,0.0,430.5,0.004332945407065,0
5097,19.2,31.5,0.0,430.0,0.004332945407065,0
5098,19.2,31.445,0.0,434.0,0.0043253273373578,0
5099,19.2,31.39,0.0,436.0,0.0043177094529651,0
5100,19.245,31.445,0.0,436.5,0.004337558594077,0
5101,19.2,31.5,0.0,433.5,0.004332945407065,0
5102,19.245,31.445,0.0,431.0,0.004337558594077,0
5103,19.26,31.4633333333333,0.0,428.333333333333,0.0043441914457951,0
5104,19.26,31.4633333333333,0.0,431.666666666667,0.0043441914457951,0
5105,19.2,31.39,0.0,435.0,0.0043177094529651,0
5106,19.2,31.39,0.0,435.0,0.0043177094529651,0
5107,19.2,31.39,0.0,434.0,0.0043177094529651,0
5108,19.2,31.39,0.0,433.5,0.0043177094529651,0
5109,19.2,31.39,0.0,432.5,0.0043177094529651,0
5110,19.2,31.39,0.0,429.0,0.0043177094529651,0
5111,19.2,31.39,0.0,436.333333333333,0.0043177094529651,0
5112,19.2,31.39,0.0,432.333333333333,0.0043177094529651,0
5113,19.2,31.39,0.0,429.333333333333,0.0043177094529651,0
5114,19.2,31.39,0.0,423.5,0.0043177094529651,0
5115,19.2,31.39,0.0,429.0,0.0043177094529651,0
5116,19.1666666666667,31.39,0.0,428.666666666667,0.0043086849513047,0
5117,19.2,31.39,0.0,432.0,0.0043177094529651,0
5118,19.1666666666667,31.39,0.0,426.666666666667,0.0043086849513047,0
5119,19.2,31.39,0.0,431.0,0.0043177094529651,0
5120,19.1333333333333,31.39,0.0,433.333333333333,0.0042996771186515,0
5121,19.2,31.39,0.0,437.5,0.0043177094529651,0
5122,19.2,31.39,0.0,428.0,0.0043177094529651,0
5123,19.15,31.39,0.0,432.5,0.0043041789530202,0
5124,19.1,31.39,0.0,432.0,0.0042906859283322,0
5125,19.1,31.39,0.0,436.0,0.0042906859283322,0
5126,19.1,31.39,0.0,433.0,0.0042906859283322,0
5127,19.1,31.445,0.0,435.5,0.0042982558069786,0
5128,19.1,31.445,0.0,433.0,0.0042982558069786,0
5129,19.1,31.445,0.0,430.0,0.0042982558069786,0
5130,19.1,31.5,0.0,432.0,0.0043058258686191,0
5131,19.1,31.39,0.0,439.0,0.0042906859283322,0
5132,19.1,31.39,0.0,441.0,0.0042906859283322,0
5133,19.1,31.39,0.0,442.0,0.0042906859283322,0
5134,19.1,31.4633333333333,0.0,440.666666666667,0.0043007791405258,0
5135,19.1,31.5,0.0,439.0,0.0043058258686191,0
5136,19.1,31.5,0.0,435.0,0.0043058258686191,0
5137,19.05,31.445,0.0,436.0,0.0042847762659797,0
5138,19.0,31.39,0.0,437.5,0.0042638119451877,0
5139,19.0,31.39,0.0,439.0,0.0042638119451877,0
5140,19.0,31.39,0.0,440.5,0.0042638119451877,0
5141,19.0,31.3566666666667,0.0,435.333333333333,0.0042592531588025,0
5142,19.0,31.39,0.0,432.0,0.0042638119451877,0
5143,19.1,31.39,0.0,434.0,0.0042906859283322,0
5144,19.1,31.29,0.0,431.0,0.0042769229814177,0
5145,19.1,31.29,0.0,436.0,0.0042769229814177,0
5146,19.1,31.245,0.0,435.5,0.0042707298526498,0
5147,19.1333333333333,31.2,0.0,433.666666666667,0.0042734728670339,0
5148,19.15,31.2,0.0,428.5,0.0042779470777058,0
5149,19.1333333333333,31.2,0.0,430.0,0.0042734728670339,0
5150,19.1666666666667,31.2,0.0,429.666666666667,0.0042824254263509,0
5151,19.2,31.2,0.0,431.666666666667,0.0042913945508178,0
5152,19.2,31.2,0.0,431.0,0.0042913945508178,0
5153,19.2,31.2,0.0,431.5,0.0042913945508178,0
5154,19.2,31.2,0.0,435.5,0.0042913945508178,0
5155,19.2,31.1333333333333,0.0,433.0,0.0042821617758696,0
5156,19.2,31.1,0.0,430.0,0.0042775454904768,0
5157,19.2,31.1,0.0,432.0,0.0042775454904768,0
5158,19.2,31.1,0.0,431.0,0.0042775454904768,0
5159,19.29,31.2,0.0,434.0,0.0043156941375931,0
5160,19.245,31.15,0.0,431.0,0.0042965848707755,0
5161,19.2,31.1,0.0,430.5,0.0042775454904768,0
5162,19.2,31.1,0.0,429.0,0.0042775454904768,0
5163,19.245,31.15,0.0,427.5,0.0042965848707755,0
5164,19.2,31.1,0.0,429.5,0.0042775454904768,0
5165,19.2,31.1,0.0,436.0,0.0042775454904768,0
5166,19.2,31.1,0.0,435.5,0.0042775454904768,0
5167,19.26,31.1666666666667,0.0,436.666666666667,0.0043029468504475,0
5168,19.29,31.2,0.0,437.0,0.0043156941375931,0
5169,19.23,31.1333333333333,0.0,432.0,0.0042902306562674,0
5170,19.2,31.0,0.0,432.0,0.0042636970426054,0
5171,19.245,31.1,0.0,431.0,0.0042896407032143,0
5172,19.245,31.05,0.0,432.0,0.0042826966896406,0
5173,19.26,31.1,0.0,442.0,0.0042936791495201,0
5174,19.29,31.1,0.0,441.0,0.0043017661197206,0
5175,19.2,31.05,0.0,438.0,0.0042706211899849,0
5176,19.23,31.1,0.0,437.666666666667,0.0042856056128817,0
5177,19.2,31.05,0.0,436.0,0.0042706211899849,0
5178,19.2,31.05,0.0,436.5,0.0042706211899849,0
5179,19.2,31.1,0.0,437.0,0.0042775454904768,0
5180,19.29,31.2,0.0,433.0,0.0043156941375931,0
5181,19.23,31.1,0.0,433.333333333333,0.0042856056128817,0
5182,19.245,31.05,0.0,432.0,0.0042826966896406,0
5183,19.245,31.1,0.0,437.0,0.0042896407032143,0
5184,19.245,31.1,7.0,438.5,0.0042896407032143,0
5185,19.26,31.1666666666667,14.0,436.666666666667,0.0043029468504475,0
5186,19.2675,31.175,14.0,435.5,0.0043061307547433,0
5187,19.26,31.1,14.0,434.0,0.0042936791495201,0
5188,19.245,31.15,14.0,436.75,0.0042965848707755,0
5189,19.2225,31.125,14.0,430.5,0.0042870564584281,0
5190,19.2675,31.175,14.0,427.0,0.0043061307547433,0
5191,19.23,31.1333333333333,14.0,430.666666666667,0.0042902306562674,0
5192,19.245,31.15,14.0,437.25,0.0042965848707755,0
5193,19.29,31.2,14.0,438.0,0.0043156941375931,0
5194,19.2225,31.1,14.0,432.5,0.0042835893254506,0
5195,19.23,31.1333333333333,14.0,428.0,0.0042902306562674,0
5196,19.2675,31.175,7.0,429.0,0.0043061307547433,0
5197,19.23,31.1333333333333,9.33333333333333,434.0,0.0042902306562674,0
5198,19.245,31.175,8.5,434.0,0.004300057012303,0
5199,19.2225,31.15,10.0,435.5,0.0042905236297942,0
5200,19.245,31.15,17.0,439.0,0.0042965848707755,0
5201,19.23,31.1333333333333,20.6666666666667,439.0,0.0042902306562674,0
5202,19.2225,31.125,11.5,430.5,0.0042870564584281,0
5203,19.245,31.15,6.0,424.5,0.0042965848707755,0
5204,19.2,31.1,6.0,428.666666666667,0.0042775454904768,0
5205,19.2225,31.125,9.6,432.0,0.0042870564584281,0
5206,19.245,31.15,10.5,429.2,0.0042965848707755,0
5207,19.245,31.15,6.0,430.333333333333,0.0042965848707755,0
5208,19.2,31.1,6.0,431.8,0.0042775454904768,0
5209,19.2,31.1,6.0,431.333333333333,0.0042775454904768,0
5210,19.2,31.1,6.0,431.5,0.0042775454904768,0
5211,19.2,31.125,6.5,433.5,0.0042810076981414,0
5212,19.23,31.1666666666667,9.33333333333333,433.0,0.0042948557679642,0
5213,19.2,31.1333333333333,9.33333333333333,430.0,0.0042821617758696,0
5214,19.2,31.125,7.0,432.5,0.0042810076981414,0
5215,19.2,31.175,14.0,434.5,0.0042879322283113,0
5216,19.2,31.1,14.0,439.5,0.0042775454904768,0
5217,19.2,31.1,14.0,438.666666666667,0.0042775454904768,0
5218,19.2,31.1,14.0,432.0,0.0042775454904768,0
5219,19.2,31.125,14.0,439.0,0.0042810076981414,0
5220,19.2,31.1333333333333,14.0,438.333333333333,0.0042821617758696,0
5221,19.2,31.1666666666667,14.0,437.0,0.0042867781293161,0
5222,19.2,31.2,14.0,435.75,0.0042913945508178,0
5223,19.2,31.1333333333333,14.0,437.333333333333,0.0042821617758696,0
5224,19.2225,31.175,14.0,439.5,0.0042939908395495,0
5225,19.2,31.2,14.0,431.0,0.0042913945508178,0
5226,19.23,31.2,9.33333333333333,433.333333333333,0.0042994809479739,0
5227,19.2225,31.15,12.0,442.25,0.0042905236297942,0
5228,19.23,31.1333333333333,12.0,435.666666666667,0.0042902306562674,0
5229,19.2225,31.2,18.5,431.5,0.0042974580876947,0
5230,19.26,31.2,29.0,430.666666666667,0.0043075808037673,0
5231,19.245,31.15,36.0,428.75,0.0042965848707755,0
5232,19.2675,31.175,30.5,430.75,0.0043061307547433,0
5233,19.2675,31.15,40.0,437.25,0.0043026536751945,0
5234,19.26,31.1666666666667,46.0,438.0,0.0043029468504475,0
5235,19.29,31.1,35.0,434.5,0.0043017661197206,0
5236,19.26,31.0666666666667,25.0,435.0,0.0042890454019096,0
5237,19.29,31.05,32.25,435.25,0.0042948023430803,0
5238,19.29,31.1,28.75,437.75,0.0043017661197206,0
5239,19.29,31.1,19.5,435.0,0.0043017661197206,0
5240,19.29,31.0666666666667,6.0,438.333333333333,0.0042971235847538,0
5241,19.29,31.075,6.0,437.5,0.004298284212043,0
5242,19.29,31.0,6.0,436.5,0.0042878387212972,0
5243,19.29,31.0,11.5,439.0,0.0042878387212972,0
5244,19.29,31.1,10.0,440.0,0.0043017661197206,0
5245,19.29,31.0666666666667,9.33333333333333,437.666666666667,0.0042971235847538,0
5246,19.29,31.0,7.0,432.75,0.0042878387212972,0
5247,19.29,31.0,7.0,435.0,0.0042878387212972,0
5248,19.2675,31.0,13.5,436.5,0.0042817920086338,0
5249,19.29,31.0,20.6666666666667,436.333333333333,0.0042878387212972,0
5250,19.29,31.0,17.0,433.0,0.0042878387212972,0
5251,19.2675,31.0,17.0,428.75,0.0042817920086338,0
5252,19.29,31.0,6.0,430.0,0.0042878387212972,0
5253,19.29,31.0,6.0,430.333333333333,0.0042878387212972,0
5254,19.272,30.978,24.0,436.5,0.0042799402843295,0
5255,19.29,30.9725,22.8,434.6,0.0042840087953225,0
5256,19.29,30.945,13.0,430.0,0.0042801789161897,0
5257,19.245,30.945,28.0,427.75,0.0042681147623425,0
5258,19.29,31.0,29.3333333333333,431.0,0.0042878387212972,0
5259,19.29,30.9175,30.75,434.0,0.0042763490838978,0
5260,19.29,30.89,36.0,435.25,0.0042725192984461,0
5261,19.29,30.89,75.5,435.0,0.0042725192984461,0
5262,19.29,30.89,97.0,432.0,0.0042725192984461,0
5263,19.29,30.89,147.5,439.75,0.0042725192984461,0
5264,19.29,30.865,166.0,437.75,0.0042690377159538,0
5265,19.34,30.79,149.0,433.5,0.004271964895202,0
5266,19.39,30.7,146.0,428.75,0.00427276135377,0
5267,19.39,30.65,167.5,428.5,0.0042657547340762,0
5268,19.445,30.625,118.25,430.5,0.0042769636964964,0
5269,19.5,30.6,42.25,430.75,0.0042881931489453,0
5270,19.4266666666667,30.5333333333333,37.0,426.666666666667,0.0042591799864228,0
5271,19.4725,30.575,34.25,424.75,0.0042772936735657,0
5272,19.4633333333333,30.5666666666667,26.0,428.666666666667,0.0042736657299121,0
5273,19.4633333333333,30.5666666666667,43.0,429.333333333333,0.0042736657299121,0
5274,19.434,30.56,28.0,429.0,0.0042648840860969,0
5275,19.39,30.5333333333333,29.25,429.0,0.0042494065644648,0
5276,19.39,30.525,25.5,427.0,0.0042482388707238,0
5277,19.412,30.6,16.6,428.25,0.0042646229181816,0
5278,19.39,30.6,31.0,428.75,0.0042587482711581,0
5279,19.39,30.6,20.3333333333333,438.0,0.0042587482711581,0
5280,19.39,30.575,14.0,426.5,0.0042552450984883,0
5281,19.4175,30.6,14.0,430.25,0.0042660926978798,0
5282,19.39,30.6,24.0,435.0,0.0042587482711581,0
5283,19.39,30.5666666666667,24.0,433.0,0.0042540773829744,0
5284,19.39,30.55,24.0,430.0,0.0042517419650104,0
5285,19.39,30.6,24.0,431.0,0.0042587482711581,0
5286,19.39,30.6,24.0,431.0,0.0042587482711581,0
5287,19.365,30.6,24.0,427.0,0.0042520812134669,0
5288,19.39,30.6,24.0,430.0,0.0042587482711581,0
5289,19.39,30.6,19.0,428.0,0.0042587482711581,0
5290,19.3566666666667,30.6,31.0,432.0,0.004249860910524,0
5291,19.39,30.575,13.0,431.5,0.0042552450984883,0
5292,19.34,30.55,13.0,432.0,0.0042384391403619,0
5293,19.39,30.5,26.5,434.0,0.0042447358156279,0
5294,19.39,30.5,26.5,433.75,0.0042447358156279,0
5295,19.39,30.5,26.5,429.0,0.0042447358156279,0
5296,19.365,30.6,26.5,431.75,0.0042520812134669,0
5297,19.3233333333333,30.6,17.3333333333333,431.666666666667,0.0042409899359478,0
5298,19.29,30.6,24.0,428.75,0.0042321353212692,0
5299,19.35,30.58,24.0,426.25,0.0042452899287356,0
5300,19.3233333333333,30.6,24.0,425.0,0.0042409899359478,0
5301,19.315,30.55,24.0,426.5,0.0042318015250153,0
5302,19.315,30.575,24.0,428.0,0.0042352881178751,0
5303,19.29,30.6,24.0,429.0,0.0042321353212692,0
5304,19.29,30.6,17.3333333333333,430.0,0.0042321353212692,0
5305,19.315,30.6,14.0,441.0,0.0042387747495589,0
5306,19.29,30.6333333333333,17.3333333333333,441.0,0.0042367768928091,0
5307,19.315,30.6,18.5,432.25,0.0042387747495589,0
5308,19.29,30.6,17.3333333333333,435.0,0.0042321353212692,0
5309,19.29,30.6,19.0,429.5,0.0042321353212692,0
5310,19.34,30.6,24.0,430.0,0.0042454233766145,0
5311,19.29,30.6,24.0,431.5,0.0042321353212692,0
5312,19.315,30.6,24.0,430.0,0.0042387747495589,0
5313,19.29,30.6,24.0,427.333333333333,0.0042321353212692,0
5314,19.29,30.6,24.0,425.0,0.0042321353212692,0
5315,19.29,30.5,24.0,431.0,0.0042182110194719,0
5316,19.29,30.5,24.0,432.75,0.0042182110194719,0
5317,19.3566666666667,30.6,24.0,426.666666666667,0.004249860910524,0
5318,19.29,30.5,24.0,429.333333333333,0.0042182110194719,0
5319,19.29,30.56,24.0,429.5,0.0042265655262435,0
5320,19.29,30.525,24.0,428.4,0.0042216920368695,0
5321,19.29,30.5333333333333,24.0,427.666666666667,0.0042228523846022,0
5322,19.29,30.5,24.0,428.0,0.0042182110194719,0
5323,19.29,30.5,12.0,430.666666666667,0.0042182110194719,0
5324,19.29,30.5666666666667,6.0,428.666666666667,0.0042274938185341,0
5325,19.29,30.55,6.0,435.5,0.0042251730929678,0
5326,19.29,30.575,6.0,435.75,0.0042286541877675,0
5327,19.29,30.6,6.0,437.0,0.0042321353212692,0
5328,19.29,30.6,6.0,437.5,0.0042321353212692,0
5329,19.2675,30.55,6.0,438.75,0.004219215346754,0
5330,19.29,30.5333333333333,6.0,435.0,0.0042228523846022,0
5331,19.245,30.55,24.0,437.5,0.0042132650220906,0
5332,19.23,30.5333333333333,24.0,435.0,0.0042069903254854,0
5333,19.245,30.55,24.0,435.0,0.0042132650220906,0
5334,19.2675,30.575,14.0,436.5,0.0042226914999034,0
5335,19.23,30.5333333333333,17.3333333333333,433.0,0.0042069903254854,0
5336,19.245,30.55,22.5,433.0,0.0042132650220906,0
5337,19.2675,30.525,26.5,430.0,0.0042157392321964,0
5338,19.245,30.525,19.75,428.25,0.0042097938428251,0
5339,19.26,30.5666666666667,13.0,433.333333333333,0.0042195474149087,0
5340,19.245,30.525,19.75,435.25,0.0042097938428251,0
5341,19.26,30.5666666666667,31.0,433.333333333333,0.0042195474149087,0
5342,19.2675,30.575,26.5,428.25,0.0042226914999034,0
5343,19.23,30.5,31.0,430.666666666667,0.004202366511444,0
5344,19.2225,30.5,26.5,428.0,0.0042003896489163,0
5345,19.26,30.5666666666667,22.0,423.0,0.0042195474149087,0
5346,19.2225,30.525,26.5,433.5,0.0042038558607584,0
5347,19.23,30.5333333333333,31.0,437.666666666667,0.0042069903254854,0
5348,19.23,30.5333333333333,31.0,433.666666666667,0.0042069903254854,0
5349,19.245,30.55,19.75,432.75,0.0042132650220906,0
5350,19.245,30.55,19.75,433.0,0.0042132650220906,0
5351,19.23,30.5333333333333,31.0,433.0,0.0042069903254854,0
5352,19.23,30.5333333333333,31.0,432.666666666667,0.0042069903254854,0
5353,19.2225,30.525,26.5,427.0,0.0042038558607584,0
5354,19.245,30.6,20.25,427.75,0.0042202074960708,0
5355,19.245,30.55,14.0,429.5,0.0042132650220906,0
5356,19.245,30.55,19.0,430.25,0.0042132650220906,0
5357,19.23,30.5333333333333,24.0,432.0,0.0042069903254854,0
5358,19.2225,30.575,15.0,434.25,0.0042107883995632,0
5359,19.23,30.6333333333333,6.0,430.0,0.0042208621773198,0
5360,19.245,30.575,6.0,430.25,0.004216736239839,0
5361,19.245,30.55,6.0,437.0,0.0042132650220906,0
5362,19.245,30.6,17.0,435.0,0.0042202074960708,0
5363,19.2,30.6,17.0,430.75,0.0042083093750038,0
5364,19.2,30.6,13.5,431.0,0.0042083093750038,0
5365,19.2,30.625,7.0,435.5,0.004211770817202,0
5366,19.2,30.6666666666667,16.0,428.666666666667,0.004217539972571,0
5367,19.2,30.7,10.5,427.0,0.0042221553734029,0
5368,19.2,30.7,25.25,429.0,0.0042221553734029,0
5369,19.1333333333333,30.73,25.0,431.333333333333,0.0042086612435605,0
5370,19.15,30.7675,22.0,429.5,0.0042182432388776,0
5371,19.1,30.79,22.0,430.0,0.004208117319209,0
5372,19.1333333333333,30.89,31.0,425.0,0.004230723268893,0
5373,19.1,30.89,18.5,424.0,0.0042218772421352,0
5374,19.1,30.89,18.5,425.5,0.0042218772421352,0
5375,19.1,30.89,17.3333333333333,426.0,0.0042218772421352,0
5376,19.1,30.89,14.0,426.5,0.0042218772421352,0
5377,19.1,30.89,14.0,429.25,0.0042218772421352,0
5378,19.1,30.89,17.3333333333333,431.666666666667,0.0042218772421352,0
5379,19.1,30.89,19.75,433.5,0.0042218772421352,0
5380,19.1,30.89,13.0,435.5,0.0042218772421352,0
5381,19.1,30.89,13.0,436.333333333333,0.0042218772421352,0
5382,19.1,30.89,22.5,432.5,0.0042218772421352,0
5383,19.1,30.89,24.0,433.0,0.0042218772421352,0
5384,19.1,30.89,24.0,432.75,0.0042218772421352,0
5385,19.1,30.89,6.0,434.0,0.0042218772421352,0
5386,19.1,30.89,6.0,434.333333333333,0.0042218772421352,0
5387,19.1,30.89,13.5,433.0,0.0042218772421352,0
5388,19.1,30.89,9.33333333333333,430.333333333333,0.0042218772421352,0
5389,19.1,30.9175,12.0,433.0,0.0042256613269528,0
5390,19.1,31.0,15.0,437.0,0.0042370138558047,0
5391,19.1,31.0,18.5,435.0,0.0042370138558047,0
5392,19.05,31.05,26.5,431.0,0.0042305864673367,0
5393,19.1,31.0333333333333,31.0,432.0,0.0042416008529002,0
5394,19.1,31.0,26.5,434.25,0.0042370138558047,0
5395,19.1,31.0,31.0,435.0,0.0042370138558047,0
5396,19.1,31.0,16.25,436.0,0.0042370138558047,0
5397,19.1,31.0,24.0,435.5,0.0042370138558047,0
5398,19.1,31.0,24.0,432.25,0.0042370138558047,0
5399,19.1,31.0,24.0,435.5,0.0042370138558047,0
5400,19.1,31.0,17.3333333333333,434.333333333333,0.0042370138558047,0
5401,19.1,31.0,18.5,432.0,0.0042370138558047,0
5402,19.1,31.0,22.5,432.0,0.0042370138558047,0
5403,19.1,30.9266666666667,31.0,433.0,0.0042269226987214,0
5404,19.15,30.89,13.0,432.5,0.0042351524192181,0
5405,19.175,30.89,13.0,429.5,0.0042418038251022,0
5406,19.2,30.84,31.0,427.5,0.0042415407998467,0
5407,19.2,30.865,31.0,428.75,0.0042450026094371,0
5408,19.2,30.79,25.0,428.333333333333,0.0042346172954835,0
5409,19.2,30.79,39.3333333333333,425.666666666667,0.0042346172954835,0
5410,19.2,30.79,53.0,421.5,0.0042346172954835,0
5411,19.2,30.79,65.6666666666667,423.333333333333,0.0042346172954835,0
5412,19.245,30.7675,67.25,426.75,0.004243465905552,0
5413,19.245,30.745,116.75,424.25,0.0042403415411414,0
5414,19.29,30.745,112.5,425.0,0.0042523266588159,0
5415,19.29,30.7675,201.5,431.0,0.0042554599140974,0
5416,19.29,30.7,102.666666666667,435.0,0.0042460602423091,0
5417,19.315,30.7,85.75,431.25,0.0042527216645466,0
5418,19.29,30.7,81.0,431.333333333333,0.0042460602423091,0
5419,19.365,30.675,81.5,435.75,0.0042625744016616,0
5420,19.39,30.6333333333333,93.6666666666667,434.333333333333,0.0042634192290176,0
5421,19.39,30.6,106.0,431.0,0.0042587482711581,0
5422,19.39,30.5333333333333,74.0,432.666666666667,0.0042494065644648,0
5423,19.39,30.5,79.5,428.75,0.0042447358156279,0
5424,19.39,30.5,110.0,430.0,0.0042447358156279,0
5425,19.39,30.5,150.25,427.0,0.0042447358156279,0
5426,19.39,30.5,66.6666666666667,428.0,0.0042447358156279,0
5427,19.39,30.5,62.5,427.25,0.0042447358156279,0
5428,19.4266666666667,30.5,54.0,428.0,0.0042544984221175,0
5429,19.4175,30.4725,47.0,429.0,0.0042481959075822,0
5430,19.4725,30.5,62.0,423.5,0.0042667295658013,0
5431,19.4175,30.4175,255.0,425.666666666667,0.0042404760393171,0
5432,19.5,30.4266666666667,317.25,428.75,0.0042637362222976,0
5433,19.525,30.34,233.0,429.5,0.0042581676630613,0
5434,19.6,30.245,277.5,432.75,0.0042647128701895,0
5435,19.675,30.2,88.5,428.75,0.0042783461462114,0
5436,19.7,30.2,72.75,425.5,0.004285038585908,0
5437,19.65,30.15,68.0,424.0,0.004264542160789,0
5438,19.625,30.125,57.25,426.75,0.0042543246484663,0
5439,19.6666666666667,30.1666666666667,63.6666666666667,427.0,0.004271365197493,0
5440,19.65,30.15,50.0,427.0,0.004264542160789,0
5441,19.625,30.125,54.5,426.25,0.0042543246484663,0
5442,19.65,30.15,68.0,427.5,0.004264542160789,0
5443,19.7,30.2,71.5,434.0,0.004285038585908,0
5444,19.625,30.125,69.75,428.25,0.0042543246484663,0
5445,19.6333333333333,30.1333333333333,84.6666666666667,428.666666666667,0.0042577282152682,0
5446,19.65,30.15,81.5,427.5,0.004264542160789,0
5447,19.7,30.15,90.5,422.0,0.0042778953581575,0
5448,19.6,30.1,99.75,422.5,0.0042441275563805,0
5449,19.6333333333333,30.1,226.0,423.0,0.0042529861346815,0
5450,19.7,30.1,161.25,422.25,0.0042707522933524,0
5451,19.7,30.1,178.666666666667,425.0,0.0042707522933524,0
5452,19.7225,30.0,241.0,428.25,0.0042624572633588,0
5453,19.79,30.0,214.75,425.0,0.0042804737945328,0
5454,19.79,29.9175,293.5,425.5,0.004268621708255,0
5455,19.89,29.84,290.5,426.0,0.0042841581370543,0
5456,19.9266666666667,29.79,290.666666666667,424.333333333333,0.0042867293788519,0
5457,20.0,29.7225,288.5,425.75,0.0042965620985378,0
5458,20.025,29.65,295.5,425.5,0.004292697257479,0
5459,20.0333333333333,29.6,194.0,429.333333333333,0.0042876358909125,0
5460,20.125,29.575,261.75,426.0,0.004308538187271,0
5461,20.1333333333333,29.5,243.333333333333,430.0,0.004299768643651,0
5462,20.125,29.445,247.5,427.0,0.0042894689523092,0
5463,20.2,29.39,256.0,430.5,0.0043014510679078,0
5464,20.2,29.365,192.75,426.75,0.0042977668450905,0
5465,20.245,29.365,252.5,425.0,0.0043098258970666,0
5466,20.23,29.3233333333333,287.666666666667,428.666666666667,0.0042996510629616,0
5467,20.29,29.315,279.75,429.0,0.0043145048114482,0
5468,20.29,29.23,253.333333333333,427.666666666667,0.0043019082115549,0
5469,20.34,29.2,273.0,427.5,0.0043108529867702,0
5470,20.39,29.2,272.0,427.333333333333,0.0043242803212583,0
5471,20.39,29.2,273.333333333333,429.0,0.0043242803212583,0
5472,20.445,29.125,265.0,424.75,0.004327870545459,0
5473,20.4725,28.9725,265.0,426.75,0.004312417247969,0
5474,20.5,28.8233333333333,265.0,429.333333333333,0.0042973984901744,0
5475,20.5,28.8233333333333,265.0,423.666666666667,0.0042973984901744,0
5476,20.525,28.7225,265.0,426.75,0.0042889173285114,0
5477,20.55,28.7,262.0,434.25,0.0042921942881195,0
5478,20.6,28.6,259.0,427.0,0.0042904360649924,0
5479,20.6,28.6,257.25,425.5,0.0042904360649924,0
5480,20.65,28.525,256.75,429.0,0.0042924085503379,0
5481,20.625,28.5,247.25,431.5,0.0042819714838781,0
5482,20.7,28.5,175.666666666667,431.0,0.0043019463007201,0
5483,20.7,28.5,250.75,432.0,0.0043019463007201,0
5484,20.7,28.4175,255.5,432.0,0.0042894074204554,0
5485,20.7,28.245,252.0,425.0,0.0042631913840416,0
5486,20.7,28.1666666666667,260.333333333333,422.0,0.0042512872418745,0
5487,20.745,28.1,174.5,427.0,0.0042530096719767,0
5488,20.7225,28.1,97.75,431.5,0.0042470793934712,0
5489,20.7,28.1,252.0,429.0,0.0042411564135155,0
5490,20.7,28.1,215.5,426.5,0.0042411564135155,0
5491,20.745,28.025,164.5,424.75,0.0042415808141701,0
5492,20.73,28.0,97.6666666666667,422.0,0.0042338312212741,0
5493,20.7,27.945,237.0,420.0,0.0042176035044728,0
5494,20.745,27.815,153.0,418.0,0.0042095822314035,0
5495,20.7225,27.84,231.5,420.5,0.0042075167502636,0
5496,20.7,27.815,82.0,423.5,0.0041978508177522,0
5497,20.7,27.79,90.0,422.0,0.0041940523670117,0
5498,20.7,27.76,89.0,423.666666666667,0.0041894942869509,0
5499,20.7,27.79,115.25,428.75,0.0041940523670117,0
5500,20.68,27.79,96.4,428.75,0.0041888524133742,0
5501,20.6,27.7,127.0,428.0,0.0041545205463918,0
5502,20.6,27.65,169.25,429.0,0.0041469714139269,0
5503,20.625,27.65,205.5,429.5,0.0041534107915945,0
5504,20.65,27.65,202.0,427.0,0.0041598589906053,0
5505,20.7,27.625,156.75,422.75,0.0041689837478149,0
5506,20.7,27.6,209.0,425.0,0.0041651856472745,0
5507,20.7,27.525,211.0,426.0,0.0041537916221021,0
5508,20.7,27.4633333333333,133.333333333333,425.0,0.0041444235120392,0
5509,20.7,27.39,197.25,424.0,0.0041332834217088,0
5510,20.7,27.39,147.5,420.5,0.0041332834217088,0
5511,20.7,27.3233333333333,171.0,423.0,0.0041231564108402,0
5512,20.7,27.2675,152.0,425.25,0.0041146752912967,0
5513,20.7,27.175,77.5,424.75,0.0041006249869337,0
5514,20.7,27.1,74.0,427.5,0.0040892333111771,0
5515,20.6666666666667,27.1666666666667,123.0,425.0,0.0040908926770616,0
5516,20.6,27.0475,151.5,423.75,0.0040560186779695,0
5517,20.625,26.9975,182.0,425.5,0.0040547573585845,0
5518,20.65,27.05,199.75,424.5,0.0040690002862131,0
5519,20.65,27.0,201.5,422.0,0.0040614299177234,0
5520,20.675,26.89,179.5,418.5,0.0040510529916507,0
5521,20.675,26.8925,195.25,417.0,0.0040514320767896,0
5522,20.7,26.8233333333333,157.333333333333,418.333333333333,0.0040472142698737,0
5523,20.7,26.79,141.0,427.75,0.0040421521154737,0
5524,20.7,26.79,183.0,424.75,0.0040421521154737,0
5525,20.7,26.79,186.0,428.0,0.0040421521154737,0
5526,20.7,26.745,186.0,428.0,0.0040353183368894,0
5527,20.7,26.675,136.0,423.0,0.004024688311186,0
5528,20.7,26.65,85.5,420.5,0.00402089196092,0
5529,20.7,26.55,77.5,416.0,0.0040057070202827,0
5530,20.7,26.65,128.75,412.75,0.00402089196092,0
5531,20.6666666666667,26.6,178.333333333333,414.0,0.0040050117301637,0
5532,20.7,26.6,154.25,421.0,0.0040132993985177,0
5533,20.7,26.5,140.5,415.0,0.0039981148262085,0
5534,20.7,26.5,130.0,416.333333333333,0.0039981148262085,0
5535,20.7,26.4725,64.25,420.5,0.0039939391979636,0
5536,20.675,26.4725,113.0,415.75,0.0039877522128573,0
5537,20.6666666666667,26.5,152.333333333333,417.333333333333,0.0039898587146237,0
5538,20.625,26.39,145.0,418.666666666667,0.003962935551211,0
5539,20.675,26.4175,151.0,426.6,0.0039794141423384,0
5540,20.625,26.4175,152.5,427.0,0.003967091511895,0
5541,20.675,26.39,142.25,424.5,0.0039752451903748,0
5542,20.675,26.365,134.5,420.75,0.0039714552822308,0
5543,20.7,26.39,149.25,418.25,0.0039814126474575,0
5544,20.7,26.315,115.75,423.0,0.0039700253092998,0
5545,20.6666666666667,26.3566666666667,142.333333333333,421.0,0.0039681406715958,0
5546,20.7,26.3566666666667,130.0,423.0,0.0039763515571278,0
5547,20.675,26.29,145.25,429.25,0.0039600858331414,0
5548,20.7,26.3233333333333,157.0,422.333333333333,0.0039712905486359,0
5549,20.7,26.245,106.25,419.25,0.0039593975008019,0
5550,20.7,26.23,82.3333333333333,423.666666666667,0.0039571201602178,0
5551,20.7,26.2225,72.0,421.5,0.0039559814961397,0
5552,20.6,26.15,95.75,422.0,0.0039205820532491,0
5553,20.6,26.1333333333333,112.0,426.0,0.0039180675354901,0
5554,20.6,26.15,110.25,424.75,0.0039205820532491,0
5555,20.6,26.125,85.75,421.0,0.0039168102841867,0
5556,20.6,26.1,59.5,419.5,0.0039130385605811,0
5557,20.6,26.125,115.25,426.0,0.0039168102841867,0
5558,20.6,26.2,74.0,418.0,0.0039281257277475,0
5559,20.5,26.2,74.0,417.0,0.003903819309541,0
5560,20.5,26.2,81.6666666666667,417.666666666667,0.003903819309541,0
5561,20.5,26.2,63.5,419.0,0.003903819309541,0
5562,20.5,26.245,86.25,420.0,0.0039105664978157,0
5563,20.5,26.26,63.3333333333333,425.666666666667,0.0039128155929003,0
5564,20.5,26.254,59.5,424.5,0.0039119159529268,0
5565,20.5,26.29,65.8,422.0,0.0039173138315601,0
5566,20.5,26.29,81.0,421.666666666667,0.0039173138315601,0
5567,20.4633333333333,26.23,69.0,421.666666666667,0.0038994280665071,0
5568,20.39,26.2,108.0,428.25,0.0038772355562648,0
5569,20.445,26.245,57.0,429.0,0.0038972314433379,0
5570,20.39,26.2,68.0,425.75,0.0038772355562648,0
5571,20.39,26.2,73.25,421.5,0.0038772355562648,0
5572,20.39,26.2,98.6666666666667,424.0,0.0038772355562648,0
5573,20.39,26.2,59.0,424.0,0.0038772355562648,0
5574,20.39,26.23,54.3333333333333,426.0,0.0038817028449769,0
5575,20.39,26.245,100.25,419.75,0.0038839365132475,0
5576,20.39,26.23,100.0,417.666666666667,0.0038817028449769,0
5577,20.39,26.2225,67.5,419.0,0.0038805860168203,0
5578,20.365,26.2,59.0,424.75,0.0038712161100381,0
5579,20.39,26.2,72.3333333333333,421.666666666667,0.0038772355562648,0
5580,20.3566666666667,26.2,70.3333333333333,424.333333333333,0.0038692114605126,0
5581,20.34,26.2225,69.75,422.5,0.0038685449082954,0
5582,20.3566666666667,26.2,85.3333333333333,424.333333333333,0.0038692114605126,0
5583,20.29,26.2,79.75,426.25,0.0038532071982278,0
5584,20.29,26.2225,76.75,421.5,0.0038565367670609,0
5585,20.29,26.2,85.6666666666667,418.666666666667,0.0038532071982278,0
5586,20.315,26.2,59.25,422.5,0.0038592019407622,0
5587,20.29,26.23,62.0,422.333333333333,0.0038576466312113,0
5588,20.29,26.2,48.5,418.5,0.0038532071982278,0
5589,20.29,26.2,48.5,421.5,0.0038532071982278,0
5590,20.29,26.2,59.0,421.5,0.0038532071982278,0
5591,20.29,26.175,60.75,417.75,0.0038495077188517,0
5592,20.29,26.2,44.3333333333333,422.0,0.0038532071982278,0
5593,20.29,26.2,64.0,419.0,0.0038532071982278,0
5594,20.2225,26.2225,44.0,423.75,0.0038403779327392,0
5595,20.245,26.245,54.5,425.25,0.0038490778031903,0
5596,20.2,26.1666666666667,46.0,420.666666666667,0.0038267891550494,0
5597,20.2,26.2,49.0,417.5,0.0038316940763834,0
5598,20.2,26.2,63.0,418.5,0.0038316940763834,0
5599,20.2,26.2,52.75,424.25,0.0038316940763834,0
5600,20.2,26.2,55.0,423.666666666667,0.0038316940763834,0
5601,20.2,26.175,56.5,419.0,0.003828015378175,0
5602,20.2,26.2,62.5,420.5,0.0038316940763834,0
5603,20.2,26.2225,57.75,426.5,0.003835004941748,0
5604,20.1333333333333,26.2,58.3333333333333,422.666666666667,0.0038158268055652,0
5605,20.125,26.2225,69.25,420.25,0.0038171428281855,0
5606,20.15,26.2675,58.75,420.25,0.0038296898291616,0
5607,20.15,26.29,60.75,424.25,0.0038329904485534,0
5608,20.15,26.29,53.5,423.5,0.0038329904485534,0
5609,20.175,26.2675,60.75,420.25,0.0038356542073287,0
5610,20.15,26.2675,62.0,424.75,0.0038296898291616,0
5611,20.15,26.2675,52.25,423.75,0.0038296898291616,0
5612,20.1,26.29,46.0,425.666666666667,0.0038210759073623,0
5613,20.1,26.26,53.6666666666667,426.5,0.0038166888522568,0
5614,20.1,26.2675,47.0,421.5,0.0038177856102669,0
5615,20.1,26.29,50.0,423.0,0.0038210759073623,0
5616,20.1,26.29,40.5,424.0,0.0038210759073623,0
5617,20.1,26.29,34.6666666666667,422.333333333333,0.0038210759073623,0
5618,20.1,26.29,35.25,422.0,0.0038210759073623,0
5619,20.075,26.2675,33.5,420.5,0.0038118457501687,0
5620,20.0666666666667,26.26,44.0,422.666666666667,0.0038087731396172,0
5621,20.075,26.29,44.0,418.5,0.0038151308968836,0
5622,20.05,26.29,55.0,418.5,0.0038091940469071,0
5623,20.0,26.2675,46.0,423.75,0.0037940750512525,0
5624,20.0,26.29,44.0,423.666666666667,0.0037973447897911,0
5625,20.0,26.29,44.0,422.5,0.0037973447897911,0
5626,20.0,26.29,47.6666666666667,423.0,0.0037973447897911,0
5627,20.0,26.29,40.5,421.5,0.0037973447897911,0
5628,20.0,26.29,51.5,426.0,0.0037973447897911,0
5629,20.0,26.29,36.6666666666667,421.0,0.0037973447897911,0
5630,20.0,26.34,37.0,420.5,0.0038046109977651,0
5631,20.0,26.365,37.0,421.0,0.0038082441650291,0
5632,20.0,26.39,37.0,421.5,0.0038118773744787,0
5633,19.9633333333333,26.39,37.0,419.666666666667,0.0038031752183906,0
5634,19.9266666666667,26.39,37.0,421.333333333333,0.0037944905918548,0
5635,19.89,26.39,37.0,418.75,0.003785823464385,0
5636,19.89,26.445,37.0,418.0,0.0037937617094623,0
5637,19.89,26.4725,37.0,422.25,0.0037977309075254,0
5638,19.89,26.5,28.6666666666667,422.666666666667,0.0038017001559394,0
5639,19.89,26.4725,28.0,421.5,0.0037977309075254,0
5640,19.89,26.5,30.75,422.5,0.0038017001559394,0
5641,19.89,26.5,19.0,421.0,0.0038017001559394,0
5642,19.89,26.525,23.5,424.75,0.0038053086072822,0
5643,19.89,26.5,33.5,422.5,0.0038017001559394,0
5644,19.865,26.525,26.25,420.25,0.0037993786718925,0
5645,19.8233333333333,26.5333333333333,38.3333333333333,420.666666666667,0.003790711364192,0
5646,19.84,26.55,33.5,421.75,0.00379705407622,0
5647,19.84,26.55,33.5,420.5,0.00379705407622,0
5648,19.84,26.55,33.5,421.0,0.00379705407622,0
5649,19.815,26.575,33.5,420.0,0.0037947263824914,0
5650,19.79,26.6,38.3333333333333,421.333333333333,0.0037923956042495,0
5651,19.79,26.6,33.5,424.25,0.0037923956042495,0
5652,19.79,26.6,38.3333333333333,421.333333333333,0.0037923956042495,0
5653,19.79,26.6,40.75,422.0,0.0037923956042495,0
5654,19.79,26.6,36.6666666666667,418.666666666667,0.0037923956042495,0
5655,19.79,26.6,34.4,422.75,0.0037923956042495,0
5656,19.79,26.6,36.6666666666667,421.0,0.0037923956042495,0
5657,19.79,26.6,39.5,418.0,0.0037923956042495,0
5658,19.79,26.6,39.5,421.75,0.0037923956042495,0
5659,19.745,26.7,39.5,423.0,0.0037960596962194,0
5660,19.7225,26.7,31.0,422.5,0.0037907294716872,0
5661,19.7,26.7,31.0,423.0,0.0037854058514581,0
5662,19.7225,26.7,31.0,422.0,0.0037907294716872,0
5663,19.7,26.7,31.0,424.0,0.0037854058514581,0
5664,19.7,26.7,31.0,427.75,0.0037854058514581,0
5665,19.7,26.73,31.0,423.333333333333,0.0037896850305026,0
5666,19.7,26.79,31.0,423.5,0.0037982435641628,0
5667,19.7,26.79,31.0,421.5,0.0037982435641628,0
5668,19.7,26.79,31.0,419.333333333333,0.0037982435641628,0
5669,19.6333333333333,26.73,31.0,426.0,0.0037739321518318,0
5670,19.675,26.7675,31.0,418.75,0.0037891115736851,0
5671,19.65,26.745,31.0,417.75,0.0037799978431417,0
5672,19.7,26.79,31.0,418.0,0.0037982435641628,0
5673,19.6,26.7,31.0,417.0,0.0037618250375383,0
5674,19.6666666666667,26.8566666666667,31.0,415.666666666667,0.0037998318289411,0
5675,19.6333333333333,26.8233333333333,31.0,413.0,0.0037871898519098,0
5676,19.625,26.79,22.0,416.75,0.0037804853881162,0
5677,19.65,26.745,17.5,423.0,0.0037799978431417,0
5678,19.6,26.73,13.0,425.333333333333,0.0037660773994329,0
5679,19.6,26.79,13.0,425.25,0.0037745822966059,0
5680,19.6,26.76,13.0,429.0,0.0037703298191217,0
5681,19.6,26.7,26.5,428.0,0.0037618250375383,0
5682,19.6,26.7675,33.25,422.0,0.0037713929330744,0
5683,19.6,26.84,26.5,416.5,0.0037816698875169,0
5684,19.6,26.79,31.0,423.666666666667,0.0037745822966059,0
5685,19.58,26.79,23.8,421.75,0.0037698656804132,0
5686,19.5,26.8233333333333,31.0,417.0,0.0037557465844095,0
5687,19.55,26.865,26.5,423.5,0.0037733985682144,0
5688,19.5333333333333,26.89,31.0,430.0,0.0037729964786778,0
5689,19.5,26.89,22.5,423.0,0.0037651376149917,0
5690,19.525,26.89,18.5,424.5,0.0037710304070935,0
5691,19.5,26.89,29.3333333333333,426.0,0.0037651376149917,0
5692,19.5,26.89,24.0,421.75,0.0037651376149917,0
5693,19.5,26.89,24.0,425.5,0.0037651376149917,0
5694,19.5,26.89,24.0,424.5,0.0037651376149917,0
5695,19.525,26.945,24.0,422.0,0.0037787904187985,0
5696,19.5,26.9175,24.0,425.75,0.0037690114972245,0
5697,19.5,26.945,24.0,422.0,0.0037728854274212,0
5698,19.5,27.0,24.0,423.333333333333,0.0037806334317097,0
5699,19.5,27.0,24.0,426.75,0.0037806334317097,0
5700,19.5,27.0,24.0,421.75,0.0037806334317097,0
5701,19.5,27.05,24.0,414.5,0.0037876772384673,0
5702,19.5,27.0,24.0,416.0,0.0037806334317097,0
5703,19.4725,27.0,24.0,423.25,0.0037741339463885,0
5704,19.5,27.1,10.5,424.5,0.0037947212037972,0
5705,19.5,27.1,6.0,424.5,0.0037947212037972,0
5706,19.4725,27.075,6.0,424.75,0.0037846814419644,0
5707,19.4175,27.075,6.0,423.0,0.0037716755786127,0
5708,19.39,27.1,6.0,425.0,0.0037686851408931,0
5709,19.4175,27.075,6.0,421.0,0.0037716755786127,0
5710,19.4175,27.125,6.0,420.25,0.0037786831293212,0
5711,19.39,27.1,6.0,423.0,0.0037686851408931,0
5712,19.39,27.1,6.0,418.75,0.0037686851408931,0
5713,19.4266666666667,27.1333333333333,6.0,423.0,0.0037820206919294,0
5714,19.4175,27.125,6.0,428.0,0.0037786831293212,0
5715,19.39,27.1,6.0,423.75,0.0037686851408931,0
5716,19.4266666666667,27.1333333333333,6.0,428.0,0.0037820206919294,0
5717,19.4266666666667,27.1333333333333,6.0,426.333333333333,0.0037820206919294,0
5718,19.39,27.1,11.5,429.5,0.0037686851408931,0
5719,19.4266666666667,27.1666666666667,20.6666666666667,427.0,0.0037866951948603,0
5720,19.39,27.125,17.0,424.25,0.0037721828721836,0
5721,19.39,27.2,17.0,423.0,0.0037826763006657,0
5722,19.39,27.1333333333333,20.6666666666667,424.0,0.0037733487913029,0
5723,19.39,27.15,17.0,423.5,0.0037756806425754,0
5724,19.39,27.1,17.0,425.75,0.0037686851408931,0
5725,19.39,27.15,17.0,426.75,0.0037756806425754,0
5726,19.445,27.2,17.0,434.5,0.0037957231089055,0
5727,19.39,27.2,20.6666666666667,426.0,0.0037826763006657,0
5728,19.39,27.125,17.0,420.5,0.0037721828721836,0
5729,19.39,27.1,10.0,425.5,0.0037686851408931,0
5730,19.39,27.1666666666667,11.3333333333333,423.666666666667,0.0037780125112266,0
5731,19.39,27.15,8.5,424.5,0.0037756806425754,0
5732,19.39,27.175,7.0,421.0,0.0037791784520693,0
5733,19.39,27.2,7.0,425.5,0.0037826763006657,0
5734,19.39,27.2,7.0,426.5,0.0037826763006657,0
5735,19.39,27.2,9.33333333333333,420.666666666667,0.0037826763006657,0
5736,19.39,27.2,14.0,423.75,0.0037826763006657,0
5737,19.39,27.2,14.0,422.666666666667,0.0037826763006657,0
5738,19.39,27.2,14.0,420.75,0.0037826763006657,0
5739,19.39,27.15,14.0,419.5,0.0037756806425754,0
5740,19.39,27.175,14.0,426.0,0.0037791784520693,0
5741,19.39,27.15,14.0,422.0,0.0037756806425754,0
5742,19.39,27.2,14.0,419.0,0.0037826763006657,0
5743,19.39,27.2,14.0,421.666666666667,0.0037826763006657,0
5744,19.4175,27.2,14.0,425.0,0.0037891947496601,0
5745,19.39,27.2,14.0,422.5,0.0037826763006657,0
5746,19.39,27.2,14.0,419.5,0.0037826763006657,0
5747,19.39,27.2,14.0,422.0,0.0037826763006657,0
5748,19.39,27.2,9.33333333333333,425.333333333333,0.0037826763006657,0
5749,19.4266666666667,27.23,4.66666666666667,427.666666666667,0.0037955769428293,0
5750,19.39,27.2,0.0,427.0,0.0037826763006657,0
5751,19.39,27.2,0.0,426.0,0.0037826763006657,0
5752,19.39,27.2,0.0,423.0,0.0037826763006657,0
5753,19.445,27.2,0.0,427.0,0.0037957231089055,0
5754,19.39,27.2,0.0,422.0,0.0037826763006657,0
5755,19.39,27.2,0.0,423.0,0.0037826763006657,0
5756,19.39,27.2,0.0,421.0,0.0037826763006657,0
5757,19.39,27.2,0.0,422.333333333333,0.0037826763006657,0
5758,19.39,27.2,0.0,424.0,0.0037826763006657,0
5759,19.39,27.2,0.0,426.0,0.0037826763006657,0
5760,19.39,27.2,0.0,428.0,0.0037826763006657,0
5761,19.39,27.2,0.0,427.5,0.0037826763006657,0
5762,19.4633333333333,27.26,0.0,428.0,0.0038085147181872,0
5763,19.39,27.2,0.0,425.0,0.0037826763006657,0
5764,19.39,27.2,0.0,426.5,0.0037826763006657,0
5765,19.39,27.2,0.0,426.0,0.0037826763006657,0
5766,19.39,27.2,0.0,422.0,0.0037826763006657,0
5767,19.39,27.2,0.0,426.0,0.0037826763006657,0
5768,19.39,27.2,0.0,423.5,0.0037826763006657,0
5769,19.39,27.2,0.0,424.0,0.0037826763006657,0
5770,19.39,27.2,0.0,429.0,0.0037826763006657,0
5771,19.34,27.29,0.0,422.5,0.0037834028932961,0
5772,19.34,27.29,0.0,424.5,0.0037834028932961,0
5773,19.29,27.29,0.0,428.0,0.0037715696582425,0
5774,19.29,27.29,0.0,426.5,0.0037715696582425,0
5775,19.34,27.34,0.0,424.5,0.0037903769834333,0
5776,19.29,27.29,0.0,425.0,0.0037715696582425,0
5777,19.29,27.3566666666667,0.0,423.333333333333,0.0037808392202763,0
5778,19.29,27.29,0.0,426.0,0.0037715696582425,0
5779,19.34,27.39,0.0,424.5,0.0037973512290188,0
5780,19.34,27.39,0.0,424.5,0.0037973512290188,0
5781,19.3233333333333,27.39,0.0,420.333333333333,0.0037933885386259,0
5782,19.29,27.39,0.0,425.0,0.0037854741042765,0
5783,19.29,27.445,0.0,427.5,0.0037931218129803,0
5784,19.29,27.5,0.0,426.0,0.0038007697086113,0
5785,19.29,27.445,0.0,425.0,0.0037931218129803,0
5786,19.29,27.5,0.0,427.0,0.0038007697086113,0
5787,19.29,27.5,0.0,424.0,0.0038007697086113,0
5788,19.29,27.5,0.0,424.0,0.0038007697086113,0
5789,19.29,27.5,0.0,425.0,0.0038007697086113,0
5790,19.29,27.5,0.0,425.0,0.0038007697086113,0
5791,19.29,27.5,0.0,426.0,0.0038007697086113,0
5792,19.29,27.5,0.0,432.0,0.0038007697086113,0
5793,19.29,27.5,0.0,428.5,0.0038007697086113,0
5794,19.29,27.5,0.0,426.0,0.0038007697086113,0
5795,19.34,27.4725,0.0,428.0,0.0038088590740975,0
5796,19.29,27.5,0.0,426.666666666667,0.0038007697086113,0
5797,19.34,27.5,0.0,427.5,0.0038126951165105,0
5798,19.29,27.39,0.0,428.0,0.0037854741042765,0
5799,19.34,27.39,0.0,427.0,0.0037973512290188,0
5800,19.39,27.39,0.0,425.0,0.0038092612279417,0
5801,19.34,27.445,0.0,425.0,0.0038050230787118,0
5802,19.34,27.39,0.0,430.0,0.0037973512290188,0
5803,19.39,27.39,0.0,437.0,0.0038092612279417,0
5804,19.39,27.39,0.0,430.5,0.0038092612279417,0
5805,19.39,27.39,0.0,430.666666666667,0.0038092612279417,0
5806,19.39,27.39,0.0,422.5,0.0038092612279417,0
5807,19.39,27.39,0.0,422.0,0.0038092612279417,0
5808,19.39,27.39,0.0,424.0,0.0038092612279417,0
5809,19.39,27.39,0.0,427.666666666667,0.0038092612279417,0
5810,19.3233333333333,27.39,0.0,430.0,0.0037933885386259,0
5811,19.39,27.39,0.0,432.0,0.0038092612279417,0
5812,19.39,27.5,0.0,429.0,0.0038246535340678,0
5813,19.29,27.5,0.0,428.0,0.0038007697086113,0
5814,19.29,27.5,0.0,428.0,0.0038007697086113,0
5815,19.29,27.55,0.0,426.0,0.0038077225032185,0
5816,19.29,27.6,0.0,427.5,0.0038146754523217,0
5817,19.29,27.6,0.0,429.0,0.0038146754523217,0
5818,19.29,27.6,0.0,426.333333333333,0.0038146754523217,0
5819,19.29,27.6,0.0,428.5,0.0038146754523217,0
5820,19.29,27.6,0.0,426.0,0.0038146754523217,0
5821,19.29,27.6,0.0,429.0,0.0038146754523217,0
5822,19.29,27.6,0.0,432.0,0.0038146754523217,0
5823,19.29,27.6,0.0,427.0,0.0038146754523217,0
5824,19.245,27.6,0.0,429.0,0.0038039313403881,0
5825,19.26,27.6666666666667,0.0,426.333333333333,0.0038167630577768,0
5826,19.2,27.6,0.0,436.0,0.0037932139445365,0
5827,19.2,27.6,0.0,429.0,0.0037932139445365,0
5828,19.2,27.6,0.0,429.5,0.0037932139445365,0
5829,19.2,27.6,0.0,434.0,0.0037932139445365,0
5830,19.2,27.65,0.0,423.5,0.0038001276921799,0
5831,19.29,27.7,0.0,432.0,0.0038285818140371,0
5832,19.245,27.745,0.0,427.0,0.0038240386259527,0
5833,19.245,27.745,0.0,430.0,0.0038240386259527,0
5834,19.23,27.73,0.0,432.666666666667,0.0038183660234445,0
5835,19.2,27.7,0.0,434.0,0.0038070415925907,0
5836,19.2,27.7,0.0,436.0,0.0038070415925907,0
5837,19.2,27.7,0.0,440.333333333333,0.0038070415925907,0
5838,19.2,27.7,0.0,439.0,0.0038070415925907,0
5839,19.23,27.73,0.0,440.333333333333,0.0038183660234445,0
5840,19.2,27.7,0.0,443.0,0.0038070415925907,0
5841,19.2,27.7,0.0,439.5,0.0038070415925907,0
5842,19.2,27.6,0.0,437.0,0.0037932139445365,0
5843,19.245,27.65,0.0,431.5,0.0038108647411801,0
5844,19.29,27.7,0.0,430.333333333333,0.0038285818140371,0
5845,19.29,27.7,0.0,436.5,0.0038285818140371,0
5846,19.29,27.7,0.0,437.5,0.0038285818140371,0
5847,19.29,27.6333333333333,0.0,434.0,0.0038193108375576,0
5848,19.29,27.6,0.0,432.5,0.0038146754523217,0
5849,19.29,27.6,0.0,427.666666666667,0.0038146754523217,0
5850,19.29,27.6,0.0,428.5,0.0038146754523217,0
5851,19.315,27.6,0.0,434.5,0.0038206559685438,0
5852,19.29,27.6,0.0,438.0,0.0038146754523217,0
5853,19.29,27.6,0.0,438.0,0.0038146754523217,0
5854,19.34,27.6,0.0,435.0,0.0038266447580904,0
5855,19.39,27.6,0.0,437.0,0.003838647196703,0
5856,19.39,27.6,0.0,437.5,0.003838647196703,0
5857,19.39,27.5,0.0,437.0,0.0038246535340678,0
5858,19.39,27.55,0.0,431.5,0.0038316502871604,0
5859,19.39,27.6,0.0,432.0,0.003838647196703,0
5860,19.39,27.6,0.0,434.0,0.003838647196703,0
5861,19.39,27.6,0.0,434.0,0.003838647196703,0
5862,19.39,27.6,0.0,438.0,0.003838647196703,0
5863,19.29,27.6,0.0,437.0,0.0038146754523217,0
5864,19.29,27.6,0.0,435.5,0.0038146754523217,0
5865,19.29,27.65,0.0,435.0,0.0038216285559262,0
5866,19.29,27.6,0.0,435.0,0.0038146754523217,0
5867,19.39,27.65,0.0,435.0,0.0038456442627007,0
5868,19.29,27.7,0.0,435.0,0.0038285818140371,0
5869,19.29,27.7,0.0,432.0,0.0038285818140371,0
5870,19.29,27.7,0.0,432.0,0.0038285818140371,0
5871,19.29,27.7,0.0,435.0,0.0038285818140371,0
5872,19.29,27.7,0.0,433.0,0.0038285818140371,0
5873,19.29,27.7,0.0,435.0,0.0038285818140371,0
5874,19.29,27.745,0.0,438.0,0.0038348398784442,0
5875,19.29,27.7,0.0,437.0,0.0038285818140371,0
5876,19.29,27.7,0.0,439.0,0.0038285818140371,0
5877,19.29,27.7,0.0,436.0,0.0038285818140371,0
5878,19.39,27.7,0.0,434.0,0.0038526414851588,0
5879,19.34,27.7,0.0,440.5,0.0038405950215716,0
5880,19.315,27.675,0.0,437.75,0.0038311021333334,0
5881,19.34,27.65,0.0,436.0,0.0038336198120908,0
5882,19.39,27.6,0.0,437.0,0.003838647196703,0
5883,19.39,27.6,0.0,432.0,0.003838647196703,0
5884,19.39,27.6,0.0,437.666666666667,0.003838647196703,0
5885,19.39,27.6,0.0,443.0,0.003838647196703,0
5886,19.39,27.6,0.0,440.25,0.003838647196703,0
5887,19.39,27.6,0.0,437.5,0.003838647196703,0
5888,19.39,27.6,0.0,434.666666666667,0.003838647196703,0
5889,19.39,27.6,0.0,441.0,0.003838647196703,0
5890,19.39,27.6,0.0,440.5,0.003838647196703,0
5891,19.39,27.6,0.0,441.5,0.003838647196703,0
5892,19.39,27.6,0.0,434.333333333333,0.003838647196703,0
5893,19.39,27.6,0.0,431.0,0.003838647196703,0
5894,19.39,27.6,0.0,434.0,0.003838647196703,0
5895,19.39,27.6,0.0,435.0,0.003838647196703,0
5896,19.39,27.6,0.0,441.0,0.003838647196703,0
5897,19.39,27.6,0.0,434.5,0.003838647196703,0
5898,19.39,27.6,0.0,440.333333333333,0.003838647196703,0
5899,19.39,27.6,0.0,434.5,0.003838647196703,0
5900,19.39,27.6,0.0,440.0,0.003838647196703,0
5901,19.39,27.5,0.0,444.0,0.0038246535340678,0
5902,19.39,27.5666666666667,0.0,441.0,0.0038339825729577,0
5903,19.4266666666667,27.5666666666667,0.0,441.666666666667,0.0038427946777083,0
5904,19.39,27.6,0.0,444.0,0.003838647196703,0
5905,19.39,27.55,0.0,444.5,0.0038316502871604,0
5906,19.39,27.5,0.0,443.0,0.0038246535340678,0
5907,19.39,27.5,0.0,437.0,0.0038246535340678,0
5908,19.39,27.5,0.0,436.5,0.0038246535340678,0
5909,19.39,27.5,0.0,437.0,0.0038246535340678,0
5910,19.39,27.5,0.0,437.5,0.0038246535340678,0
5911,19.39,27.5,0.0,439.333333333333,0.0038246535340678,0
5912,19.39,27.5,0.0,440.666666666667,0.0038246535340678,0
5913,19.39,27.5,0.0,442.0,0.0038246535340678,0
5914,19.39,27.5,0.0,441.0,0.0038246535340678,0
5915,19.39,27.5,0.0,439.0,0.0038246535340678,0
5916,19.39,27.5,0.0,436.5,0.0038246535340678,0
5917,19.39,27.5,0.0,437.0,0.0038246535340678,0
5918,19.39,27.5,0.0,445.0,0.0038246535340678,0
5919,19.39,27.5,0.0,449.0,0.0038246535340678,0
5920,19.39,27.5,0.0,443.5,0.0038246535340678,0
5921,19.39,27.5,0.0,442.0,0.0038246535340678,0
5922,19.39,27.5,0.0,445.0,0.0038246535340678,0
5923,19.39,27.445,0.0,443.5,0.0038169572863592,0
5924,19.39,27.39,0.0,444.5,0.0038092612279417,0
5925,19.39,27.39,0.0,442.0,0.0038092612279417,0
5926,19.39,27.39,0.0,442.0,0.0038092612279417,0
5927,19.39,27.39,0.0,444.0,0.0038092612279417,0
5928,19.39,27.39,0.0,435.0,0.0038092612279417,0
5929,19.39,27.39,0.0,434.0,0.0038092612279417,0
5930,19.39,27.39,0.0,441.5,0.0038092612279417,0
5931,19.39,27.39,0.0,443.5,0.0038092612279417,0
5932,19.39,27.39,0.0,441.0,0.0038092612279417,0
5933,19.39,27.39,0.0,444.0,0.0038092612279417,0
5934,19.39,27.39,0.0,444.5,0.0038092612279417,0
5935,19.39,27.39,0.0,445.5,0.0038092612279417,0
5936,19.39,27.445,0.0,447.0,0.0038169572863592,0
5937,19.39,27.445,0.0,445.0,0.0038169572863592,0
5938,19.39,27.39,0.0,447.0,0.0038092612279417,0
5939,19.39,27.39,0.0,449.0,0.0038092612279417,0
5940,19.39,27.39,0.0,449.0,0.0038092612279417,0
5941,19.39,27.39,0.0,453.0,0.0038092612279417,0
5942,19.39,27.39,0.0,452.5,0.0038092612279417,0
5943,19.39,27.4633333333333,0.0,446.0,0.0038195226812294,0
5944,19.39,27.39,0.0,447.0,0.0038092612279417,0
5945,19.39,27.39,0.0,449.0,0.0038092612279417,0
5946,19.445,27.445,0.0,441.5,0.0038301230566418,0
5947,19.39,27.39,0.0,444.0,0.0038092612279417,0
5948,19.445,27.445,0.0,446.0,0.0038301230566418,0
5949,19.39,27.39,0.0,441.333333333333,0.0038092612279417,0
5950,19.39,27.39,0.0,442.666666666667,0.0038092612279417,0
5951,19.39,27.39,0.0,446.0,0.0038092612279417,0
5952,19.39,27.445,0.0,446.0,0.0038169572863592,0
5953,19.39,27.39,0.0,443.0,0.0038092612279417,0
5954,19.4266666666667,27.4633333333333,0.0,444.666666666667,0.0038283013477641,0
5955,19.4266666666667,27.4266666666667,0.0,437.0,0.0038231587146242,0
5956,19.39,27.39,0.0,450.0,0.0038092612279417,0
5957,19.39,27.39,0.0,454.5,0.0038092612279417,0
5958,19.4633333333333,27.4633333333333,0.0,451.0,0.0038370978153546,0
5959,19.39,27.39,0.0,450.5,0.0038092612279417,0
5960,19.39,27.39,0.0,449.0,0.0038092612279417,0
5961,19.5,27.5,0.0,443.5,0.0038510786356862,0
5962,19.39,27.39,0.0,447.5,0.0038092612279417,0
5963,19.5,27.5,0.0,445.0,0.0038510786356862,0
5964,19.445,27.445,0.0,447.5,0.0038301230566418,0
5965,19.4266666666667,27.46,0.0,449.666666666667,0.003827833832168,0
5966,19.4633333333333,27.5666666666667,0.0,450.0,0.0038516246522582,0
5967,19.5,27.6,0.0,451.0,0.0038651695797575,0
5968,19.5,27.6,0.0,454.5,0.0038651695797575,0
5969,19.39,27.5,0.0,455.0,0.0038246535340678,0
5970,19.39,27.39,0.0,454.0,0.0038092612279417,0
5971,19.5,27.5,0.0,452.0,0.0038510786356862,0
5972,19.5,27.525,0.0,451.0,0.0038546013122196,0
5973,19.5,27.55,0.0,447.0,0.0038581240284089,0
5974,19.4633333333333,27.5666666666667,0.0,450.0,0.0038516246522582,0
5975,19.5,27.6,0.0,446.0,0.0038651695797575,0
5976,19.5,27.6,0.0,447.0,0.0038651695797575,0
5977,19.445,27.55,0.0,449.0,0.0038448670491455,0
5978,19.5,27.6,0.0,449.0,0.0038651695797575,0
5979,19.5,27.6,0.0,447.666666666667,0.0038651695797575,0
5980,19.445,27.55,0.0,446.5,0.0038448670491455,0
5981,19.445,27.55,0.0,447.0,0.0038448670491455,0
5982,19.5,27.6,0.0,453.5,0.0038651695797575,0
5983,19.5,27.6,0.0,458.0,0.0038651695797575,0
5984,19.5,27.6,0.0,450.0,0.0038651695797575,0
5985,19.5,27.6,0.0,446.0,0.0038651695797575,0
5986,19.5,27.6,0.0,447.0,0.0038651695797575,0
5987,19.5,27.6,0.0,448.0,0.0038651695797575,0
5988,19.5,27.6,0.0,450.0,0.0038651695797575,0
5989,19.5,27.6,0.0,447.0,0.0038651695797575,0
5990,19.5,27.6,0.0,446.5,0.0038651695797575,0
5991,19.5,27.6,0.0,449.5,0.0038651695797575,0
5992,19.5,27.6,0.0,447.5,0.0038651695797575,0
5993,19.5,27.6,0.0,447.0,0.0038651695797575,0
5994,19.5,27.6,0.0,447.0,0.0038651695797575,0
5995,19.5,27.6,0.0,450.0,0.0038651695797575,0
5996,19.5,27.6,0.0,454.0,0.0038651695797575,0
5997,19.5,27.6,0.0,447.0,0.0038651695797575,0
5998,19.5,27.6,0.0,447.5,0.0038651695797575,0
5999,19.5,27.6,0.0,448.5,0.0038651695797575,0
6000,19.5,27.6,0.0,445.5,0.0038651695797575,0
6001,19.5,27.6,0.0,444.0,0.0038651695797575,0
6002,19.5,27.6,0.0,444.5,0.0038651695797575,0
6003,19.5,27.6,0.0,449.5,0.0038651695797575,0
6004,19.5,27.6,0.0,456.0,0.0038651695797575,0
6005,19.5,27.6,0.0,451.5,0.0038651695797575,0
6006,19.5,27.6,0.0,447.666666666667,0.0038651695797575,0
6007,19.5,27.6,0.0,447.5,0.0038651695797575,0
6008,19.5,27.6,0.0,450.0,0.0038651695797575,0
6009,19.5,27.6,0.0,449.0,0.0038651695797575,0
6010,19.5,27.6,0.0,442.0,0.0038651695797575,0
6011,19.5,27.6,0.0,444.0,0.0038651695797575,0
6012,19.5,27.6,0.0,447.5,0.0038651695797575,0
6013,19.6,27.6,0.0,451.0,0.0038894210396409,0
6014,19.5,27.6,0.0,444.0,0.0038651695797575,0
6015,19.5,27.6,0.0,445.666666666667,0.0038651695797575,0
6016,19.5,27.7,0.0,450.0,0.003879261158354,0
6017,19.5,27.7,0.0,446.666666666667,0.003879261158354,0
6018,19.5,27.6,0.0,452.0,0.0038651695797575,0
6019,19.5,27.7,0.0,455.0,0.003879261158354,0
6020,19.5,27.7,0.0,453.0,0.003879261158354,0
6021,19.5,27.7,0.0,446.0,0.003879261158354,0
6022,19.5,27.65,0.0,449.0,0.0038722152897374,0
6023,19.5,27.7,0.0,451.0,0.003879261158354,0
6024,19.5,27.6,0.0,451.0,0.0038651695797575,0
6025,19.5,27.7,0.0,445.5,0.003879261158354,0
6026,19.5,27.65,0.0,443.0,0.0038722152897374,0
6027,19.5,27.7,0.0,450.0,0.003879261158354,0
6028,19.5,27.7,0.0,455.5,0.003879261158354,0
6029,19.5,27.7,0.0,456.0,0.003879261158354,0
6030,19.5,27.65,0.0,454.0,0.0038722152897374,0
6031,19.5,27.7,0.0,450.5,0.003879261158354,0
6032,19.5,27.7,0.0,450.75,0.003879261158354,0
6033,19.5,27.7,0.0,452.0,0.003879261158354,0
6034,19.5,27.7,0.0,452.0,0.003879261158354,0
6035,19.5,27.7,0.0,454.0,0.003879261158354,0
6036,19.5,27.7,0.0,453.0,0.003879261158354,0
6037,19.5,27.7,0.0,452.0,0.003879261158354,0
6038,19.5,27.7,0.0,447.333333333333,0.003879261158354,0
6039,19.5,27.7,0.0,444.0,0.003879261158354,0
6040,19.5,27.7,0.0,446.0,0.003879261158354,0
6041,19.5,27.7,0.0,447.666666666667,0.003879261158354,0
6042,19.5,27.7,0.0,448.0,0.003879261158354,0
6043,19.5,27.7,0.0,447.0,0.003879261158354,0
6044,19.5,27.7,0.0,443.0,0.003879261158354,0
6045,19.5,27.7,0.0,442.5,0.003879261158354,0
6046,19.5,27.7,0.0,445.666666666667,0.003879261158354,0
6047,19.5,27.7,0.0,453.0,0.003879261158354,0
6048,19.5,27.7,0.0,452.0,0.003879261158354,0
6049,19.5,27.745,0.0,450.0,0.0038856025757478,0
6050,19.5,27.79,0.0,451.0,0.0038919441216455,0
6051,19.5,27.7,0.0,447.0,0.003879261158354,0
6052,19.5,27.745,0.0,451.0,0.0038856025757478,0
6053,19.5,27.745,0.0,450.0,0.0038856025757478,0
6054,19.5,27.7,0.0,448.0,0.003879261158354,0
6055,19.5,27.7,0.0,452.0,0.003879261158354,0
6056,19.5,27.745,0.0,454.0,0.0038856025757478,0
6057,19.5,27.79,0.0,454.5,0.0038919441216455,0
6058,19.5,27.745,0.0,451.5,0.0038856025757478,0
6059,19.5,27.79,0.0,452.0,0.0038919441216455,0
6060,19.5,27.79,0.0,454.0,0.0038919441216455,0
6061,19.5,27.79,0.0,453.5,0.0038919441216455,0
6062,19.5,27.79,0.0,454.0,0.0038919441216455,0
6063,19.5,27.79,0.0,450.0,0.0038919441216455,0
6064,19.5,27.79,0.0,448.0,0.0038919441216455,0
6065,19.5,27.79,0.0,444.0,0.0038919441216455,0
6066,19.5,27.79,0.0,447.5,0.0038919441216455,0
6067,19.5,27.7,0.0,451.0,0.003879261158354,0
6068,19.5,27.79,0.0,449.0,0.0038919441216455,0
6069,19.5,27.79,0.0,448.333333333333,0.0038919441216455,0
6070,19.5,27.79,0.0,456.5,0.0038919441216455,0
6071,19.5,27.79,0.0,452.0,0.0038919441216455,0
6072,19.5,27.79,0.0,447.0,0.0038919441216455,0
6073,19.5,27.79,0.0,449.5,0.0038919441216455,0
6074,19.5,27.79,0.0,452.0,0.0038919441216455,0
6075,19.5,27.79,0.0,451.0,0.0038919441216455,0
6076,19.5,27.745,0.0,450.5,0.0038856025757478,0
6077,19.5,27.7,0.0,449.0,0.003879261158354,0
6078,19.5,27.7,0.0,449.0,0.003879261158354,0
6079,19.5,27.7,0.0,453.0,0.003879261158354,0
6080,19.5,27.7,0.0,447.5,0.003879261158354,0
6081,19.5,27.7,0.0,450.5,0.003879261158354,0
6082,19.5,27.7,0.0,453.0,0.003879261158354,0
6083,19.5,27.7,0.0,447.0,0.003879261158354,0
6084,19.5,27.7,0.0,447.666666666667,0.003879261158354,0
6085,19.5,27.6666666666667,0.0,452.666666666667,0.0038745638949831,0
6086,19.5,27.6,0.0,452.0,0.0038651695797575,0
6087,19.5,27.6,0.0,454.0,0.0038651695797575,0
6088,19.5,27.6,0.0,448.0,0.0038651695797575,0
6089,19.5,27.6,0.0,453.5,0.0038651695797575,0
6090,19.5,27.6,0.0,451.0,0.0038651695797575,0
6091,19.4633333333333,27.5666666666667,0.0,447.0,0.0038516246522582,0
6092,19.5,27.6,0.0,452.333333333333,0.0038651695797575,0
6093,19.5,27.6,0.0,455.666666666667,0.0038651695797575,0
6094,19.5,27.55,0.0,446.0,0.0038581240284089,0
6095,19.4633333333333,27.4966666666667,0.0,448.333333333333,0.0038417838180917,0
6096,19.5,27.5,0.0,452.5,0.0038510786356862,0
6097,19.5,27.5,0.0,455.0,0.0038510786356862,0
6098,19.5,27.4266666666667,0.0,451.333333333333,0.0038407456799519,0
6099,19.5,27.39,0.0,450.333333333333,0.0038355793300334,0
6100,19.5,27.39,0.0,451.0,0.0038355793300334,0
6101,19.5,27.39,0.0,449.5,0.0038355793300334,0
6102,19.5,27.39,0.0,448.5,0.0038355793300334,0
6103,19.5,27.34,0.0,447.5,0.0038285344448779,0
6104,19.5,27.29,0.0,447.0,0.0038214897183258,0
6105,19.5,27.29,0.0,450.0,0.0038214897183258,0
6106,19.5,27.2,0.0,459.0,0.0038088096101958,0
6107,19.5,27.2,0.0,453.0,0.0038088096101958,0
6108,19.5,27.2,0.0,454.333333333333,0.0038088096101958,0
6109,19.5,27.2,0.0,455.5,0.0038088096101958,0
6110,19.5,27.2,0.0,457.666666666667,0.0038088096101958,0
6111,19.5,27.2,0.0,452.0,0.0038088096101958,0
6112,19.5,27.2,0.0,452.666666666667,0.0038088096101958,0
6113,19.5,27.2,0.0,453.0,0.0038088096101958,0
6114,19.5,27.2,0.0,460.0,0.0038088096101958,0
6115,19.5,27.2,0.0,455.0,0.0038088096101958,0
6116,19.5,27.2,0.0,453.0,0.0038088096101958,0
6117,19.5,27.2,0.0,454.5,0.0038088096101958,0
6118,19.5,27.2,0.0,450.5,0.0038088096101958,0
6119,19.5,27.1666666666667,0.0,452.666666666667,0.0038041134042479,0
6120,19.5,27.1,0.0,454.0,0.0037947212037972,0
6121,19.5,27.1,0.0,448.0,0.0037947212037972,0
6122,19.5,27.1,0.0,454.0,0.0037947212037972,0
6123,19.5,27.1,0.0,459.5,0.0037947212037972,0
6124,19.5,27.1,0.0,462.0,0.0037947212037972,0
6125,19.5,27.1,0.0,461.0,0.0037947212037972,0
6126,19.5,27.0,0.0,456.0,0.0037806334317097,0
6127,19.5,27.1,0.0,456.0,0.0037947212037972,0
6128,19.5,27.1,0.0,459.0,0.0037947212037972,0
6129,19.5,27.1,0.0,458.0,0.0037947212037972,0
6130,19.5,27.1,0.0,459.0,0.0037947212037972,0
6131,19.5,27.1,0.0,459.0,0.0037947212037972,0
6132,19.5,27.1,0.0,458.0,0.0037947212037972,0
6133,19.5,27.1,0.0,457.0,0.0037947212037972,0
6134,19.5,27.0,0.0,458.0,0.0037806334317097,0
6135,19.5,27.0,0.0,456.5,0.0037806334317097,0
6136,19.5,27.0,0.0,455.0,0.0037806334317097,0
6137,19.5,27.1,0.0,460.0,0.0037947212037972,0
6138,19.5,27.05,0.0,456.5,0.0037876772384673,0
6139,19.5,27.0,0.0,456.5,0.0037806334317097,0
6140,19.5,27.0,0.0,456.0,0.0037806334317097,0
6141,19.5,27.0,0.0,461.0,0.0037806334317097,0
6142,19.5,27.0333333333333,0.0,459.0,0.0037853292852625,0
6143,19.5,27.05,0.0,456.5,0.0037876772384673,0
6144,19.5,27.0333333333333,0.0,454.666666666667,0.0037853292852625,0
6145,19.5,27.0,0.0,456.0,0.0037806334317097,0
6146,19.5,27.0,0.0,461.0,0.0037806334317097,0
6147,19.5,27.0,0.0,458.0,0.0037806334317097,0
6148,19.5,27.0,0.0,460.0,0.0037806334317097,0
6149,19.5,27.0,0.0,462.0,0.0037806334317097,0
6150,19.5,27.0,0.0,462.0,0.0037806334317097,0
6151,19.5,27.0,0.0,451.5,0.0037806334317097,0
6152,19.5,26.945,0.0,456.5,0.0037728854274212,0
6153,19.5,26.89,0.0,459.0,0.0037651376149917,0
6154,19.5,26.89,0.0,452.0,0.0037651376149917,0
6155,19.5,26.89,0.0,455.333333333333,0.0037651376149917,0
6156,19.5,26.89,0.0,467.5,0.0037651376149917,0
6157,19.5,26.89,0.0,464.5,0.0037651376149917,0
6158,19.5,26.89,0.0,459.333333333333,0.0037651376149917,0
6159,19.5,26.89,0.0,457.0,0.0037651376149917,0
6160,19.5,26.89,0.0,458.0,0.0037651376149917,0
6161,19.5,26.89,0.0,457.0,0.0037651376149917,0
6162,19.4266666666667,26.89,0.0,460.0,0.0037478989360763,0
6163,19.39,26.89,0.0,466.0,0.0037393057416832,0
6164,19.445,26.89,0.0,463.0,0.0037522020638253,0
6165,19.445,26.89,0.0,459.5,0.0037522020638253,0
6166,19.39,26.79,0.0,463.0,0.0037253165211672,0
6167,19.445,26.89,0.0,462.5,0.0037522020638253,0
6168,19.39,26.84,0.0,461.0,0.0037323110532375,0
6169,19.39,26.84,0.0,463.5,0.0037323110532375,0
6170,19.39,26.79,0.0,462.5,0.0037253165211672,0
6171,19.39,26.79,0.0,462.5,0.0037253165211672,0
6172,19.39,26.84,0.0,459.0,0.0037323110532375,0
6173,19.39,26.79,0.0,464.0,0.0037253165211672,0
6174,19.39,26.84,0.0,461.0,0.0037323110532375,0
6175,19.39,26.79,0.0,464.0,0.0037253165211672,0
6176,19.39,26.79,0.0,468.333333333333,0.0037253165211672,0
6177,19.39,26.79,0.0,467.0,0.0037253165211672,0
6178,19.39,26.79,0.0,459.0,0.0037253165211672,0
6179,19.39,26.79,0.0,462.0,0.0037253165211672,0
6180,19.39,26.79,0.0,458.0,0.0037253165211672,0
6181,19.39,26.79,0.0,458.0,0.0037253165211672,0
6182,19.39,26.8233333333333,0.0,459.666666666667,0.0037299795251726,0
6183,19.39,26.79,0.0,462.0,0.0037253165211672,0
6184,19.39,26.79,0.0,462.0,0.0037253165211672,0
6185,19.39,26.8233333333333,0.0,461.333333333333,0.0037299795251726,0
6186,19.39,26.89,0.0,461.0,0.0037393057416832,0
6187,19.39,26.89,0.0,461.0,0.0037393057416832,0
6188,19.39,26.89,0.0,460.0,0.0037393057416832,0
6189,19.39,26.89,0.0,459.666666666667,0.0037393057416832,0
6190,19.39,26.89,0.0,462.5,0.0037393057416832,0
6191,19.39,27.0,0.0,462.5,0.0037546946067311,0
6192,19.5,27.0,0.0,463.0,0.0037806334317097,0
6193,19.39,26.89,0.0,464.0,0.0037393057416832,0
6194,19.39,27.0,0.0,466.0,0.0037546946067311,0
6195,19.39,27.0,0.0,463.0,0.0037546946067311,0
6196,19.39,27.0,0.0,461.0,0.0037546946067311,0
6197,19.39,27.0666666666667,0.0,465.333333333333,0.0037640215599955,0
6198,19.39,27.1,0.0,462.0,0.0037686851408931,0
6199,19.39,27.1,0.0,458.0,0.0037686851408931,0
6200,19.39,27.1,0.0,457.0,0.0037686851408931,0
6201,19.39,27.1,0.0,460.5,0.0037686851408931,0
6202,19.39,27.1,0.0,457.0,0.0037686851408931,0
6203,19.39,27.1,0.0,459.0,0.0037686851408931,0
6204,19.39,27.1,0.0,467.5,0.0037686851408931,0
6205,19.39,27.1,0.0,468.5,0.0037686851408931,0
6206,19.5,27.2,0.0,464.5,0.0038088096101958,0
6207,19.4633333333333,27.2,0.0,462.666666666667,0.0038000808605205,0
6208,19.39,27.2,0.0,458.0,0.0037826763006657,0
6209,19.445,27.2,0.0,458.5,0.0037957231089055,0
6210,19.39,27.2,0.0,458.5,0.0037826763006657,0
6211,19.4633333333333,27.23,0.0,462.333333333333,0.0038042977609384,0
6212,19.5,27.29,0.0,464.0,0.0038214897183258,0
6213,19.39,27.2,0.0,464.0,0.0037826763006657,0
6214,19.4633333333333,27.26,0.0,459.0,0.0038085147181872,0
6215,19.39,27.2,0.0,460.0,0.0037826763006657,0
6216,19.5,27.29,0.0,465.0,0.0038214897183258,0
6217,19.39,27.2,0.0,466.5,0.0037826763006657,0
6218,19.445,27.2,0.0,467.0,0.0037957231089055,0
6219,19.5,27.29,0.0,459.0,0.0038214897183258,0
6220,19.4633333333333,27.26,0.0,456.666666666667,0.0038085147181872,0
6221,19.445,27.245,0.0,459.5,0.0038020411831394,0
6222,19.445,27.245,0.0,464.0,0.0038020411831394,0
6223,19.445,27.2,0.0,465.0,0.0037957231089055,0
6224,19.5,27.29,0.0,464.0,0.0038214897183258,0
6225,19.445,27.245,0.0,463.0,0.0038020411831394,0
6226,19.39,27.2,0.0,462.0,0.0037826763006657,0
6227,19.39,27.2,0.0,461.0,0.0037826763006657,0
6228,19.39,27.2,0.0,460.0,0.0037826763006657,0
6229,19.39,27.2,0.0,459.0,0.0037826763006657,0
6230,19.39,27.2,0.0,464.5,0.0037826763006657,0
6231,19.39,27.2,0.0,465.5,0.0037826763006657,0
6232,19.39,27.2,0.0,463.0,0.0037826763006657,0
6233,19.39,27.2,0.0,462.333333333333,0.0037826763006657,0
6234,19.39,27.2,0.0,463.0,0.0037826763006657,0
6235,19.39,27.2,0.0,466.0,0.0037826763006657,0
6236,19.39,27.2,0.0,466.0,0.0037826763006657,0
6237,19.34,27.2,0.0,462.5,0.0037708499227621,0
6238,19.34,27.2,0.0,457.0,0.0037708499227621,0
6239,19.39,27.2,0.0,458.666666666667,0.0037826763006657,0
6240,19.29,27.2,0.0,464.0,0.0037590561850982,0
6241,19.34,27.2,0.0,467.0,0.0037708499227621,0
6242,19.3566666666667,27.2,0.0,464.333333333333,0.0037747884181893,0
6243,19.39,27.2,0.0,457.0,0.0037826763006657,0
6244,19.39,27.2,0.0,456.0,0.0037826763006657,0
6245,19.39,27.2,0.0,464.0,0.0037826763006657,0
6246,19.39,27.1666666666667,0.0,468.0,0.0037780125112266,0
6247,19.39,27.1,0.0,468.5,0.0037686851408931,0
6248,19.39,27.1,0.0,466.0,0.0037686851408931,0
6249,19.39,27.1,0.0,465.0,0.0037686851408931,0
6250,19.39,27.1,0.0,470.0,0.0037686851408931,0
6251,19.39,27.1,0.0,466.5,0.0037686851408931,0
6252,19.39,27.1,0.0,467.5,0.0037686851408931,0
6253,19.39,27.1,0.0,465.0,0.0037686851408931,0
6254,19.39,27.1,0.0,464.5,0.0037686851408931,0
6255,19.39,27.05,0.0,466.0,0.0037616897956134,0
6256,19.39,27.0333333333333,0.0,464.666666666667,0.0037593580486087,0
6257,19.39,27.05,0.0,464.5,0.0037616897956134,0
6258,19.39,27.0,0.0,467.5,0.0037546946067311,0
6259,19.445,26.995,0.0,470.0,0.0037669423850179,0
6260,19.39,26.89,0.0,472.0,0.0037393057416832,0
6261,19.39,26.89,0.0,472.0,0.0037393057416832,0
6262,19.39,26.89,0.0,471.0,0.0037393057416832,0
6263,19.39,26.89,0.0,463.5,0.0037393057416832,0
6264,19.39,26.89,0.0,467.0,0.0037393057416832,0
6265,19.39,26.89,0.0,466.0,0.0037393057416832,0
6266,19.39,26.89,0.0,470.5,0.0037393057416832,0
6267,19.39,26.89,0.0,469.0,0.0037393057416832,0
6268,19.39,26.89,0.0,467.0,0.0037393057416832,0
6269,19.39,26.89,0.0,471.0,0.0037393057416832,0
6270,19.39,26.89,0.0,473.0,0.0037393057416832,0
6271,19.39,26.84,0.0,473.0,0.0037323110532375,0
6272,19.39,26.89,0.0,474.0,0.0037393057416832,0
6273,19.39,26.8233333333333,0.0,466.0,0.0037299795251726,0
6274,19.39,26.815,0.0,467.0,0.0037288137676558,0
6275,19.39,26.79,0.0,469.0,0.0037253165211672,0
6276,19.39,26.79,0.0,471.0,0.0037253165211672,0
6277,19.39,26.79,0.0,471.0,0.0037253165211672,0
6278,19.39,26.745,0.0,472.5,0.0037190215760006,0
6279,19.39,26.745,0.0,472.0,0.0037190215760006,0
6280,19.39,26.7,0.0,472.0,0.00371272675749,0
6281,19.39,26.7,0.0,472.0,0.00371272675749,0
6282,19.39,26.7,0.0,471.0,0.00371272675749,0
6283,19.39,26.7,0.0,468.0,0.00371272675749,0
6284,19.39,26.7,0.0,470.0,0.00371272675749,0
6285,19.39,26.7,0.0,469.0,0.00371272675749,0
6286,19.39,26.7,0.0,470.333333333333,0.00371272675749,0
6287,19.39,26.7,0.0,471.0,0.00371272675749,0
6288,19.39,26.7,0.0,471.5,0.00371272675749,0
6289,19.39,26.7,0.0,470.0,0.00371272675749,0
6290,19.39,26.7,0.0,468.0,0.00371272675749,0
6291,19.39,26.7,0.0,469.0,0.00371272675749,0
6292,19.39,26.65,0.0,472.0,0.0037057326632429,0
6293,19.39,26.7,0.0,474.0,0.00371272675749,0
6294,19.39,26.7,0.0,468.0,0.00371272675749,0
6295,19.39,26.65,0.0,470.5,0.0037057326632429,0
6296,19.39,26.7,0.0,470.5,0.00371272675749,0
6297,19.39,26.65,0.0,468.0,0.0037057326632429,0
6298,19.445,26.65,0.0,468.5,0.0037185125086313,0
6299,19.39,26.65,0.0,469.0,0.0037057326632429,0
6300,19.39,26.6666666666667,0.0,471.333333333333,0.0037080640106188,0
6301,19.39,26.6,0.0,470.5,0.0036987387253513,0
6302,19.39,26.6,0.0,472.0,0.0036987387253513,0
6303,19.4633333333333,26.6666666666667,0.0,467.666666666667,0.0037251232265529,0
6304,19.445,26.65,0.0,464.0,0.0037185125086313,0
6305,19.39,26.6,0.0,467.5,0.0036987387253513,0
6306,19.5,26.7,0.0,472.0,0.0037383739208854,0
6307,19.5,26.7,0.0,473.0,0.0037383739208854,0
6308,19.4266666666667,26.6333333333333,0.0,475.666666666667,0.0037119115272534,0
6309,19.39,26.6666666666667,0.0,470.666666666667,0.0037080640106188,0
6310,19.445,26.7,0.0,468.5,0.0037255308668098,0
6311,19.39,26.7,0.0,470.0,0.00371272675749,0
6312,19.39,26.7,0.0,469.0,0.00371272675749,0
6313,19.39,26.7,0.0,468.0,0.00371272675749,0
6314,19.39,26.7,0.0,465.333333333333,0.00371272675749,0
6315,19.39,26.7,0.0,464.0,0.00371272675749,0
6316,19.39,26.7,0.0,469.666666666667,0.00371272675749,0
6317,19.39,26.7,0.0,471.0,0.00371272675749,0
6318,19.39,26.7,0.0,473.333333333333,0.00371272675749,0
6319,19.39,26.7,0.0,472.0,0.00371272675749,0
6320,19.39,26.7,0.0,472.0,0.00371272675749,0
6321,19.39,26.73,0.0,469.333333333333,0.003716923289091,0
6322,19.39,26.7,0.0,467.0,0.00371272675749,0
6323,19.3566666666667,26.73,0.0,472.333333333333,0.0037091733317683,0
6324,19.3566666666667,26.79,0.0,464.666666666667,0.0037175489595929,0
6325,19.29,26.79,0.0,464.5,0.0037020566954088,0
6326,19.29,26.79,0.0,464.0,0.0037020566954088,0
6327,19.34,26.84,0.0,472.0,0.0037206430763758,0
6328,19.29,26.79,0.0,471.0,0.0037020566954088,0
6329,19.29,26.79,0.0,466.0,0.0037020566954088,0
6330,19.29,26.79,0.0,467.666666666667,0.0037020566954088,0
6331,19.29,26.79,0.0,470.0,0.0037020566954088,0
6332,19.29,26.79,0.0,469.0,0.0037020566954088,0
6333,19.29,26.8566666666667,0.0,467.666666666667,0.0037113241981489,0
6334,19.29,26.84,0.0,472.0,0.0037090072967269,0
6335,19.29,26.79,0.0,473.0,0.0037020566954088,0
6336,19.34,26.79,0.0,472.0,0.0037136705404355,0
6337,19.34,26.79,0.0,472.0,0.0037136705404355,0
6338,19.34,26.79,0.0,471.0,0.0037136705404355,0
6339,19.39,26.79,0.0,467.0,0.0037253165211672,0
6340,19.34,26.79,0.0,471.0,0.0037136705404355,0
6341,19.29,26.79,0.0,474.0,0.0037020566954088,0
6342,19.39,26.7,0.0,478.0,0.00371272675749,0
6343,19.39,26.7,0.0,472.0,0.00371272675749,0
6344,19.39,26.7,0.0,475.0,0.00371272675749,0
6345,19.39,26.7,0.0,476.0,0.00371272675749,0
6346,19.39,26.7,0.0,472.0,0.00371272675749,0
6347,19.39,26.7,0.0,479.0,0.00371272675749,0
6348,19.39,26.7,0.0,479.0,0.00371272675749,0
6349,19.39,26.6666666666667,0.0,471.0,0.0037080640106188,0
6350,19.39,26.7,0.0,466.0,0.00371272675749,0
6351,19.39,26.65,0.0,466.5,0.0037057326632429,0
6352,19.39,26.7,0.0,469.0,0.00371272675749,0
6353,19.34,26.7,0.0,471.0,0.0037011203673251,0
6354,19.34,26.7,0.0,469.0,0.0037011203673251,0
6355,19.34,26.7,0.0,468.5,0.0037011203673251,0
6356,19.39,26.7,0.0,468.0,0.00371272675749,0
6357,19.29,26.7,0.0,470.5,0.0036895460021657,0
6358,19.39,26.7,0.0,472.0,0.00371272675749,0
6359,19.39,26.7,0.0,474.0,0.00371272675749,0
6360,19.39,26.6,0.0,466.0,0.0036987387253513,0
6361,19.39,26.65,0.0,466.0,0.0037057326632429,0
6362,19.39,26.7,0.0,466.0,0.00371272675749,0
6363,19.3566666666667,26.6,0.0,468.0,0.0036910269073466,0
6364,19.39,26.6,0.0,471.333333333333,0.0036987387253513,0
6365,19.39,26.6666666666667,0.0,471.666666666667,0.0037080640106188,0
6366,19.34,26.65,0.0,469.5,0.0036941482664669,0
6367,19.39,26.7,0.0,473.0,0.00371272675749,0
6368,19.39,26.7,0.0,472.0,0.00371272675749,0
6369,19.29,26.7,0.0,468.0,0.0036895460021657,0
6370,19.34,26.7,0.0,465.0,0.0037011203673251,0
6371,19.39,26.7,0.0,467.0,0.00371272675749,0
6372,19.34,26.7,0.0,471.5,0.0037011203673251,0
6373,19.39,26.7,0.0,467.0,0.00371272675749,0
6374,19.3566666666667,26.7,0.0,472.0,0.0037049856019403,0
6375,19.39,26.7,0.0,468.0,0.00371272675749,0
6376,19.39,26.7,0.0,468.0,0.00371272675749,0
6377,19.39,26.7,0.0,466.0,0.00371272675749,0
6378,19.39,26.7,0.0,469.666666666667,0.00371272675749,0
6379,19.39,26.7,0.0,467.0,0.00371272675749,0
6380,19.39,26.7,0.0,464.0,0.00371272675749,0
6381,19.39,26.7,0.0,469.5,0.00371272675749,0
6382,19.39,26.7,0.0,473.0,0.00371272675749,0
6383,19.39,26.7,0.0,468.0,0.00371272675749,0
6384,19.29,26.7,0.0,466.5,0.0036895460021657,0
6385,19.39,26.7,0.0,462.5,0.00371272675749,0
6386,19.39,26.7,0.0,473.0,0.00371272675749,0
6387,19.29,26.7,0.0,472.5,0.0036895460021657,0
6388,19.29,26.7,0.0,471.0,0.0036895460021657,0
6389,19.29,26.7,0.0,473.5,0.0036895460021657,0
6390,19.29,26.7,0.0,470.0,0.0036895460021657,0
6391,19.29,26.7,0.0,471.0,0.0036895460021657,0
6392,19.29,26.79,0.0,470.0,0.0037020566954088,0
6393,19.29,26.79,0.0,470.0,0.0037020566954088,0
6394,19.29,26.79,0.0,470.5,0.0037020566954088,0
6395,19.29,26.79,0.0,469.0,0.0037020566954088,0
6396,19.29,26.79,0.0,470.5,0.0037020566954088,0
6397,19.29,26.79,0.0,467.0,0.0037020566954088,0
6398,19.29,26.79,0.0,469.0,0.0037020566954088,0
6399,19.29,26.79,0.0,470.5,0.0037020566954088,0
6400,19.29,26.79,0.0,466.0,0.0037020566954088,0
6401,19.29,26.79,0.0,466.0,0.0037020566954088,0
6402,19.29,26.79,0.0,466.0,0.0037020566954088,0
6403,19.29,26.79,0.0,469.5,0.0037020566954088,0
6404,19.29,26.89,0.0,469.0,0.003715958052468,0
6405,19.29,26.79,0.0,461.0,0.0037020566954088,0
6406,19.29,26.89,0.0,465.0,0.003715958052468,0
6407,19.29,26.89,0.0,470.5,0.003715958052468,0
6408,19.29,26.89,0.0,471.5,0.003715958052468,0
6409,19.29,26.89,0.0,469.0,0.003715958052468,0
6410,19.29,26.89,0.0,473.0,0.003715958052468,0
6411,19.29,26.89,0.0,467.0,0.003715958052468,0
6412,19.29,26.89,0.0,468.0,0.003715958052468,0
6413,19.29,26.89,0.0,463.0,0.003715958052468,0
6414,19.29,26.89,0.0,463.666666666667,0.003715958052468,0
6415,19.29,26.89,0.0,458.0,0.003715958052468,0
6416,19.29,26.89,0.0,459.0,0.003715958052468,0
6417,19.34,26.89,0.0,462.5,0.0037276157677124,0
6418,19.3233333333333,26.89,0.0,459.666666666667,0.0037237262821277,0
6419,19.29,26.89,0.0,466.0,0.003715958052468,0
6420,19.29,26.89,0.0,466.0,0.003715958052468,0
6421,19.29,26.89,0.0,465.5,0.003715958052468,0
6422,19.29,26.89,0.0,466.5,0.003715958052468,0
6423,19.29,26.89,0.0,467.5,0.003715958052468,0
6424,19.29,26.89,0.0,466.0,0.003715958052468,0
6425,19.29,26.89,0.0,463.0,0.003715958052468,0
6426,19.29,26.89,0.0,465.333333333333,0.003715958052468,0
6427,19.29,26.89,0.0,465.0,0.003715958052468,0
6428,19.29,26.89,0.0,466.0,0.003715958052468,0
6429,19.29,26.79,0.0,465.0,0.0037020566954088,0
6430,19.39,26.79,0.0,468.0,0.0037253165211672,0
6431,19.34,26.79,0.0,461.5,0.0037136705404355,0
6432,19.39,26.79,0.0,460.0,0.0037253165211672,0
6433,19.39,26.79,0.0,462.5,0.0037253165211672,0
6434,19.39,26.79,0.0,468.0,0.0037253165211672,0
6435,19.39,26.79,0.0,467.5,0.0037253165211672,0
6436,19.39,26.745,0.0,461.0,0.0037190215760006,0
6437,19.39,26.7,0.0,464.0,0.00371272675749,0
6438,19.39,26.745,0.0,467.0,0.0037190215760006,0
6439,19.39,26.745,0.0,468.0,0.0037190215760006,0
6440,19.39,26.7,0.0,465.0,0.00371272675749,0
6441,19.39,26.7,0.0,465.0,0.00371272675749,0
6442,19.39,26.7,0.0,458.0,0.00371272675749,0
6443,19.39,26.7,0.0,461.0,0.00371272675749,0
6444,19.39,26.7,0.0,466.0,0.00371272675749,0
6445,19.445,26.745,0.0,464.5,0.0037318475237852,0
6446,19.445,26.7,0.0,459.5,0.0037255308668098,0
6447,19.39,26.7,0.0,457.333333333333,0.00371272675749,0
6448,19.5,26.7,0.0,461.0,0.0037383739208854,0
6449,19.5,26.7,0.0,460.0,0.0037383739208854,0
6450,19.445,26.745,0.0,460.5,0.0037318475237852,0
6451,19.5,26.7,0.0,461.0,0.0037383739208854,0
6452,19.5,26.7,0.0,459.0,0.0037383739208854,0
6453,19.5,26.7,0.0,460.5,0.0037383739208854,0
6454,19.5,26.7,0.0,460.333333333333,0.0037383739208854,0
6455,19.5,26.7,0.0,463.0,0.0037383739208854,0
6456,19.5,26.7,0.0,466.0,0.0037383739208854,0
6457,19.5,26.7,0.0,466.5,0.0037383739208854,0
6458,19.5,26.7,0.0,463.5,0.0037383739208854,0
6459,19.5,26.7,0.0,461.5,0.0037383739208854,0
6460,19.6,26.7,0.0,461.0,0.0037618250375383,0
6461,19.5,26.7,0.0,456.0,0.0037383739208854,0
6462,19.5,26.7,0.0,460.0,0.0037383739208854,0
6463,19.5,26.7,0.0,461.0,0.0037383739208854,0
6464,19.5,26.7,0.0,461.0,0.0037383739208854,0
6465,19.5,26.745,0.0,465.0,0.0037447124836431,0
6466,19.5,26.7,0.0,466.0,0.0037383739208854,0
6467,19.5,26.7,0.0,460.0,0.0037383739208854,0
6468,19.5,26.79,0.0,459.0,0.003751051174818,0
6469,19.5,26.79,0.0,457.333333333333,0.003751051174818,0
6470,19.5,26.89,0.0,456.0,0.0037651376149917,0
6471,19.4633333333333,26.8566666666667,0.0,462.333333333333,0.0037518248245096,0
6472,19.39,26.79,0.0,462.0,0.0037253165211672,0
6473,19.4266666666667,26.8566666666667,0.0,464.333333333333,0.003743225012726,0
6474,19.39,26.84,0.0,458.5,0.0037323110532375,0
6475,19.39,26.84,0.0,461.0,0.0037323110532375,0
6476,19.39,26.84,0.0,461.5,0.0037323110532375,0
6477,19.39,26.84,0.0,465.0,0.0037323110532375,0
6478,19.39,26.79,0.0,465.0,0.0037253165211672,0
6479,19.39,26.79,0.0,461.0,0.0037253165211672,0
6480,19.39,26.76,0.0,461.0,0.0037211198769831,0
6481,19.39,26.7,0.0,460.0,0.00371272675749,0
6482,19.39,26.79,0.0,462.0,0.0037253165211672,0
6483,19.39,26.79,0.0,465.333333333333,0.0037253165211672,0
6484,19.39,26.79,0.0,465.0,0.0037253165211672,0
6485,19.39,26.79,0.0,466.5,0.0037253165211672,0
6486,19.39,26.79,0.0,462.666666666667,0.0037253165211672,0
6487,19.39,26.79,0.0,460.0,0.0037253165211672,0
6488,19.39,26.79,0.0,457.0,0.0037253165211672,0
6489,19.39,26.7,0.0,463.5,0.00371272675749,0
6490,19.39,26.7,0.0,466.0,0.00371272675749,0
6491,19.445,26.795,0.0,466.5,0.0037388661811124,0
6492,19.39,26.7,0.0,467.333333333333,0.00371272675749,0
6493,19.39,26.7,0.0,469.5,0.00371272675749,0
6494,19.445,26.7,0.0,462.0,0.0037255308668098,0
6495,19.4266666666667,26.6666666666667,0.0,460.0,0.0037165849828281,0
6496,19.5,26.6,0.0,463.0,0.0037242886856138,0
6497,19.5,26.65,0.0,459.0,0.0037313312239848,0
6498,19.5,26.5,0.0,460.0,0.0037102040844392,0
6499,19.5,26.5666666666667,0.0,453.0,0.0037195937481025,0
6500,19.5,26.55,0.0,461.666666666667,0.0037172463057671,0
6501,19.5,26.5,0.0,463.0,0.0037102040844392,0
6502,19.5,26.5,0.0,467.0,0.0037102040844392,0
6503,19.5,26.5,0.0,464.5,0.0037102040844392,0
6504,19.5,26.5,0.0,470.0,0.0037102040844392,0
6505,19.5,26.5,0.0,466.5,0.0037102040844392,0
6506,19.445,26.445,0.0,465.0,0.0036897388860667,0
6507,19.39,26.4633333333333,0.0,460.333333333333,0.0036796227594992,0
6508,19.39,26.445,0.0,461.5,0.0036770585114699,0
6509,19.39,26.39,0.0,461.0,0.0036693658934902,0
6510,19.39,26.39,0.0,463.0,0.0036693658934902,0
6511,19.39,26.39,0.0,467.5,0.0036693658934902,0
6512,19.39,26.39,0.0,471.0,0.0036693658934902,0
6513,19.39,26.39,0.0,461.0,0.0036693658934902,0
6514,19.39,26.39,0.0,456.333333333333,0.0036693658934902,0
6515,19.39,26.39,0.0,459.5,0.0036693658934902,0
6516,19.39,26.34,0.0,464.5,0.0036623727685626,0
6517,19.39,26.29,0.0,467.0,0.003655379799958,0
6518,19.39,26.29,0.0,469.0,0.003655379799958,0
6519,19.39,26.29,0.0,465.5,0.003655379799958,0
6520,19.39,26.29,0.0,464.0,0.003655379799958,0
6521,19.39,26.29,0.0,464.0,0.003655379799958,0
6522,19.39,26.29,0.0,465.5,0.003655379799958,0
6523,19.34,26.29,0.0,466.5,0.0036439537266872,0
6524,19.39,26.29,0.0,463.0,0.003655379799958,0
6525,19.39,26.29,0.0,461.75,0.003655379799958,0
6526,19.39,26.29,0.0,460.5,0.003655379799958,0
6527,19.29,26.39,0.0,459.5,0.0036464574434746,0
6528,19.29,26.29,0.0,467.0,0.0036325591743609,0
6529,19.29,26.29,0.0,468.0,0.0036325591743609,0
6530,19.29,26.39,0.0,469.0,0.0036464574434746,0
6531,19.29,26.34,0.0,465.5,0.003639508231732,0
6532,19.29,26.29,0.0,458.0,0.0036325591743609,0
6533,19.39,26.29,0.0,458.0,0.003655379799958,0
6534,19.39,26.29,0.0,466.0,0.003655379799958,0
6535,19.29,26.26,0.0,465.0,0.0036283898140345,0
6536,19.29,26.2,0.0,465.0,0.0036200512600929,0
6537,19.29,26.2,0.0,465.0,0.0036200512600929,0
6538,19.29,26.2,0.0,461.5,0.0036200512600929,0
6539,19.29,26.2,0.0,461.5,0.0036200512600929,0
6540,19.29,26.2,0.0,463.0,0.0036200512600929,0
6541,19.34,26.2,0.0,465.5,0.0036314063500653,0
6542,19.29,26.2,0.0,466.0,0.0036200512600929,0
6543,19.29,26.2,0.0,466.5,0.0036200512600929,0
6544,19.3233333333333,26.2,0.0,466.333333333333,0.0036276178337323,0
6545,19.34,26.15,0.0,469.0,0.0036244358027391,0
6546,19.29,26.1,0.0,469.0,0.0036061541641287,0
6547,19.29,26.1,0.0,463.0,0.0036061541641287,0
6548,19.29,26.1,0.0,468.0,0.0036061541641287,0
6549,19.29,26.1,0.0,468.5,0.0036061541641287,0
6550,19.34,26.1,0.0,470.5,0.0036174654107376,0
6551,19.29,26.1,0.0,471.0,0.0036061541641287,0
6552,19.29,26.1,0.0,470.0,0.0036061541641287,0
6553,19.29,26.1,0.0,469.0,0.0036061541641287,0
6554,19.34,26.05,0.0,468.5,0.0036104951740555,0
6555,19.29,26.1,0.0,463.5,0.0036061541641287,0
6556,19.29,26.1,0.0,466.0,0.0036061541641287,0
6557,19.29,26.1,0.0,467.5,0.0036061541641287,0
6558,19.29,26.1,0.0,467.0,0.0036061541641287,0
6559,19.29,26.1,0.0,467.0,0.0036061541641287,0
6560,19.3233333333333,26.0333333333333,0.0,469.0,0.0036044076594393,0
6561,19.34,26.0,0.0,468.5,0.0036035250926877,0
6562,19.39,26.0,0.0,466.0,0.0036148236644717,0
6563,19.39,25.945,0.0,464.5,0.0036071325767452,0
6564,19.39,26.0,0.0,469.0,0.0036148236644717,0
6565,19.39,25.89,0.0,469.0,0.0035994416781195,0
6566,19.39,25.89,0.0,471.0,0.0035994416781195,0
6567,19.39,25.89,0.0,472.0,0.0035994416781195,0
6568,19.445,25.945,0.0,473.5,0.0036195704160197,0
6569,19.39,25.89,0.0,473.5,0.0035994416781195,0
6570,19.39,25.89,0.0,473.666666666667,0.0035994416781195,0
6571,19.39,25.89,0.0,473.0,0.0035994416781195,0
6572,19.445,25.945,0.0,471.5,0.0036195704160197,0
6573,19.39,26.0,0.0,463.0,0.0036148236644717,0
6574,19.39,25.945,0.0,468.0,0.0036071325767452,0
6575,19.445,26.0,0.0,470.5,0.0036272881773307,0
6576,19.39,26.0,0.0,471.0,0.0036148236644717,0
6577,19.5,26.15,0.0,471.0,0.003660912973223,0
6578,19.445,26.1,0.0,467.0,0.0036413209584756,0
6579,19.5,26.15,0.0,468.0,0.003660912973223,0
6580,19.4266666666667,26.0333333333333,0.0,467.0,0.0036278012631149,0
6581,19.5,26.1,0.0,467.0,0.0036538720198535,0
6582,19.39,26.1,0.0,466.0,0.0036288079448337,0
6583,19.4266666666667,26.1333333333333,0.0,468.333333333333,0.0036418180701056,0
6584,19.39,26.1,0.0,465.5,0.0036288079448337,0
6585,19.39,26.1,0.0,465.5,0.0036288079448337,0
6586,19.39,26.1,0.0,468.0,0.0036288079448337,0
6587,19.5,26.2,0.0,466.0,0.0036679540850686,0
6588,19.4266666666667,26.2,0.0,471.0,0.0036511629570357,0
6589,19.5,26.2,0.0,471.0,0.0036679540850686,0
6590,19.39,26.2,0.0,471.0,0.0036427928503869,0
6591,19.5,26.2,0.0,473.0,0.0036679540850686,0
6592,19.5,26.245,0.0,467.5,0.0036742912212311,0
6593,19.5,26.29,0.0,466.666666666667,0.0036806284857674,0
6594,19.5,26.29,0.0,467.5,0.0036806284857674,0
6595,19.445,26.29,0.0,468.0,0.0036679849770217,0
6596,19.4633333333333,26.3566666666667,0.0,465.333333333333,0.0036815623532426,0
6597,19.5,26.39,0.0,467.0,0.0036947117554779,0
6598,19.5,26.39,0.0,467.0,0.0036947117554779,0
6599,19.445,26.34,0.0,470.0,0.0036750022017577,0
6600,19.445,26.39,0.0,471.5,0.0036820195838999,0
6601,19.5,26.39,0.0,470.333333333333,0.0036947117554779,0
6602,19.445,26.445,0.0,468.5,0.0036897388860667,0
6603,19.39,26.39,0.0,469.0,0.0036693658934902,0
6604,19.39,26.39,0.0,470.0,0.0036693658934902,0
6605,19.445,26.445,0.0,470.5,0.0036897388860667,0
6606,19.5,26.5,0.0,472.0,0.0037102040844392,0
6607,19.445,26.5,0.0,468.5,0.0036974583787084,0
6608,19.445,26.5,0.0,470.5,0.0036974583787084,0
6609,19.5,26.5,0.0,473.0,0.0037102040844392,0
6610,19.5,26.5,0.0,467.0,0.0037102040844392,0
6611,19.5,26.5,0.0,471.333333333333,0.0037102040844392,0
6612,19.5,26.5,0.0,471.0,0.0037102040844392,0
6613,19.5,26.5,0.0,472.5,0.0037102040844392,0
6614,19.5,26.5,0.0,472.0,0.0037102040844392,0
6615,19.5,26.5,0.0,470.0,0.0037102040844392,0
6616,19.5,26.5,0.0,472.0,0.0037102040844392,0
6617,19.5,26.55,0.0,462.5,0.0037172463057671,0
6618,19.5,26.6,0.0,463.0,0.0037242886856138,0
6619,19.5,26.6,0.0,469.5,0.0037242886856138,0
6620,19.5,26.625,0.0,470.666666666667,0.0037278099349834,0
6621,19.5,26.6,0.0,471.0,0.0037242886856138,0
6622,19.5,26.6,0.0,470.0,0.0037242886856138,0
6623,19.5,26.6,0.0,471.5,0.0037242886856138,0
6624,19.5,26.65,0.0,470.5,0.0037313312239848,0
6625,19.5,26.6,0.0,469.0,0.0037242886856138,0
6626,19.5,26.6,0.0,472.0,0.0037242886856138,0
6627,19.5,26.7,0.0,473.0,0.0037383739208854,0
6628,19.5,26.7,0.0,474.0,0.0037383739208854,0
6629,19.5,26.7,0.0,473.0,0.0037383739208854,0
6630,19.5,26.7,0.0,477.5,0.0037383739208854,0
6631,19.5,26.7,0.0,477.5,0.0037383739208854,0
6632,19.5,26.7,0.0,474.0,0.0037383739208854,0
6633,19.5,26.79,0.0,473.666666666667,0.003751051174818,0
6634,19.5,26.79,0.0,467.5,0.003751051174818,0
6635,19.5,26.79,0.0,473.0,0.003751051174818,0
6636,19.5,26.79,0.0,480.333333333333,0.003751051174818,0
6637,19.5,26.79,0.0,474.333333333333,0.003751051174818,0
6638,19.5,26.79,0.0,469.0,0.003751051174818,0
6639,19.5,26.79,0.0,469.5,0.003751051174818,0
6640,19.5,26.79,0.0,470.0,0.003751051174818,0
6641,19.5,26.79,0.0,471.5,0.003751051174818,0
6642,19.5,26.79,0.0,470.0,0.003751051174818,0
6643,19.6,26.79,0.0,476.0,0.0037745822966059,0
6644,19.5,26.79,0.0,470.0,0.003751051174818,0
6645,19.6,26.89,0.0,470.0,0.0037887576389794,0
6646,19.5,26.89,0.0,471.0,0.0037651376149917,0
6647,19.5,26.89,0.0,471.0,0.0037651376149917,0
6648,19.5333333333333,26.89,0.0,470.666666666667,0.0037729964786778,0
6649,19.5,26.89,0.0,475.333333333333,0.0037651376149917,0
6650,19.5,27.0,0.0,471.0,0.0037806334317097,0
6651,19.5,27.0,0.0,469.0,0.0037806334317097,0
6652,19.5,27.0,0.0,474.5,0.0037806334317097,0
6653,19.5333333333333,27.0,0.0,474.0,0.0037885248351872,0
6654,19.5,27.0,0.0,471.0,0.0037806334317097,0
6655,19.525,27.025,289.75,473.75,0.0037900780521215,1
6656,19.5,27.1,440.0,481.5,0.0037947212037972,1
6657,19.525,27.125,412.0,479.0,0.0038041881664225,1
6658,19.525,27.2925,397.0,484.75,0.003827824033443,0
6659,19.525,27.365,392.5,486.75,0.0038380550369924,0
6660,19.5666666666667,27.5666666666667,393.666666666667,492.333333333333,0.0038766055390388,0
6661,19.575,27.675,397.0,496.5,0.0038939642525813,1
6662,19.575,27.6,405.0,501.5,0.0038833456197328,1
6663,19.6333333333333,27.6333333333333,405.0,506.666666666667,0.0039022713460956,1
6664,19.6666666666667,27.73,405.0,510.666666666667,0.0039241754885628,1
6665,19.6333333333333,27.73,399.666666666667,512.0,0.0039160081787204,1
6666,19.625,27.745,393.0,517.0,0.0039160992111958,1
6667,19.6333333333333,27.79,393.666666666667,515.0,0.0039245347919076,1
6668,19.7,27.9175,389.0,528.75,0.0039591162199895,1
6669,19.7,27.9633333333333,393.666666666667,534.333333333333,0.0039656575083058,1
6670,19.745,28.05,389.0,541.0,0.0039892262868619,1
6671,19.7675,28.175,392.5,546.0,0.0040127535776611,1
6672,19.79,28.1,393.666666666667,553.0,0.0040076304082217,1
6673,19.79,28.2675,392.5,559.75,0.0040316741512054,1
6674,19.79,28.3233333333333,389.0,572.333333333333,0.004039689142638,1
6675,19.84,28.6975,389.0,578.75,0.0041062067833071,1
6676,19.89,28.625,389.0,595.0,0.0041085671525073,1
6677,19.89,28.65,389.0,599.0,0.0041121791435954,1
6678,19.9175,28.8175,393.0,606.5,0.0041434850123677,1
6679,19.9633333333333,28.96,399.666666666667,622.0,0.0041760355019963,1
6680,19.945,29.05,397.0,636.0,0.0041843126114053,1
6681,20.0,29.1975,405.0,655.5,0.0042201553502084,1
6682,20.0,29.39,405.0,661.333333333333,0.0042481689931849,1
6683,20.0,29.445,405.0,680.8,0.0042561733515344,1
6684,20.05,29.575,405.0,689.75,0.0042884438005007,1
6685,20.1,29.745,405.0,695.5,0.0043267301935903,1
6686,20.1,29.79,405.0,701.0,0.0043333215301444,1
6687,20.1,29.823,406.75,710.125,0.0043381552651232,1
6688,20.1,29.856,408.5,719.25,0.0043429890747113,1
6689,20.2,29.945,419.0,736.0,0.0043832519781644,1
6690,20.125,29.9725,419.0,743.75,0.0043668532448423,1
6691,20.15,30.15,419.0,759.0,0.004399745818525,1
6692,20.175,30.15,419.0,765.75,0.0044066042560034,1
6693,20.2,30.195,419.0,769.5,0.0044201062158871,1
6694,20.215,30.2275,419.0,774.916666666667,0.0044290336020752,1
6695,20.23,30.26,419.0,780.333333333333,0.0044379734997462,1
6696,20.29,30.4175,422.5,802.75,0.0044779360427532,1
6697,20.29,30.445,422.5,814.75,0.0044820136489976,1
6698,20.29,30.34,433.0,816.0,0.004466444892548,1
6699,20.29,30.4725,433.0,822.75,0.0044860913083229,1
6700,20.29,30.5333333333333,433.0,843.666666666667,0.0044951117736029,1
6701,20.29,30.495,433.0,850.5,0.0044894276145259,1
6702,20.39,30.7,433.0,850.0,0.0045480422720071,1
6703,20.3816666666667,30.7058333333333,433.0,856.7,0.0045465550906185,1
6704,20.3733333333333,30.7116666666667,433.0,863.4,0.0045450680823036,1
6705,20.39,30.84,433.0,886.0,0.0045689348786192,1
6706,20.39,30.695,433.0,889.0,0.0045472961332542,1
6707,20.39,30.795,433.0,898.0,0.0045622192459705,1
6708,20.39,30.77,433.0,902.5,0.0045584884011471,1
6709,20.39,30.8925,433.0,909.25,0.0045767699653269,1
6710,20.445,30.795,433.0,922.0,0.0045778529576252,1
6711,20.4725,30.9175,433.0,921.5,0.0046040640583768,1
6712,20.5,31.1225,433.0,929.25,0.0046427501215771,1
6713,20.5,31.1,447.0,953.0,0.0046393686118284,1
6714,20.5,31.1,437.666666666667,954.0,0.0046393686118284,1
6715,20.5,30.9725,442.5,950.75,0.0046202074125785,1
6716,20.5,31.1475,447.0,959.75,0.0046465073974341,1
6717,20.5,31.245,440.0,967.75,0.0046611612038004,1
6718,20.5,31.26,442.333333333333,974.333333333333,0.0046634156963785,1
6719,20.5,31.1,447.0,977.0,0.0046393686118284,1
6720,20.5,31.1633333333333,441.0,970.333333333333,0.0046488870287812,1
6721,20.5,31.2225,442.5,968.0,0.0046577794953484,1
6722,20.55,31.245,438.0,975.5,0.0046756698667657,1
6723,20.55,31.245,447.0,981.5,0.0046756698667657,1
6724,20.6,31.245,438.0,1007.0,0.0046902184083364,1
6725,20.6,31.3233333333333,447.0,1013.0,0.0047020659948076,1
6726,20.6,31.2675,438.0,1016.0,0.0046936213926383,1
6727,20.6333333333333,31.26,447.0,1018.0,0.0047022130272374,1
6728,20.6,31.295,438.0,1019.5,0.0046977806458628,1
6729,20.675,31.4725,438.0,1041.5,0.0047466877249799,1
6730,20.6,31.445,438.0,1050.5,0.0047204684535194,1
6731,20.7,31.5225,438.0,1056.75,0.0047616716802818,1
6732,20.65,31.5225,438.0,1066.5,0.0047469111876103,1
6733,20.7,31.4633333333333,441.0,1074.0,0.004752665892645,1
6734,20.7,31.6,438.0,1071.75,0.0047734683851957,1
6735,20.7,31.575,442.5,1075.25,0.0047696629479948,1
6736,20.7,31.745,438.0,1080.75,0.0047955408322444,1
6737,20.7,31.7225,438.0,1102.5,0.0047921156954584,1
6738,20.7,31.79,438.0,1106.75,0.0048023912181186,1
6739,20.7,31.795,438.0,1105.5,0.0048031523813478,1
6740,20.7225,31.865,438.0,1111.0,0.0048205377334825,1
6741,20.7,31.7925,441.75,1111.0,0.0048027717995022,1
6742,20.7,31.84,432.75,1119.25,0.0048100029336006,1
6743,20.7,31.79,429.0,1127.66666666667,0.0048023912181186,1
6744,20.745,31.895,433.5,1136.0,0.0048318549632175,1
6745,20.79,31.895,429.0,1142.5,0.0048453671955215,1
6746,20.79,31.8225,438.0,1143.75,0.0048342676693267,1
6747,20.79,31.8933333333333,441.0,1145.33333333333,0.0048451120295855,1
6748,20.79,31.84,438.0,1144.0,0.0048369468293154,1
6749,20.79,31.945,438.0,1147.0,0.0048530222702027,1
6750,20.79,31.8925,429.0,1157.5,0.0048449844466953,1
6751,20.79,31.99,435.0,1150.66666666667,0.0048599119972755,1
6752,20.79,31.9933333333333,441.0,1159.33333333333,0.0048604223534538,1
6753,20.79,31.9633333333333,441.0,1167.0,0.0048558291777653,1
6754,20.79,32.0666666666667,434.0,1177.66666666667,0.0048716503996256,1
6755,20.79,31.995,444.0,1178.0,0.0048606775318546,1
6756,20.815,31.9925,440.25,1175.25,0.0048678393278281,1
6757,20.8233333333333,32.06,439.0,1184.33333333333,0.0048807129296752,1
6758,20.865,32.1675,444.0,1198.25,0.0049098802891586,1
6759,20.84,32.245,432.75,1204.0,0.0049141771699435,1
6760,20.89,32.2,444.0,1199.0,0.0049225056673102,1
6761,20.89,32.26,439.0,1204.33333333333,0.0049317507645606,1
6762,20.89,32.3725,437.25,1224.75,0.0049490860568592,1
6763,20.89,32.1675,432.75,1218.75,0.0049174980201467,1
6764,20.89,32.3333333333333,439.0,1212.0,0.0049430506981674,1
6765,20.89,32.25,444.0,1222.5,0.0049302098960834,1
6766,20.89,32.29,429.0,1218.5,0.0049363734154382,1
6767,20.89,32.2725,441.0,1228.0,0.0049336768608085,1
6768,20.89,32.475,436.5,1237.75,0.0049648812689481,1
6769,20.89,32.4725,440.25,1240.75,0.0049644960104036,1
6770,20.945,32.4975,444.0,1253.0,0.004985319458088,1
6771,21.0,32.4,444.0,1262.0,0.0049872129896152,1
6772,21.0,32.4,446.75,1261.0,0.0049872129896152,1
6773,21.0,32.425,454.0,1263.8,0.0049910920264222,1
6774,20.9266666666667,32.5266666666667,469.0,1276.66666666667,0.0049841619075742,1
6775,21.0,32.5675,469.0,1294.0,0.0050132034527675,1
6776,21.0,32.52,465.25,1294.5,0.0050058328040366,1
6777,21.0,32.5266666666667,454.0,1287.66666666667,0.0050068672705977,1
6778,21.0,32.4725,454.0,1289.25,0.0049984623285902,1
6779,21.0,32.545,454.0,1300.75,0.0050097120712414,1
6780,21.0,32.59,454.0,1312.0,0.0050166948731759,1
6781,21.0,32.56,454.0,1315.0,0.0050120396546052,1
6782,21.025,32.7,454.0,1315.0,0.0050415679583223,1
6783,21.0,32.645,454.0,1323.0,0.0050252296200906,1
6784,21.0666666666667,32.8633333333333,454.0,1325.66666666667,0.0050800507402687,1
6785,21.075,32.8725,454.0,1330.0,0.0050841027397439,1
6786,21.1,32.845,454.0,1338.0,0.0050876855940504,1
6787,21.05,32.775,454.0,1334.0,0.0050610573900104,1
6788,21.1,32.9666666666667,454.0,1339.66666666667,0.0051066864714373,1
6789,21.1,33.0225,454.0,1349.25,0.005115406437611,1
6790,21.1,33.09,454.0,1354.0,0.0051259488100805,1
6791,21.1,33.045,454.0,1361.75,0.0051189205223842,1
6792,21.1,33.0675,454.0,1369.75,0.0051224346465405,1
6793,21.1,32.925,464.5,1370.0,0.0051001791920039,1
6794,21.1333333333333,33.0966666666667,458.0,1371.0,0.0051375830501867,1
6795,21.1,33.1266666666667,458.0,1379.33333333333,0.0051316756794963,1
6796,21.1,33.0725,449.5,1384.5,0.0051232155683681,1
6797,21.1,33.025,464.5,1382.0,0.0051157968895299,1
6798,21.1,32.7675,465.25,1371.2,0.0050755828957469,1
6799,21.125,33.0675,471.75,1352.0,0.0051303704686838,1
6800,21.1,32.975,474.5,1349.75,0.0051079879435299,1
6801,21.125,33.0425,474.5,1357.0,0.0051264597901834,1
6802,21.125,33.1175,464.0,1364.75,0.0051381919720053,1
6803,21.1333333333333,33.0333333333333,464.0,1369.66666666667,0.005127670793851,1
6804,21.1666666666667,32.9966666666667,469.0,1377.33333333333,0.0051325120074653,1
6805,21.15,33.0425,479.0,1384.5,0.0051344003695382,1
6806,21.1333333333333,33.09,479.0,1379.33333333333,0.0051365396400273,1
6807,21.175,33.09,479.0,1387.25,0.0051498053715709,1
6808,21.2,33.1266666666667,480.666666666667,1390.33333333333,0.0051635420612826,1
6809,21.2,33.1725,496.5,1390.25,0.0051707456155559,1
6810,21.2,33.145,496.5,1398.25,0.0051664234631346,1
6811,21.2,33.1633333333333,504.0,1402.66666666667,0.0051693048914629,1
6812,21.2225,33.145,495.25,1404.75,0.0051736215027851,1
6813,21.245,33.1725,489.0,1408.5,0.0051851627077916,1
6814,21.29,33.2,489.0,1414.0,0.00520396186213,1
6815,21.29,33.2,489.0,1415.0,0.00520396186213,1
6816,21.29,33.2,500.25,1417.25,0.00520396186213,1
6817,21.29,33.1266666666667,492.333333333333,1416.0,0.0051923712111079,1
6818,21.29,33.1725,485.25,1417.75,0.0051996153177945,1
6819,21.29,33.1725,481.5,1414.5,0.0051996153177945,1
6820,21.29,33.145,471.5,1419.25,0.0051952688337019,1
6821,21.29,33.1633333333333,464.0,1413.33333333333,0.00519816648307,1
6822,21.29,33.145,464.0,1421.75,0.0051952688337019,1
6823,21.29,33.23,464.0,1427.33333333333,0.005208703615568,1
6824,21.29,33.145,464.0,1430.25,0.0051952688337019,1
6825,21.29,33.145,475.25,1433.25,0.0051952688337019,1
6826,21.3233333333333,33.1633333333333,479.0,1441.0,0.0052088920495488,1
6827,21.29,33.195,479.0,1432.75,0.0052031715768608,1
6828,21.365,33.24,479.0,1435.5,0.0052345010349088,1
6829,21.3233333333333,33.23,479.0,1437.66666666667,0.0052194511046274,1
6830,21.39,33.3,479.0,1436.0,0.0052521384617874,1
6831,21.39,33.35,479.0,1438.5,0.0052600912462056,1
6832,21.39,33.2725,479.0,1444.75,0.0052477645163146,1
6833,21.39,33.29,474.0,1453.0,0.005250547929103,1
6834,21.39,33.2675,475.25,1449.25,0.0052469692600552,1
6835,21.39,33.2225,479.0,1439.25,0.005239812044463,1
6836,21.39,33.2966666666667,469.0,1441.0,0.0052516082833297,1
6837,21.39,33.3,471.5,1442.5,0.0052521384617874,1
6838,21.4175,33.2725,464.0,1441.75,0.0052566899447824,1
6839,21.39,33.2675,464.0,1449.75,0.0052469692600552,1
6840,21.39,33.3633333333333,464.0,1453.33333333333,0.0052622120227758,1
6841,21.39,33.3725,464.0,1458.0,0.0052636700649866,1
6842,21.39,33.4,478.0,1456.66666666667,0.0052680442322893,1
6843,21.39,33.3725,474.5,1454.0,0.0052636700649866,1
6844,21.39,33.4666666666667,478.0,1458.0,0.0052786485274495,1
6845,21.4175,33.5425,469.25,1465.5,0.0052997104389364,1
6846,21.39,33.4975,464.0,1462.75,0.0052835531352221,1
6847,21.4175,33.5675,464.0,1470.5,0.0053036941165236,1
6848,21.4266666666667,33.5,464.0,1476.0,0.005295937135775,1
6849,21.445,33.3725,464.0,1460.25,0.005281588938142,1
6850,21.39,33.4666666666667,464.0,1455.0,0.0052786485274495,1
6851,21.4725,33.5675,464.0,1458.75,0.0053217465721637,1
6852,21.5,33.59,464.0,1462.0,0.0053343969799144,1
6853,21.5,33.595,464.0,1464.25,0.0053351978362271,1
6854,21.5,33.5675,467.75,1472.5,0.005330793151811,1
6855,21.5,33.84,456.5,1455.5,0.0053744423005231,1
6856,21.5,33.7933333333333,464.0,1460.33333333333,0.0053669667859175,1
6857,21.5,33.4475,464.0,1445.75,0.0053115734345323,1
6858,21.525,33.52,464.0,1445.0,0.0053314093093594,1
6859,21.5,33.6333333333333,464.0,1431.66666666667,0.0053413378025561,1
6860,21.5,33.7975,475.25,1435.25,0.0053676342353357,1
6861,21.5,33.6933333333333,479.0,1429.0,0.0053509484259254,1
6862,21.5333333333333,34.1,479.0,1430.0,0.0054272559118086,1
6863,21.55,33.895,479.0,1399.0,0.0053998997227886,1
6864,21.5666666666667,33.79,474.0,1399.0,0.0053885686405483,1
6865,21.575,33.595,479.0,1375.5,0.0053599600768424,1
6866,21.575,33.79,479.0,1385.25,0.0053913412847937,1
6867,21.6,33.8,471.5,1378.5,0.005401278670283,1
6868,21.5666666666667,34.43,464.0,1366.5,0.0054915319957607,1
6869,21.525,34.45,474.5,1396.75,0.0054806306385814,1
6870,21.6,34.475,462.75,1419.75,0.0055100999910828,1
6871,21.5666666666667,34.5,469.0,1422.66666666667,0.0055027956631107,1
6872,21.575,34.5,461.5,1428.0,0.0055056275977176,1
6873,21.5,34.5,454.0,1430.0,0.005480186515674,1
6874,21.525,34.475,454.0,1424.75,0.0054846429444529,1
6875,21.5,34.4475,460.75,1423.0,0.0054717737390509,1
6876,21.5,34.45,464.5,1401.0,0.0054721743423463,1
6877,21.5,34.3966666666667,463.0,1407.0,0.0054636282496546,1
6878,21.5,34.4,460.75,1401.25,0.0054641623736277,1
6879,21.5,34.4,468.0,1395.0,0.0054641623736277,1
6880,21.5,34.4225,464.5,1396.5,0.0054677677342312,1
6881,21.5,34.4225,464.5,1391.5,0.0054677677342312,1
6882,21.5,34.345,454.0,1399.0,0.0054553494443516,1
6883,21.5,34.29,454.0,1402.25,0.0054465367626326,1
6884,21.5,34.29,454.0,1401.0,0.0054465367626326,1
6885,21.5,34.245,454.0,1390.75,0.0054393265708069,1
6886,21.445,34.195,454.0,1386.5,0.0054128919886134,1
6887,21.5,34.2,454.0,1380.0,0.0054321165446885,1
6888,21.5,34.2,454.0,1370.0,0.0054321165446885,1
6889,21.4266666666667,34.06,469.0,1367.66666666667,0.0053852327129369,1
6890,21.39,34.0675,471.75,1362.0,0.0053742359170561,1
6891,21.4175,34.0225,467.75,1365.25,0.0053762058899107,1
6892,21.445,34.045,481.5,1361.5,0.0053889420454455,1
6893,21.39,33.95,482.75,1355.5,0.0053555403913322,1
6894,21.39,33.9,489.0,1340.0,0.0053475851864208,1
6895,21.4725,33.925,496.5,1347.0,0.0053789142789357,1
6896,21.4725,33.8975,499.0,1337.25,0.0053745163931145,1
6897,21.5,33.9,499.0,1339.33333333333,0.0053840539382228,1
6898,21.5,33.845,514.0,1330.5,0.005375243259083,1
6899,21.39,33.7,514.0,1326.5,0.0053157663841982,1
6900,21.4266666666667,33.6933333333333,510.666666666667,1324.33333333333,0.0053267624976586,1
6901,21.5,33.7,514.0,1315.66666666667,0.0053520162911431,1
6902,21.5,33.7,510.25,1314.0,0.0053520162911431,1
6903,21.5,33.6266666666667,499.0,1312.66666666667,0.0053402699736914,1
6904,21.5,33.59,496.5,1316.25,0.0053343969799144,1
6905,21.5,33.59,504.0,1312.0,0.0053343969799144,1
6906,21.5,33.59,489.0,1307.0,0.0053343969799144,1
6907,21.5,33.56,480.666666666667,1312.33333333333,0.0053295918849777,1
6908,21.5,33.5,486.5,1305.75,0.0053199819159299,1
6909,21.5,33.5,479.0,1290.75,0.0053199819159299,1
6910,21.5,33.5,475.25,1281.5,0.0053199819159299,1
6911,21.5,33.4666666666667,464.0,1283.33333333333,0.0053146431714573,1
6912,21.5,33.425,464.0,1279.25,0.0053079698686507,1
6913,21.5,33.4,464.0,1274.33333333333,0.0053039659551166,1
6914,21.5,33.3725,469.25,1267.5,0.0052995617092624,1
6915,21.5,33.3175,474.5,1257.0,0.0052907534030823,1
6916,21.5,33.3175,474.5,1254.75,0.0052907534030823,1
6917,21.5,33.29,471.0,1255.33333333333,0.0052863493427539,1
6918,21.5,33.29,466.75,1262.5,0.0052863493427539,1
6919,21.5,33.29,469.0,1262.0,0.0052863493427539,1
6920,21.5,33.245,469.0,1254.0,0.0052791428319683,1
6921,21.5,33.2225,31.0,1246.0,0.0052755396386686,1
6922,21.5,33.1633333333333,31.0,1243.33333333333,0.0052660647723507,0
6923,21.5,33.23,31.0,1236.66666666667,0.0052767406985024,0
6924,21.5,33.2675,26.5,1229.25,0.0052827460666632,0
6925,21.4175,33.09,13.0,1229.75,0.005227614619461,0
6926,21.39,33.09,13.0,1222.0,0.0052187389692463,0
6927,21.39,33.09,13.0,1213.75,0.0052187389692463,0
6928,21.39,33.09,13.0,1209.33333333333,0.0052187389692463,0
6929,21.39,33.0675,26.5,1201.25,0.0052151606631492,0
6930,21.365,33.09,26.5,1197.5,0.0052106817567943,0
6931,21.29,33.06,22.0,1197.66666666667,0.0051818346273683,0
6932,21.315,33.045,13.0,1196.25,0.0051874771126025,0
6933,21.29,33.03,13.0,1189.66666666667,0.0051770932801839,0
6934,21.29,33.0,13.0,1175.75,0.0051723520046859,0
6935,21.29,33.0,13.0,1169.0,0.0051723520046859,0
6936,21.29,33.0,13.0,1161.33333333333,0.0051723520046859,0
6937,21.29,33.0,13.0,1159.0,0.0051723520046859,0
6938,21.2675,32.95,13.0,1159.75,0.0051572685927435,0
6939,21.2,32.9,13.0,1151.66666666667,0.0051279196436793,0
6940,21.2,32.9,13.0,1138.4,0.0051279196436793,0
6941,21.2,32.9,13.0,1128.25,0.0051279196436793,0
6942,21.2,32.8725,13.0,1132.25,0.0051235980815068,0
6943,21.2,32.79,13.0,1115.5,0.0051106337523427,0
6944,21.1666666666667,32.79,167.0,1117.33333333333,0.0051001021720073,0
6945,21.15,32.845,365.75,1121.0,0.0051034594836414,1
6946,21.2,32.745,454.0,1108.0,0.0051035625259924,1
6947,21.1333333333333,32.79,454.0,1094.0,0.0050895897760822,1
6948,21.15,32.9,454.0,1106.0,0.00511207562615,1
6949,21.2,32.845,454.0,1104.25,0.005119276578894,1
6950,21.2,32.845,454.0,1102.0,0.005119276578894,1
6951,21.2,32.9,454.0,1113.75,0.0051279196436793,1
6952,21.2,32.9,454.0,1113.0,0.0051279196436793,1
6953,21.2,32.9,454.0,1117.33333333333,0.0051279196436793,1
6954,21.2,32.9,454.0,1110.75,0.0051279196436793,1
6955,21.2,32.9,461.5,1113.25,0.0051279196436793,1
6956,21.2,32.9,469.0,1116.0,0.0051279196436793,1
6957,21.245,32.925,469.0,1123.25,0.0051461561371914,1
6958,21.2675,32.9725,469.0,1122.66666666667,0.0051608194677382,1
6959,21.245,32.95,469.0,1122.2,0.0051500959745341,1
6960,21.29,32.9666666666667,467.333333333333,1123.33333333333,0.005167084004874,1
6961,21.245,32.925,474.5,1126.5,0.0051461561371914,1
6962,21.26,32.9666666666667,478.0,1125.33333333333,0.0051575057836772,1
6963,21.29,33.0,474.5,1119.5,0.0051723520046859,1
6964,21.29,33.0,478.0,1125.0,0.0051723520046859,1
6965,21.29,32.975,464.0,1124.75,0.0051684009965302,1
6966,21.29,32.975,469.25,1130.5,0.0051684009965302,1
6967,21.29,32.95,474.5,1131.5,0.0051644500381547,1
6968,21.29,32.95,474.5,1129.5,0.0051644500381547,1
6969,21.29,32.9333333333333,472.666666666667,1127.66666666667,0.0051618160935595,1
6970,21.34,32.975,474.5,1131.0,0.0051844037494768,1
6971,21.29,33.05,451.5,1129.0,0.0051802541703416,1
6972,21.29,33.2225,459.0,1147.25,0.005207518170487,1
6973,21.29,33.045,459.0,1143.5,0.0051794639448152,1
6974,21.365,33.1725,466.5,1149.5,0.0052237821358792,1
6975,21.39,33.3725,469.25,1164.0,0.0052636700649866,1
6976,21.39,33.5,464.0,1171.66666666667,0.0052839508094841,1
6977,21.39,33.545,475.25,1176.5,0.0052911090324217,1
6978,21.39,33.6633333333333,484.0,1184.66666666667,0.0053099332872336,1
6979,21.39,33.7,482.75,1187.75,0.0053157663841982,1
6980,21.39,33.7225,484.0,1198.25,0.0053193458383158,1
6981,21.4175,33.87,484.0,1202.75,0.0053519006256888,1
6982,21.4725,33.95,474.0,1218.0,0.0053829124104604,1
6983,21.4633333333333,33.9666666666667,479.0,1221.33333333333,0.0053825289071635,1
6984,21.5,34.045,489.0,1226.0,0.0054072832785793,1
6985,21.5,34.045,489.0,1230.25,0.0054072832785793,1
6986,21.5,34.0675,489.0,1235.5,0.0054108879855647,1
6987,21.5,34.045,489.0,1240.0,0.0054072832785793,1
6988,21.5,34.09,489.0,1242.0,0.0054144927339714,1
6989,21.5,34.2,479.0,1242.0,0.0054321165446885,1
6990,21.525,34.2,477.75,1249.0,0.0054405104018201,1
6991,21.5,34.26,487.333333333333,1260.33333333333,0.0054417299496699,1
6992,21.5,34.245,484.0,1259.25,0.0054393265708069,1
6993,21.525,34.295,479.0,1261.0,0.005455755487406,1
6994,21.6,34.29,489.0,1272.5,0.005480271133239,1
6995,21.5666666666667,34.29,484.0,1271.0,0.0054690058741133,1
6996,21.6,34.345,474.0,1276.25,0.0054891388758327,1
6997,21.6333333333333,35.2566666666667,465.666666666667,1457.66666666667,0.0056477746460621,1
6998,21.625,34.77,476.5,1423.75,0.0055662537748616,1
6999,21.6666666666667,34.6566666666667,479.0,1342.66666666667,0.0055622321306786,1
7000,21.65,34.7675,474.0,1341.75,0.0055744440457741,1
7001,21.6333333333333,34.6933333333333,480.666666666667,1345.0,0.0055567279553673,1
7002,21.7,34.8175,477.75,1353.75,0.0055997813128819,1
7003,21.6666666666667,34.83,489.0,1355.33333333333,0.0055903013444405,1
7004,21.7,35.0225,474.0,1369.5,0.0056330505440011,1
7005,21.7,35.0225,489.0,1383.25,0.0056330505440011,1
7006,21.7,35.0,472.75,1399.75,0.0056293988707038,1
7007,21.7,35.09,472.333333333333,1398.33333333333,0.0056440058188517,1
7008,21.745,35.24,479.0,1418.5,0.0056841085461717,1
7009,21.7,35.26,474.0,1428.66666666667,0.005671598576029,1
7010,21.7,35.345,464.0,1441.0,0.0056853958644212,1
7011,21.73,35.4,464.0,1440.0,0.005704872294394,1
7012,21.745,35.475,474.5,1453.0,0.0057223620782259,1
7013,21.7675,35.5675,464.0,1464.25,0.0057453879705058,1
7014,21.76,35.59,464.0,1469.0,0.0057463975070988,1
7015,21.79,35.645,464.0,1471.0,0.0057660176676688,1
7016,21.79,35.6725,464.0,1477.0,0.0057705074012156,1
7017,21.79,35.6725,464.0,1483.5,0.0057705074012156,1
7018,21.79,35.845,474.5,1496.5,0.0057986717402106,1
7019,21.815,35.845,470.75,1498.0,0.0058076172727972,1
7020,21.79,35.8633333333333,467.333333333333,1503.66666666667,0.0058016652001668,1
7021,21.84,35.95,466.75,1513.0,0.0058337731852635,1
7022,21.84,35.9,466.5,1520.5,0.0058255834611159,1
7023,21.84,36.0225,469.0,1540.0,0.0058456486648037,1
7024,21.84,36.145,465.25,1541.0,0.0058657151510938,1
7025,21.865,36.24,454.0,1565.0,0.0058903484748188,1
7026,21.89,36.29,457.0,1579.2,0.0059076482246058,1
7027,21.89,36.3266666666667,464.0,1580.0,0.005913673940416,1
7028,21.89,36.425,457.75,1581.0,0.0059298343856187,1
7029,21.89,36.53,454.0,1592.66666666667,0.0059470913725892,1
7030,21.89,36.53,454.0,1600.66666666667,0.0059470913725892,1
7031,21.89,36.5725,455.5,1605.25,0.0059540766131718,1
7032,21.89,36.595,453.25,1616.5,0.0059577747446314,1
7033,21.89,36.59,449.5,1625.0,0.0059569529338761,1
7034,21.89,36.6633333333333,453.0,1630.0,0.0059690063738703,1
7035,21.89,36.645,449.5,1636.5,0.0059659929704916,1
7036,21.89,36.7,449.5,1649.25,0.0059750332673906,1
7037,21.89,36.76,453.0,1661.66666666667,0.0059848957063279,1
7038,21.89,36.8333333333333,460.0,1665.0,0.005996950219062,1
7039,21.89,36.8725,456.0,1662.25,0.0060033886143192,1
7040,21.89,36.845,456.0,1667.5,0.0059988680251207,1
7041,21.9175,36.845,444.0,1682.75,0.0060090439542928,1
7042,21.89,36.95,444.0,1684.0,0.0060161288067652,1
7043,21.9175,37.09,444.0,1689.5,0.0060493895672,1
7044,21.945,37.045,444.0,1695.0,0.0060522263563545,1
7045,21.89,37.0675,444.0,1707.5,0.0060354455683989,1
7046,21.89,37.0,444.0,1714.33333333333,0.0060243485600921,1
7047,21.945,36.95,444.0,1715.2,0.0060365551039063,1
7048,21.89,37.1633333333333,444.0,1718.33333333333,0.006051201253836,1
7049,21.9175,37.15,440.25,1727.5,0.0060592709156912,1
7050,21.89,37.06,444.0,1722.66666666667,0.00603421254811,1
7051,21.9175,37.145,444.0,1716.25,0.0060584474581076,1
7052,21.945,37.2,444.0,1723.5,0.0060777969209818,1
7053,21.9175,37.24,444.0,1735.0,0.0060740935214434,1
7054,21.89,37.3975,444.0,1744.75,0.0060897032546917,1
7055,21.945,37.425,444.0,1748.0,0.0061149191877513,1
7056,21.9266666666667,37.4,439.0,1752.33333333333,0.0061038940657933,1
7057,21.945,37.45,444.0,1757.75,0.0061190441549368,1
7058,21.9175,37.2725,444.0,1762.0,0.00607944630102,1
7059,21.945,37.4,444.0,1762.5,0.0061107942747442,1
7060,21.945,37.475,444.0,1763.25,0.0061231691763017,1
7061,21.9266666666667,37.4633333333333,444.0,1767.0,0.0061143320359338,1
7062,21.89,37.4725,444.0,1774.5,0.0061020358545118,1
7063,21.945,37.425,444.0,1780.0,0.0061149191877513,1
7064,21.89,37.495,444.0,1785.0,0.0061057357288975,1
7065,22.0,37.545,432.75,1792.0,0.0061555436008843,1
7066,21.9633333333333,37.56,434.0,1798.33333333333,0.0061441318990109,1
7067,22.0,37.6725,440.25,1802.0,0.0061766549455363,1
7068,22.0,37.59,444.0,1813.25,0.0061629945016705,1
7069,22.0,37.6633333333333,439.0,1815.5,0.0061751370891,1
7070,22.0,37.6725,440.25,1814.75,0.0061766549455363,1
7071,21.9725,37.6725,440.25,1828.0,0.0061661990123512,1
7072,21.9725,37.745,444.0,1837.5,0.0061781836130024,1
7073,21.9633333333333,37.56,439.0,1828.33333333333,0.0061441318990109,1
7074,22.0,37.6266666666667,439.0,1817.0,0.0061690657367058,1
7075,21.9725,37.9,444.0,1819.0,0.0062038073966774,1
7076,21.9725,37.795,444.0,1826.5,0.0061864491212762,1
7077,21.89,37.7,444.0,1823.5,0.0061394477034012,1
7078,22.0,37.95,444.0,1832.75,0.0062226080718704,1
7079,22.0,37.79,444.0,1847.0,0.0061961117549483,1
7080,21.9725,37.9475,444.0,1845.5,0.0062116602649833,1
7081,21.9633333333333,37.8966666666667,444.0,1846.66666666667,0.0061997533664714,1
7082,22.0,37.945,444.0,1848.25,0.0062217800281339,1
7083,22.0,38.03,444.0,1850.0,0.0062358570685287,1
7084,22.0,38.09,444.0,1860.5,0.0062457941827627,1
7085,21.9633333333333,38.09,444.0,1866.66666666667,0.0062316988599589,1
7086,22.0,38.1633333333333,444.0,1868.33333333333,0.0062579399715216,1
7087,22.0,38.1175,444.0,1875.5,0.0062503487985137,1
7088,22.0,38.145,444.0,1879.25,0.0062549034803047,1
7089,22.0,38.23,439.0,1888.66666666667,0.0062689820051997,1
7090,22.0,38.4,444.0,1896.33333333333,0.0062971409479834,1
7091,22.0,38.2725,432.75,1895.0,0.0062760215042635,1
7092,22.0,38.2966666666667,429.0,1895.66666666667,0.0062800244270262,1
7093,22.0,38.37,441.0,1904.0,0.0062921715393712,1
7094,22.0,38.3975,438.0,1909.75,0.0062967268275966,1
7095,22.0,38.345,438.0,1911.0,0.0062880304255761,1
7096,22.0,38.4666666666667,441.0,1915.66666666667,0.0063081843596809,1
7097,22.0,38.47,438.0,1932.25,0.0063087365404564,1
7098,22.0,38.5675,438.0,1933.75,0.0063248882575303,1
7099,22.0,38.59,438.0,1940.0,0.0063286156947842,1
7100,22.0,38.5675,438.0,1938.25,0.0063248882575303,1
7101,22.0,38.56,441.0,1935.33333333333,0.0063236457882733,1
7102,22.025,38.7,438.0,1943.5,0.0063566232974246,1
7103,22.0,38.645,438.0,1940.0,0.0063377273942556,1
7104,22.0,38.6175,438.0,1949.25,0.0063331715114869,1
7105,22.05,38.7675,438.0,1950.75,0.006377638668192,1
7106,22.0666666666667,38.79,441.0,1955.33333333333,0.0063879325901194,1
7107,22.05,38.69,438.0,1962.75,0.0063647586862997,1
7108,22.025,38.8,438.0,1959.25,0.0063732169805113,1
7109,22.0333333333333,38.6566666666667,441.0,1968.33333333333,0.0063526935235241,1
7110,22.075,38.745,438.0,1974.5,0.0063837215671284,1
7111,22.075,38.895,438.0,1981.25,0.0064086905774084,1
7112,22.1,38.845,438.0,1972.5,0.0064102289660042,1
7113,22.1,39.0,438.0,1984.5,0.0064360718415023,1
7114,22.075,38.8975,438.0,1991.75,0.0064091067443912,1
7115,22.05,38.9975,438.0,1994.25,0.0064158662395385,1
7116,22.1,39.045,438.0,2008.25,0.0064435750099362,1
7117,22.0666666666667,39.0266666666667,441.0,2014.33333333333,0.0064273095609689,1
7118,22.1,39.0425,442.5,2014.0,0.006443158162545,1
7119,22.1,39.0,447.0,2016.33333333333,0.0064360718415023,1
7120,22.1,38.97,443.5,2011.25,0.0064310698287483,1
7121,22.1,38.76,447.0,2003.33333333333,0.0063960579688928,1
7122,22.1,38.69,447.0,1995.0,0.0063843882158672,1
7123,22.1,38.845,447.0,2005.0,0.0064102289660042,1
7124,22.1,38.8,447.0,2012.75,0.0064027265938005,1
7125,22.1,38.79,447.0,2011.5,0.0064010594243045,1
7126,22.1,38.745,447.0,1993.75,0.0063935572710418,1
7127,22.1,38.79,447.0,1989.0,0.0064010594243045,1
7128,22.1,38.8225,447.0,1993.5,0.0064064777575102,1
7129,22.1,38.845,447.0,1995.5,0.0064102289660042,1
7130,22.1,38.73,447.0,1981.66666666667,0.0063910565930938,1
7131,22.1,38.834,447.0,1982.0,0.0064083950362563,1
7132,22.1,38.79,447.0,1990.8,0.0064010594243045,1
7133,22.1,38.8633333333333,442.333333333333,1995.33333333333,0.0064132855393714,1
7134,22.1,38.6225,436.5,1989.25,0.0063731356502158,1
7135,22.1,38.6175,436.5,1950.75,0.0063723021428658,1
7136,22.1,38.7675,436.5,1962.25,0.006397308325282,1
7137,22.1,38.7,433.0,1974.5,0.0063860552969056,1
7138,22.1,38.745,433.0,1988.0,0.0063935572710418,1
7139,22.1,38.845,433.0,1987.0,0.0064102289660042,1
7140,22.1,38.845,433.0,2000.25,0.0064102289660042,1
7141,22.1,38.79,433.0,2000.0,0.0064010594243045,1
7142,22.1,38.8266666666667,433.0,2001.0,0.006407172422371,1
7143,22.1,38.79,433.0,1997.5,0.0064010594243045,1
7144,22.1,38.845,433.0,1997.5,0.0064102289660042,1
7145,22.1,38.845,433.0,2007.5,0.0064102289660042,1
7146,22.1,38.79,433.0,2007.0,0.0064010594243045,1
7147,22.1,38.8725,433.0,1997.5,0.0064148138372054,1
7148,22.1,38.95,433.0,2001.0,0.0064277351978158,1
7149,22.1,38.9475,433.0,2010.5,0.0064273183714376,1
7150,22.1,39.0,433.0,2005.0,0.0064360718415023,1
7151,22.1,39.0,433.0,2007.66666666667,0.0064360718415023,1
7152,22.1,38.9725,433.0,2008.25,0.0064314866601032,1
7153,22.1,39.0225,433.0,2012.25,0.0064398234033235,1
7154,22.1,39.0,433.0,2027.5,0.0064360718415023,1
7155,22.1,39.0,433.0,2028.5,0.0064360718415023,1
7156,22.1,38.975,433.0,2021.75,0.006431903492011,1
7157,22.1,39.0,433.0,2012.5,0.0064360718415023,1
7158,22.1,38.975,433.0,2007.0,0.006431903492011,1
7159,22.1,39.0225,433.0,2008.25,0.0064398234033235,1
7160,22.1,39.045,433.0,2019.25,0.0064435750099362,1
7161,22.1,39.03,433.0,2028.0,0.0064410739338842,1
7162,22.1,39.0675,433.0,2015.5,0.0064473266613412,1
7163,22.1,39.0,433.0,2010.33333333333,0.0064360718415023,1
7164,22.1,39.0225,433.0,2019.0,0.0064398234033235,1
7165,22.1,39.0675,433.0,2022.5,0.0064473266613412,1
7166,22.1,39.03,433.0,2016.0,0.0064410739338842,1
7167,22.1,39.09,433.0,2013.0,0.0064510783575393,1
7168,22.1,39.09,433.0,2017.25,0.0064510783575393,1
7169,22.1,39.1175,433.0,2012.5,0.006455663824835,1
7170,22.1,39.09,433.0,2026.0,0.0064510783575393,1
7171,22.1333333333333,39.09,433.0,2023.0,0.0064643328919843,1
7172,22.1,39.09,433.0,2027.5,0.0064510783575393,1
7173,22.1,39.0675,433.0,2025.25,0.0064473266613412,1
7174,22.1,39.0675,433.0,2028.25,0.0064473266613412,1
7175,22.1,38.7966666666667,433.0,2012.33333333333,0.0064021708696523,1
7176,22.1,38.86,433.0,1998.33333333333,0.0064127297965476,1
7177,22.1,38.7225,426.0,1984.25,0.0063898062615833,1
7178,22.1,38.9,413.666666666667,1973.33333333333,0.0064193987753092,1
7179,22.175,38.9725,328.0,1986.5,0.0064612516694346,1
7180,22.175,38.895,397.0,1984.75,0.0064482697399934,1
7181,22.23,38.93,403.666666666667,1995.0,0.0064760132367102,1
7182,22.245,38.87,419.0,1995.75,0.0064718979303714,1
7183,22.245,38.695,419.0,1994.5,0.0064424584390556,1
7184,22.29,38.59,419.0,1992.5,0.00644260186073,1
7185,22.2675,38.62,433.0,1978.75,0.00643874686034,1
7186,22.2,38.4,433.0,1959.0,0.0063751651557055,1
7187,22.2,38.45,433.0,1954.0,0.0063835513446645,1
7188,22.2,38.4333333333333,429.5,1943.5,0.0063807559234737,1
7189,22.2,38.4,433.0,1923.75,0.0063751651557055,1
7190,22.15,38.425,433.0,1917.5,0.0063597593406323,1
7191,22.125,38.45,433.0,1926.0,0.0063541535242757,1
7192,22.1,38.4,433.0,1927.5,0.0063360467132003,1
7193,22.125,38.3175,433.0,1921.75,0.0063320339861198,1
7194,22.1,38.29,433.0,1917.5,0.0063177122267782,1
7195,22.1,38.29,433.0,1901.75,0.0063177122267782,1
7196,22.1,38.29,433.0,1893.33333333333,0.0063177122267782,1
7197,22.1,38.27875,430.666666666667,1893.83333333333,0.0063158371691592,1
7198,22.1,38.2675,428.333333333333,1894.33333333333,0.0063139621227314,1
7199,22.1,38.2,433.0,1880.0,0.0063027120791756,1
7200,22.1,38.1175,429.5,1871.25,0.006288962573032,1
7201,22.1,38.145,433.0,1863.75,0.006293545674882,1
7202,22.1,38.09,433.0,1859.33333333333,0.0062843795380446,1
7203,22.1,38.09,423.666666666667,1855.0,0.0062843795380446,1
7204,22.1,38.09,429.5,1851.25,0.0062843795380446,1
7205,22.1,38.0675,429.5,1845.0,0.0062806298318773,1
7206,22.1,37.975,433.0,1839.25,0.0062652148434107,1
7207,22.1,37.95,426.0,1831.0,0.0062610487601564,1
7208,22.1,37.9333333333333,428.333333333333,1830.0,0.0062582714020152,1
7209,22.1,37.925,429.5,1826.0,0.006256882732153,1
7210,22.075,37.8975,433.0,1819.25,0.0062426839267885,1
7211,22.1,37.9,426.0,1803.25,0.0062527167593995,1
7212,22.1,37.8175,426.0,1801.75,0.006238969441297,1
7213,22.0666666666667,37.76,423.666666666667,1796.66666666667,0.0062166170322908,1
7214,22.1,37.79,209.5,1788.5,0.0062343871356248,1
7215,22.1,37.69,0.0,1784.5,0.0062177247693849,0
7216,22.0333333333333,37.5966666666667,0.0,1774.0,0.0061767671897627,0
7217,22.0,37.59,0.0,1755.5,0.0061629945016705,0
7218,22.05,37.645,0.0,1742.0,0.0061911382176895,0
7219,22.0,37.59,0.0,1742.0,0.0061629945016705,0
7220,22.0,37.56,0.0,1737.0,0.00615802721484,0
7221,21.89,37.5,0.0,1729.5,0.006106557929125,0
7222,21.89,37.5,0.0,1722.0,0.006106557929125,0
7223,21.89,37.45,0.0,1706.75,0.0060983360237142,0
7224,21.89,37.4,0.0,1697.0,0.0060901143335499,0
7225,21.89,37.4,0.0,1694.0,0.0060901143335499,0
7226,21.84,37.345,0.0,1682.0,0.0060623526596902,0
7227,21.79,37.29,0.0,1678.0,0.0060346983893361,0
7228,21.79,37.29,0.0,1661.5,0.0060346983893361,0
7229,21.79,37.2,0.0,1660.5,0.0060199925851113,0
7230,21.79,37.2,0.0,1640.5,0.0060199925851113,0
7231,21.73,37.1266666666667,0.0,1629.0,0.0059858103783292,0
7232,21.745,37.145,0.0,1627.0,0.0059943406859953,0
7233,21.7,37.145,0.0,1623.5,0.0059777162324367,0
7234,21.7,37.045,0.0,1585.0,0.0059614690691863,0
7235,21.7,37.0,0.0,1573.0,0.0059541581199986,0
7236,21.7,37.0,0.0,1545.66666666667,0.0059541581199986,0
7237,21.6333333333333,36.9333333333333,0.0,1544.33333333333,0.005918916163291,0
7238,21.6,36.9,0.0,1536.0,0.0059013622776979,0
7239,21.6,36.925,0.0,1534.25,0.0059053984504952,0
7240,21.6,36.9,0.0,1530.0,0.0059013622776979,0
7241,21.55,36.79,0.0,1517.0,0.0058654588353612,0
7242,21.55,36.845,0.0,1512.0,0.0058743103424664,0
7243,21.5333333333333,36.79,0.0,1508.33333333333,0.0058594215494441,0
7244,21.55,36.745,0.0,1495.0,0.0058582168788124,0
7245,21.5,36.79,0.0,1491.0,0.0058473634717487,0
7246,21.5,36.7,0.0,1474.5,0.0058329248242242,0
7247,21.5,36.7,0.0,1461.5,0.0058329248242242,0
7248,21.5,36.7,0.0,1462.5,0.0058329248242242,0
7249,21.39,36.59,0.0,1466.0,0.0057758619594377,0
7250,21.445,36.6,0.0,1453.5,0.0057971392504535,0
7251,21.39,36.59,0.0,1449.0,0.0057758619594377,0
7252,21.39,36.5,0.0,1429.0,0.0057615235421928,0
7253,21.39,36.5,0.0,1421.0,0.0057615235421928,0
7254,21.39,36.5,0.0,1419.0,0.0057615235421928,0
7255,21.34,36.5,0.0,1408.0,0.0057437299094764,0
7256,21.29,36.4,0.0,1399.5,0.0057101532692636,0
7257,21.29,36.4,0.0,1391.0,0.0057101532692636,0
7258,21.29,36.5,0.0,1390.0,0.0057259849164889,0
7259,21.29,36.4333333333333,0.0,1392.33333333333,0.0057154303962748,0
7260,21.29,36.4,0.0,1381.0,0.0057101532692636,0
7261,21.29,36.45,0.0,1381.5,0.005718068993054,0
7262,21.2,36.29,0.0,1372.0,0.0056611070033777,0
7263,21.2,36.245,0.0,1355.0,0.0056540233575047,0
7264,21.2,36.2,0.0,1356.0,0.0056469398715189,0
7265,21.2,36.2,0.0,1341.0,0.0056469398715189,0
7266,21.2,36.2,0.0,1335.5,0.0056469398715189,0
7267,21.2,36.2,0.0,1320.5,0.0056469398715189,0
7268,21.2,36.2,0.0,1313.0,0.0056469398715189,0
7269,21.1,36.2,0.0,1298.0,0.005612063544187,0
7270,21.1,36.2,0.0,1303.0,0.005612063544187,0
7271,21.1,36.2,0.0,1295.0,0.005612063544187,0
7272,21.1,36.145,0.0,1287.0,0.0056034601139126,0
7273,21.0,36.09,0.0,1280.0,0.0055602785831208,0
7274,21.05,36.145,0.0,1275.5,0.0055861203808822,0
7275,21.0,36.09,0.0,1268.0,0.0055602785831208,0
7276,21.0,36.145,0.0,1267.5,0.0055688281347196,0
7277,21.0,36.09,0.0,1267.0,0.0055602785831208,0
7278,21.0,36.1266666666667,0.0,1267.66666666667,0.0055659782583035,0
7279,21.0,36.09,0.0,1265.0,0.0055602785831208,0
7280,21.0,36.09,0.0,1256.0,0.0055602785831208,0
7281,21.0,36.09,0.0,1250.0,0.0055602785831208,0
7282,20.945,36.09,0.0,1249.5,0.0055413412004038,0
7283,20.89,36.09,0.0,1243.0,0.0055224608991234,0
7284,20.89,36.045,0.0,1237.0,0.0055155139780628,0
7285,20.89,36.0,0.0,1227.0,0.0055085672108109,0
7286,20.945,36.0,0.0,1206.5,0.005527399593674,0
7287,20.89,36.0,0.0,1211.66666666667,0.0055085672108109,0
7288,20.89,36.0,0.0,1204.0,0.0055085672108109,0
7289,20.89,35.95,0.0,1204.0,0.0055008487609175,0
7290,20.89,35.9,0.0,1200.0,0.005493130500898,0
7291,20.89,35.9,0.0,1194.0,0.005493130500898,0
7292,20.8233333333333,35.8266666666667,0.0,1182.66666666667,0.0054591711830722,0
7293,20.79,35.79,0.0,1169.0,0.0054422580579229,0
7294,20.79,35.79,0.0,1161.0,0.0054422580579229,0
7295,20.79,35.79,0.0,1158.0,0.0054422580579229,0
7296,20.79,35.7,0.0,1165.0,0.005428453141968,0
7297,20.79,35.7,0.0,1152.5,0.005428453141968,0
7298,20.79,35.73,0.0,1145.66666666667,0.0054330547131226,0
7299,20.7,35.7,0.0,1136.5,0.0053981859236734,0
7300,20.7,35.7,0.0,1136.0,0.0053981859236734,0
7301,20.7,35.7,0.0,1131.0,0.0053981859236734,0
7302,20.7,35.7,0.0,1133.5,0.0053981859236734,0
7303,20.7,35.7,0.0,1134.0,0.0053981859236734,0
7304,20.7,35.59,0.0,1120.0,0.0053814089521276,0
7305,20.7,35.59,0.0,1116.0,0.0053814089521276,0
7306,20.7,35.59,0.0,1098.0,0.0053814089521276,0
7307,20.7,35.59,0.0,1101.5,0.0053814089521276,0
7308,20.7,35.59,0.0,1108.0,0.0053814089521276,0
7309,20.7,35.5,0.0,1099.0,0.0053676830064067,0
7310,20.7,35.4,0.0,1082.0,0.0053524326599921,0
7311,20.7,35.5,0.0,1081.0,0.0053676830064067,0
7312,20.7675,35.4,0.0,1078.25,0.0053749251051387,0
7313,20.73,35.4,0.0,1065.66666666667,0.0053624190034899,0
7314,20.7,35.345,0.0,1060.0,0.0053440452854922,0
7315,20.7,35.29,0.0,1060.5,0.005335658135259,0
7316,20.7,35.29,0.0,1060.0,0.005335658135259,0
7317,20.7,35.29,0.0,1059.0,0.005335658135259,0
7318,20.7,35.29,0.0,1054.0,0.005335658135259,0
7319,20.7,35.29,0.0,1044.0,0.005335658135259,0
7320,20.7,35.29,0.0,1048.0,0.005335658135259,0
7321,20.6666666666667,35.26,0.0,1039.66666666667,0.0053200513344984,0
7322,20.7,35.29,0.0,1029.0,0.005335658135259,0
7323,20.7,35.29,0.0,1031.5,0.005335658135259,0
7324,20.7,35.29,0.0,1020.0,0.005335658135259,0
7325,20.6666666666667,35.26,0.0,1019.33333333333,0.0053200513344984,0
7326,20.6333333333333,35.23,0.0,1018.0,0.0053044838727835,0
7327,20.6333333333333,35.23,0.0,1015.66666666667,0.0053044838727835,0
7328,20.6,35.2,0.0,1008.0,0.0052889556637623,0
7329,20.6,35.145,0.0,1004.0,0.0052806215113409,0
7330,20.6,35.145,0.0,999.0,0.0052806215113409,0
7331,20.6,35.09,0.0,1001.0,0.0052722875803714,0
7332,20.6,35.09,0.0,1000.0,0.0052722875803714,0
7333,20.6,35.09,0.0,1001.0,0.0052722875803714,0
7334,20.6,35.09,0.0,985.5,0.0052722875803714,0
7335,20.6,35.09,0.0,977.0,0.0052722875803714,0
7336,20.6,35.09,0.0,974.5,0.0052722875803714,0
7337,20.5,35.0,0.0,972.0,0.0052260425490221,0
7338,20.6,35.0,0.0,964.0,0.0052586507164392,0
7339,20.6,35.0,0.0,970.5,0.0052586507164392,0
7340,20.5666666666667,35.0,0.0,964.666666666667,0.0052477613915047,0
7341,20.55,35.0,0.0,956.0,0.0052423242109179,0
7342,20.55,35.0,0.0,947.5,0.0052423242109179,0
7343,20.5,34.95,0.0,943.5,0.0052185141368898,0
7344,20.5,34.9,0.0,947.0,0.0052109859054779,0
7345,20.5,34.9,0.0,921.5,0.0052109859054779,0
7346,20.5,34.9,0.0,928.0,0.0052109859054779,0
7347,20.5,34.9,0.0,926.5,0.0052109859054779,0
7348,20.5,34.8633333333333,0.0,921.333333333333,0.0052054653172968,0
7349,20.5,34.79,0.0,917.0,0.0051944244324762,0
7350,20.5,34.9,0.0,916.0,0.0052109859054779,0
7351,20.5,34.79,0.0,911.0,0.0051944244324762,0
7352,20.5,34.79,0.0,912.5,0.0051944244324762,0
7353,20.5,34.79,0.0,902.0,0.0051944244324762,0
7354,20.5,34.79,0.0,893.0,0.0051944244324762,0
7355,20.5,34.79,0.0,886.0,0.0051944244324762,0
7356,20.5,34.745,0.0,890.5,0.00518764953651,0
7357,20.525,34.7,0.0,891.25,0.0051889391260508,0
7358,20.5,34.59,0.0,882.0,0.0051643149040099,0
7359,20.5,34.59,0.0,874.5,0.0051643149040099,0
7360,20.5,34.59,0.0,872.5,0.0051643149040099,0
7361,20.5,34.59,0.0,869.0,0.0051643149040099,0
7362,20.5,34.59,0.0,868.5,0.0051643149040099,0
7363,20.5,34.545,0.0,869.5,0.0051575406585052,0
7364,20.5,34.5,0.0,865.0,0.0051507665593415,0
7365,20.5,34.5,0.0,856.5,0.0051507665593415,0
7366,20.5,34.5,0.0,853.0,0.0051507665593415,0
7367,20.5,34.4,0.0,843.0,0.0051357135295572,0
7368,20.55,34.4,0.0,839.0,0.0051517114612372,0
7369,20.5,34.4,0.0,828.0,0.0051357135295572,0
7370,20.5,34.4,0.0,833.0,0.0051357135295572,0
7371,20.55,34.345,0.0,822.0,0.0051434066024191,0
7372,20.5,34.29,0.0,816.0,0.0051191560313907,0
7373,20.5,34.29,0.0,814.5,0.0051191560313907,0
7374,20.5,34.245,0.0,807.0,0.0051123827614027,0
7375,20.5,34.26,0.0,807.0,0.0051146405018085,0
7376,20.5,34.2,0.0,796.0,0.0051056096377241,0
7377,20.5,34.2,0.0,796.333333333333,0.0051056096377241,0
7378,20.5,34.2,0.0,796.25,0.0051056096377241,0
7379,20.5,34.09,0.0,795.5,0.0050890537290909,0
7380,20.55,34.09,0.0,794.5,0.0051049051306916,0
7381,20.5,34.0,0.0,793.0,0.0050755086358581,0
7382,20.5,34.09,0.0,788.5,0.0050890537290909,0
7383,20.5,34.09,0.0,788.0,0.0050890537290909,0
7384,20.5,34.045,0.0,782.0,0.0050822811093304,0
7385,20.5,34.0,0.0,771.0,0.0050755086358581,0
7386,20.5,34.09,0.0,772.666666666667,0.0050890537290909,0
7387,20.5,34.09,0.0,774.0,0.0050890537290909,0
7388,20.5,34.09,0.0,767.0,0.0050890537290909,0
7389,20.5,34.0,0.0,771.0,0.0050755086358581,0
7390,20.5,34.0675,0.0,762.5,0.0050856674009243,0
7391,20.5,34.09,0.0,756.0,0.0050890537290909,0
7392,20.5,34.045,0.0,748.5,0.0050822811093304,0
7393,20.5,34.045,0.0,751.5,0.0050822811093304,0
7394,20.5,34.0,0.0,754.0,0.0050755086358581,0
7395,20.5,34.0,0.0,752.0,0.0050755086358581,0
7396,20.5,34.0,0.0,750.5,0.0050755086358581,0
7397,20.5,34.0,0.0,757.0,0.0050755086358581,0
7398,20.5,34.0,0.0,755.0,0.0050755086358581,0
7399,20.5,33.9,0.0,744.5,0.0050604592185327,0
7400,20.5,33.9,0.0,740.0,0.0050604592185327,0
7401,20.5,33.9,0.0,726.0,0.0050604592185327,0
7402,20.5,33.9,0.0,723.0,0.0050604592185327,0
7403,20.5,33.8266666666667,0.0,722.666666666667,0.0050494234382482,0
7404,20.5,33.79,0.0,726.0,0.0050439056937706,0
7405,20.5,33.8725,0.0,723.75,0.0050563207554049,0
7406,20.5,33.79,0.0,721.5,0.0050439056937706,0
7407,20.5,33.79,0.0,716.5,0.0050439056937706,0
7408,20.5,33.79,0.0,714.0,0.0050439056937706,0
7409,20.5,33.79,0.0,719.5,0.0050439056937706,0
7410,20.5,33.79,0.0,723.0,0.0050439056937706,0
7411,20.5,33.76,0.0,704.0,0.0050393912477896,0
7412,20.5,33.79,0.0,695.0,0.0050439056937706,0
7413,20.5,33.7,0.0,694.333333333333,0.0050303625508372,0
7414,20.5,33.7,0.0,692.5,0.0050303625508372,0
7415,20.5,33.745,0.0,690.5,0.0050371340491755,0
7416,20.5,33.745,0.0,687.5,0.0050371340491755,0
7417,20.5,33.6266666666667,0.0,681.666666666667,0.0050193278298742,0
7418,20.5,33.59,0.0,683.0,0.0050138106150364,0
7419,20.5,33.59,0.0,684.0,0.0050138106150364,0
7420,20.5,33.6266666666667,0.0,675.666666666667,0.0050193278298742,0
7421,20.5,33.59,0.0,676.0,0.0050138106150364,0
7422,20.5,33.59,0.0,678.5,0.0050138106150364,0
7423,20.5,33.59,0.0,677.0,0.0050138106150364,0
7424,20.5,33.59,0.0,678.0,0.0050138106150364,0
7425,20.5,33.59,0.0,671.0,0.0050138106150364,0
7426,20.5,33.59,0.0,675.333333333333,0.0050138106150364,0
7427,20.5,33.59,0.0,673.0,0.0050138106150364,0
7428,20.5,33.59,0.0,667.0,0.0050138106150364,0
7429,20.5,33.59,0.0,663.0,0.0050138106150364,0
7430,20.5,33.59,0.0,657.0,0.0050138106150364,0
7431,20.5,33.59,0.0,650.0,0.0050138106150364,0
7432,20.5,33.545,0.0,652.0,0.0050070396204347,0
7433,20.5,33.59,0.0,653.5,0.0050138106150364,0
7434,20.5,33.5,0.0,652.0,0.0050002687720686,0
7435,20.5,33.5,0.0,647.5,0.0050002687720686,0
7436,20.5,33.5,0.0,646.0,0.0050002687720686,0
7437,20.5,33.5,0.0,645.0,0.0050002687720686,0
7438,20.5,33.5,0.0,712.5,0.0050002687720686,0
7439,20.5,33.5,0.0,759.0,0.0050002687720686,0
7440,20.4633333333333,33.4666666666667,0.0,655.666666666667,0.0049838721817003,0
7441,20.5,33.5,0.0,660.5,0.0050002687720686,0
7442,20.5,33.5,0.0,657.5,0.0050002687720686,0
7443,20.5,33.5,0.0,640.0,0.0050002687720686,0
7444,20.5,33.5,0.0,641.0,0.0050002687720686,0
7445,20.5,33.5,0.0,639.0,0.0050002687720686,0
7446,20.5,33.5,0.0,634.0,0.0050002687720686,0
7447,20.5,33.5,0.0,632.0,0.0050002687720686,0
7448,20.5,33.45,0.0,637.5,0.0049927457787226,0
7449,20.5,33.4,0.0,662.0,0.004985222965902,0
7450,20.5,33.4,0.0,646.5,0.004985222965902,0
7451,20.5,33.4,0.0,629.0,0.004985222965902,0
7452,20.5,33.4,0.0,622.0,0.004985222965902,0
7453,20.4633333333333,33.3633333333333,0.0,621.666666666667,0.0049683608131327,0
7454,20.5,33.4,0.0,627.0,0.004985222965902,0
7455,20.5,33.29,0.0,630.0,0.0049686734131142,0
7456,20.5,33.345,0.0,625.5,0.0049769480802984,0
7457,20.5,33.4,0.0,617.0,0.004985222965902,0
7458,20.5,33.29,0.0,614.5,0.0049686734131142,0
7459,20.5,33.29,0.0,613.0,0.0049686734131142,0
7460,20.445,33.29,0.0,619.0,0.0049517016631172,0
7461,20.5,33.29,0.0,1365.0,0.0049686734131142,0
7462,20.5,33.29,0.0,894.0,0.0049686734131142,0
7463,20.5,33.29,0.0,1101.33333333333,0.0049686734131142,0
7464,20.5,33.29,0.0,1165.0,0.0049686734131142,0
7465,20.5,33.29,0.0,622.0,0.0049686734131142,0
7466,20.445,33.245,0.0,617.5,0.0049449549504168,0
7467,20.5,33.29,0.0,610.5,0.0049686734131142,0
7468,20.5,33.2675,0.0,602.75,0.0049652883849448,0
7469,20.5,33.29,0.0,596.5,0.0049686734131142,0
7470,20.5,33.29,0.0,598.0,0.0049686734131142,0
7471,20.445,33.245,0.0,594.0,0.0049449549504168,0
7472,20.445,33.245,0.0,593.5,0.0049449549504168,0
7473,20.445,33.245,0.0,590.0,0.0049449549504168,0
7474,20.445,33.19,0.0,582.0,0.0049367091654162,0
7475,20.445,33.19,0.0,588.5,0.0049367091654162,0
7476,20.5,33.1633333333333,0.0,593.666666666667,0.0049496174345495,0
7477,20.5,33.2,0.0,594.5,0.004955133519744,0
7478,20.5,33.09,0.0,588.0,0.0049385855553457,0
7479,20.5,33.09,0.0,584.0,0.0049385855553457,0
7480,20.5,33.09,0.0,583.0,0.0049385855553457,0
7481,20.5,33.2,0.0,583.333333333333,0.004955133519744,0
7482,20.5,33.2,0.0,579.5,0.004955133519744,0
7483,20.5,33.2,0.0,583.5,0.004955133519744,0
7484,20.5,33.2,0.0,585.0,0.004955133519744,0
7485,20.445,33.145,0.0,581.0,0.0049299627753829,0
7486,20.39,33.09,0.0,579.0,0.0049049001575504,0
7487,20.5,33.09,0.0,578.5,0.0049385855553457,0
7488,20.5,33.145,0.0,577.5,0.0049468594283509,0
7489,20.5,33.09,0.0,571.0,0.0049385855553457,0
7490,20.5,33.09,0.0,576.0,0.0049385855553457,0
7491,20.5,33.09,0.0,581.0,0.0049385855553457,0
7492,20.5,33.09,0.0,572.0,0.0049385855553457,0
7493,20.5,33.09,0.0,561.0,0.0049385855553457,0
7494,20.5,33.09,0.0,562.0,0.0049385855553457,0
7495,20.4266666666667,33.03,0.0,564.0,0.0049071215997317,0
7496,20.39,33.0,0.0,567.0,0.0048914546290098,0
7497,20.5,33.09,0.0,562.0,0.0049385855553457,0
7498,20.445,33.045,0.0,559.0,0.0049149713173495,0
7499,20.5,33.09,0.0,570.0,0.0049385855553457,0
7500,20.5,33.09,0.0,563.0,0.0049385855553457,0
7501,20.5,33.09,0.0,557.0,0.0049385855553457,0
7502,20.39,33.0,0.0,558.0,0.0048914546290098,0
7503,20.5,33.09,0.0,554.0,0.0049385855553457,0
7504,20.445,33.045,0.0,552.5,0.0049149713173495,0
7505,20.445,33.045,0.0,550.5,0.0049149713173495,0
7506,20.4266666666667,33.03,0.0,549.0,0.0049071215997317,0
7507,20.5,33.09,0.0,554.0,0.0049385855553457,0
7508,20.5,33.09,0.0,550.0,0.0049385855553457,0
7509,20.39,33.0,0.0,549.0,0.0048914546290098,0
7510,20.39,33.0,0.0,545.5,0.0048914546290098,0
7511,20.5,33.0,0.0,546.0,0.0049250469614733,0
7512,20.445,33.045,0.0,545.5,0.0049149713173495,0
7513,20.445,33.0,0.0,546.0,0.0049082253951423,0
7514,20.445,33.0,0.0,543.0,0.0049082253951423,0
7515,20.39,33.0,0.0,544.5,0.0048914546290098,0
7516,20.39,33.0,0.0,545.0,0.0048914546290098,0
7517,20.5,33.0,0.0,543.0,0.0049250469614733,0
7518,20.39,33.0,0.0,540.5,0.0048914546290098,0
7519,20.39,33.0,0.0,542.0,0.0048914546290098,0
7520,20.445,33.0225,0.0,539.5,0.0049115983380984,0
7521,20.39,33.0,0.0,541.0,0.0048914546290098,0
7522,20.39,33.0,0.0,540.0,0.0048914546290098,0
7523,20.39,33.0,0.0,538.0,0.0048914546290098,0
7524,20.39,33.0,0.0,541.5,0.0048914546290098,0
7525,20.39,33.0,0.0,543.0,0.0048914546290098,0
7526,20.39,33.0,0.0,540.5,0.0048914546290098,0
7527,20.39,33.0,0.0,538.0,0.0048914546290098,0
7528,20.39,32.9,0.0,527.0,0.0048765158292672,0
7529,20.39,33.0,0.0,526.5,0.0048914546290098,0
7530,20.39,33.0,0.0,530.0,0.0048914546290098,0
7531,20.39,32.9,0.0,527.0,0.0048765158292672,0
7532,20.39,33.0,0.0,531.25,0.0048914546290098,0
7533,20.39,33.0,0.0,533.0,0.0048914546290098,0
7534,20.39,33.0,0.0,535.333333333333,0.0048914546290098,0
7535,20.39,33.0,0.0,529.0,0.0048914546290098,0
7536,20.39,32.9,0.0,527.0,0.0048765158292672,0
7537,20.39,33.0,0.0,531.0,0.0048914546290098,0
7538,20.39,33.0,0.0,532.0,0.0048914546290098,0
7539,20.39,33.0,0.0,530.0,0.0048914546290098,0
7540,20.39,33.0,0.0,521.0,0.0048914546290098,0
7541,20.39,33.0,0.0,521.5,0.0048914546290098,0
7542,20.39,32.9,0.0,524.0,0.0048765158292672,0
7543,20.39,32.9,0.0,523.0,0.0048765158292672,0
7544,20.39,33.0,0.0,520.5,0.0048914546290098,0
7545,20.39,33.0,0.0,520.0,0.0048914546290098,0
7546,20.39,33.0,0.0,521.333333333333,0.0048914546290098,0
7547,20.39,33.0,0.0,523.0,0.0048914546290098,0
7548,20.39,32.9,0.0,515.0,0.0048765158292672,0
7549,20.39,32.95,0.0,514.5,0.0048839851401397,0
7550,20.39,32.95,0.0,511.0,0.0048839851401397,0
7551,20.39,33.0,0.0,513.0,0.0048914546290098,0
7552,20.39,32.95,0.0,513.0,0.0048839851401397,0
7553,20.39,32.9,0.0,514.0,0.0048765158292672,0
7554,20.39,32.9,0.0,511.0,0.0048765158292672,0
7555,20.39,32.9,0.0,502.0,0.0048765158292672,0
7556,20.39,32.9,0.0,506.333333333333,0.0048765158292672,0
7557,20.39,32.9,0.0,505.5,0.0048765158292672,0
7558,20.39,32.9,0.0,510.0,0.0048765158292672,0
7559,20.39,32.9,0.0,508.0,0.0048765158292672,0
7560,20.39,32.9,0.0,506.5,0.0048765158292672,0
7561,20.39,32.9,0.0,501.0,0.0048765158292672,0
7562,20.39,32.9,0.0,512.0,0.0048765158292672,0
7563,20.39,32.9,0.0,511.0,0.0048765158292672,0
7564,20.39,32.9,0.0,504.0,0.0048765158292672,0
7565,20.39,32.9,0.0,502.5,0.0048765158292672,0
7566,20.39,32.9,0.0,501.0,0.0048765158292672,0
7567,20.39,32.9,0.0,502.0,0.0048765158292672,0
7568,20.39,32.9,0.0,505.0,0.0048765158292672,0
7569,20.39,33.0,0.0,506.5,0.0048914546290098,0
7570,20.39,32.95,0.0,498.5,0.0048839851401397,0
7571,20.3566666666667,33.0,0.0,500.333333333333,0.0048813151957013,0
7572,20.39,33.0,0.0,500.5,0.0048914546290098,0
7573,20.39,32.9666666666667,0.0,500.333333333333,0.0048864749499852,0
7574,20.365,32.95,0.0,500.5,0.0048763905276143,0
7575,20.39,32.9,0.0,498.0,0.0048765158292672,0
7576,20.39,32.9,0.0,499.0,0.0048765158292672,0
7577,20.39,32.9,0.0,500.5,0.0048765158292672,0
7578,20.39,32.95,0.0,503.0,0.0048839851401397,0
7579,20.39,33.0,0.0,503.0,0.0048914546290098,0
7580,20.39,33.0,0.0,508.0,0.0048914546290098,0
7581,20.39,33.0,0.0,499.0,0.0048914546290098,0
7582,20.34,33.0,0.0,499.5,0.0048762524487232,0
7583,20.29,33.0,0.0,499.333333333333,0.004861092042156,0
7584,20.29,33.0,0.0,492.0,0.004861092042156,0
7585,20.29,33.0,0.0,488.5,0.004861092042156,0
7586,20.29,33.0,0.0,490.0,0.004861092042156,0
7587,20.39,33.0,0.0,487.0,0.0048914546290098,0
7588,20.3233333333333,33.0,0.0,489.666666666667,0.0048711943432678,0
7589,20.29,33.0,0.0,488.0,0.004861092042156,0
7590,20.34,32.95,0.0,481.0,0.0048688063546182,0
7591,20.29,33.0,0.0,487.0,0.004861092042156,0
7592,20.34,33.0,0.0,490.5,0.0048762524487232,0
7593,20.3233333333333,32.9666666666667,0.0,488.333333333333,0.004866235450059,0
7594,20.29,33.0,0.0,489.0,0.004861092042156,0
7595,20.34,33.0,0.0,489.5,0.0048762524487232,0
7596,20.315,33.0,0.0,487.0,0.004868667029957,0
7597,20.34,33.0,0.0,483.666666666667,0.0048762524487232,0
7598,20.34,32.95,0.0,488.0,0.0048688063546182,0
7599,20.29,33.0,0.0,488.0,0.004861092042156,0
7600,20.29,33.0,0.0,490.0,0.004861092042156,0
7601,20.29,33.0,0.0,488.0,0.004861092042156,0
7602,20.29,33.0,0.0,487.0,0.004861092042156,0
7603,20.3233333333333,33.0,0.0,483.5,0.0048711943432678,0
7604,20.29,33.0,0.0,482.0,0.004861092042156,0
7605,20.29,33.0,0.0,482.0,0.004861092042156,0
7606,20.29,33.0,0.0,484.0,0.004861092042156,0
7607,20.29,32.95,0.0,483.5,0.0048536692774105,0
7608,20.29,33.0,0.0,482.5,0.004861092042156,0
7609,20.29,33.0,0.0,485.0,0.004861092042156,0
7610,20.34,33.0,0.0,478.5,0.0048762524487232,0
7611,20.29,32.975,0.0,474.75,0.0048573806378096,0
7612,20.3233333333333,32.9666666666667,0.0,476.333333333333,0.004866235450059,0
7613,20.29,32.9,0.0,481.0,0.0048462466884512,0
7614,20.39,32.9,0.0,479.0,0.0048765158292672,0
7615,20.29,32.925,0.0,480.0,0.004849957960958,0
7616,20.29,33.0,0.0,478.0,0.004861092042156,0
7617,20.29,32.9,0.0,480.5,0.0048462466884512,0
7618,20.29,33.0,0.0,477.5,0.004861092042156,0
7619,20.29,32.9333333333333,0.0,477.333333333333,0.0048511950615592,0
7620,20.29,33.0,0.0,477.0,0.004861092042156,0
7621,20.29,33.0,0.0,477.5,0.004861092042156,0
7622,20.29,33.0,0.0,480.0,0.004861092042156,0
7623,20.29,33.0,0.0,482.0,0.004861092042156,0
7624,20.34,33.0,0.0,479.5,0.0048762524487232,0
7625,20.29,33.0,0.0,482.0,0.004861092042156,0
7626,20.29,33.0,0.0,478.0,0.004861092042156,0
7627,20.29,32.9,0.0,479.0,0.0048462466884512,0
7628,20.29,33.0,0.0,477.0,0.004861092042156,0
7629,20.29,32.9,0.0,477.0,0.0048462466884512,0
7630,20.3233333333333,33.0,0.0,480.333333333333,0.0048711943432678,0
7631,20.29,32.9,0.0,482.0,0.0048462466884512,0
7632,20.29,32.9666666666667,0.0,482.0,0.0048561435127935,0
7633,20.29,33.0,0.0,476.0,0.004861092042156,0
7634,20.29,33.0,0.0,471.5,0.004861092042156,0
7635,20.29,33.0,0.0,470.0,0.004861092042156,0
7636,20.29,32.9666666666667,0.0,482.0,0.0048561435127935,0
7637,20.29,33.0,0.0,478.5,0.004861092042156,0
7638,20.29,33.0,0.0,472.0,0.004861092042156,0
7639,20.29,32.95,0.0,475.0,0.0048536692774105,0
7640,20.29,32.95,0.0,474.0,0.0048536692774105,0
7641,20.29,32.9666666666667,0.0,469.0,0.0048561435127935,0
7642,20.29,32.9,0.0,469.0,0.0048462466884512,0
7643,20.29,32.9,0.0,467.0,0.0048462466884512,0
7644,20.29,32.9,0.0,469.0,0.0048462466884512,0
7645,20.29,32.9,0.0,473.0,0.0048462466884512,0
7646,20.29,32.9,0.0,474.0,0.0048462466884512,0
7647,20.29,32.9,0.0,474.0,0.0048462466884512,0
7648,20.29,32.9,0.0,471.0,0.0048462466884512,0
7649,20.29,32.9,0.0,472.0,0.0048462466884512,0
7650,20.29,32.95,0.0,468.0,0.0048536692774105,0
7651,20.29,32.9,0.0,465.5,0.0048462466884512,0
7652,20.29,32.9,0.0,471.0,0.0048462466884512,0
7653,20.29,32.95,0.0,473.0,0.0048536692774105,0
7654,20.29,32.95,0.0,473.0,0.0048536692774105,0
7655,20.245,32.9,0.0,469.0,0.0048326798369998,0
7656,20.245,32.95,0.0,465.5,0.0048400814863093,0
7657,20.29,33.0,0.0,461.0,0.004861092042156,0
7658,20.29,33.0,0.0,467.0,0.004861092042156,0
7659,20.29,33.0,0.0,468.666666666667,0.004861092042156,0
7660,20.29,33.0,0.0,471.0,0.004861092042156,0
7661,20.29,33.0,0.0,470.0,0.004861092042156,0
7662,20.29,32.95,0.0,468.0,0.0048536692774105,0
7663,20.29,32.9,0.0,466.0,0.0048462466884512,0
7664,20.29,32.95,0.0,463.0,0.0048536692774105,0
7665,20.29,32.95,0.0,463.0,0.0048536692774105,0
7666,20.29,32.9,0.0,463.333333333333,0.0048462466884512,0
7667,20.29,33.0,0.0,465.0,0.004861092042156,0
7668,20.29,33.0,0.0,465.0,0.004861092042156,0
7669,20.29,32.9,0.0,468.0,0.0048462466884512,0
7670,20.29,32.9,0.0,470.0,0.0048462466884512,0
7671,20.29,32.9,0.0,464.0,0.0048462466884512,0
7672,20.29,32.9,0.0,461.0,0.0048462466884512,0
7673,20.245,32.845,0.0,454.0,0.0048245382246454,0
7674,20.29,33.0,0.0,456.0,0.004861092042156,0
7675,20.29,32.9,0.0,464.5,0.0048462466884512,0
7676,20.29,32.9666666666667,0.0,466.333333333333,0.0048561435127935,0
7677,20.29,32.95,0.0,465.0,0.0048536692774105,0
7678,20.29,32.9,0.0,466.0,0.0048462466884512,0
7679,20.29,32.9333333333333,0.0,460.0,0.0048511950615592,0
7680,20.29,33.0,0.0,457.0,0.004861092042156,0
7681,20.29,32.9,0.0,463.0,0.0048462466884512,0
7682,20.29,32.9,0.0,461.0,0.0048462466884512,0
7683,20.29,32.9,0.0,462.0,0.0048462466884512,0
7684,20.29,32.9,0.0,462.0,0.0048462466884512,0
7685,20.29,32.9,0.0,457.333333333333,0.0048462466884512,0
7686,20.29,32.9,0.0,456.0,0.0048462466884512,0
7687,20.29,32.95,0.0,461.5,0.0048536692774105,0
7688,20.29,33.0,0.0,461.5,0.004861092042156,0
7689,20.29,32.9,0.0,461.0,0.0048462466884512,0
7690,20.29,32.9,0.0,460.0,0.0048462466884512,0
7691,20.29,32.9,0.0,459.0,0.0048462466884512,0
7692,20.29,32.9,0.0,463.0,0.0048462466884512,0
7693,20.29,32.9,0.0,462.0,0.0048462466884512,0
7694,20.29,32.9,0.0,464.0,0.0048462466884512,0
7695,20.29,32.9,0.0,461.0,0.0048462466884512,0
7696,20.245,32.845,0.0,461.5,0.0048245382246454,0
7697,20.29,32.9,0.0,460.0,0.0048462466884512,0
7698,20.29,32.9666666666667,0.0,460.0,0.0048561435127935,0
7699,20.29,32.9333333333333,0.0,459.0,0.0048511950615592,0
7700,20.245,32.895,0.0,456.5,0.0048319396816825,0
7701,20.245,32.845,0.0,452.0,0.0048245382246454,0
7702,20.29,32.9,0.0,456.5,0.0048462466884512,0
7703,20.29,32.9,0.0,458.5,0.0048462466884512,0
7704,20.29,32.9,0.0,460.5,0.0048462466884512,0
7705,20.29,32.9,0.0,459.5,0.0048462466884512,0
7706,20.29,32.9,0.0,461.333333333333,0.0048462466884512,0
7707,20.29,32.9,0.0,460.0,0.0048462466884512,0
7708,20.29,32.9,0.0,457.0,0.0048462466884512,0
7709,20.29,32.9,0.0,462.0,0.0048462466884512,0
7710,20.29,32.9,0.0,460.0,0.0048462466884512,0
7711,20.29,32.9,0.0,463.0,0.0048462466884512,0
7712,20.245,32.845,0.0,461.0,0.0048245382246454,0
7713,20.245,32.845,0.0,459.0,0.0048245382246454,0
7714,20.29,32.9,0.0,459.0,0.0048462466884512,0
7715,20.29,32.9,0.0,463.0,0.0048462466884512,0
7716,20.29,32.9,0.0,460.0,0.0048462466884512,0
7717,20.29,32.9,0.0,458.5,0.0048462466884512,0
7718,20.29,32.9,0.0,458.0,0.0048462466884512,0
7719,20.29,32.9,0.0,459.5,0.0048462466884512,0
7720,20.29,32.9,0.0,459.5,0.0048462466884512,0
7721,20.29,32.9,0.0,457.5,0.0048462466884512,0
7722,20.245,32.845,0.0,455.0,0.0048245382246454,0
7723,20.29,32.9,0.0,460.0,0.0048462466884512,0
7724,20.245,32.845,0.0,455.5,0.0048245382246454,0
7725,20.29,32.9,0.0,457.0,0.0048462466884512,0
7726,20.29,32.9,0.0,455.0,0.0048462466884512,0
7727,20.245,32.845,0.0,452.5,0.0048245382246454,0
7728,20.26,32.8633333333333,0.0,455.333333333333,0.0048317655072152,0
7729,20.245,32.845,0.0,458.5,0.0048245382246454,0
7730,20.29,32.9,0.0,460.0,0.0048462466884512,0
7731,20.29,32.9,0.0,458.0,0.0048462466884512,0
7732,20.29,32.9,0.0,455.5,0.0048462466884512,0
7733,20.29,32.9,0.0,453.333333333333,0.0048462466884512,0
7734,20.29,32.9,0.0,454.0,0.0048462466884512,0
7735,20.29,32.9,0.0,457.0,0.0048462466884512,0
7736,20.29,32.9,0.0,454.333333333333,0.0048462466884512,0
7737,20.245,32.845,0.0,451.0,0.0048245382246454,0
7738,20.2,32.79,0.0,451.0,0.0048029094981687,0
7739,20.29,32.9,0.0,449.0,0.0048462466884512,0
7740,20.29,32.9,0.0,454.0,0.0048462466884512,0
7741,20.29,32.9,0.0,454.5,0.0048462466884512,0
7742,20.245,32.845,0.0,453.0,0.0048245382246454,0
7743,20.245,32.845,0.0,451.5,0.0048245382246454,0
7744,20.2,32.79,0.0,455.0,0.0048029094981687,0
7745,20.29,32.9,0.0,453.0,0.0048462466884512,0
7746,20.29,32.9,0.0,457.0,0.0048462466884512,0
7747,20.29,32.9,0.0,453.5,0.0048462466884512,0
7748,20.23,32.8266666666667,0.0,455.666666666667,0.0048173198017732,0
7749,20.29,32.9,0.0,454.0,0.0048462466884512,0
7750,20.29,32.9,0.0,452.0,0.0048462466884512,0
7751,20.2,32.79,0.0,454.0,0.0048029094981687,0
7752,20.29,32.9,0.0,452.0,0.0048462466884512,0
7753,20.29,32.9,0.0,460.0,0.0048462466884512,0
7754,20.29,32.9,0.0,456.5,0.0048462466884512,0
7755,20.29,32.9,0.0,451.0,0.0048462466884512,0
7756,20.245,32.845,0.0,453.0,0.0048245382246454,0
7757,20.29,32.9,0.0,456.0,0.0048462466884512,0
7758,20.245,32.895,0.0,454.5,0.0048319396816825,0
7759,20.29,32.9,0.0,455.5,0.0048462466884512,0
7760,20.29,32.95,0.0,454.0,0.0048536692774105,0
7761,20.23,32.8266666666667,0.0,455.0,0.0048173198017732,0
7762,20.29,32.9,0.0,453.0,0.0048462466884512,0
7763,20.29,32.9,0.0,452.0,0.0048462466884512,0
7764,20.29,32.9,0.0,455.0,0.0048462466884512,0
7765,20.29,32.95,0.0,450.0,0.0048536692774105,0
7766,20.29,32.9,0.0,450.5,0.0048462466884512,0
7767,20.29,32.9,0.0,452.5,0.0048462466884512,0
7768,20.26,32.8633333333333,0.0,453.333333333333,0.0048317655072152,0
7769,20.2,32.9,0.0,454.5,0.0048191465636018,0
7770,20.2,32.9,0.0,453.0,0.0048191465636018,0
7771,20.2,32.9,0.0,450.666666666667,0.0048191465636018,0
7772,20.245,32.9,0.0,455.0,0.0048326798369998,0
7773,20.2,32.9,0.0,457.5,0.0048191465636018,0
7774,20.2,32.9,0.0,458.0,0.0048191465636018,0
7775,20.2,32.79,0.0,452.0,0.0048029094981687,0
7776,20.26,32.8633333333333,0.0,448.333333333333,0.0048317655072152,0
7777,20.29,32.9,0.0,448.0,0.0048462466884512,0
7778,20.29,32.9,0.0,453.0,0.0048462466884512,0
7779,20.2,32.79,0.0,447.0,0.0048029094981687,0
7780,20.2225,32.8725,0.0,449.0,0.0048218439222569,0
7781,20.2,32.9,0.0,450.5,0.0048191465636018,0
7782,20.2,32.9,0.0,448.333333333333,0.0048191465636018,0
7783,20.2,32.9,0.0,452.0,0.0048191465636018,0
7784,20.2,32.9,0.0,452.333333333333,0.0048191465636018,0
7785,20.2,32.9,0.0,452.0,0.0048191465636018,0
7786,20.29,32.9,0.0,452.0,0.0048462466884512,0
7787,20.29,33.0,0.0,449.0,0.004861092042156,0
7788,20.2,32.9,0.0,448.0,0.0048191465636018,0
7789,20.2,32.9,0.0,451.5,0.0048191465636018,0
7790,20.2,32.9,0.0,451.0,0.0048191465636018,0
7791,20.2,32.9,0.0,445.0,0.0048191465636018,0
7792,20.29,33.0,0.0,448.0,0.004861092042156,0
7793,20.2,32.9,0.0,448.0,0.0048191465636018,0
7794,20.2,32.9,0.0,447.0,0.0048191465636018,0
7795,20.2,32.9,0.0,450.5,0.0048191465636018,0
7796,20.2,32.9,0.0,446.333333333333,0.0048191465636018,0
7797,20.2,32.9,0.0,447.0,0.0048191465636018,0
7798,20.2,32.9,0.0,450.5,0.0048191465636018,0
7799,20.2,32.9,0.0,450.0,0.0048191465636018,0
7800,20.2,32.9,0.0,451.0,0.0048191465636018,0
7801,20.2,32.9,0.0,450.0,0.0048191465636018,0
7802,20.2,32.9,0.0,449.0,0.0048191465636018,0
7803,20.2,32.9,0.0,447.0,0.0048191465636018,0
7804,20.2,32.9,0.0,452.5,0.0048191465636018,0
7805,20.2,32.9,0.0,452.0,0.0048191465636018,0
7806,20.2,32.9,0.0,453.0,0.0048191465636018,0
7807,20.2,32.9,0.0,453.0,0.0048191465636018,0
7808,20.2,32.9,0.0,447.5,0.0048191465636018,0
7809,20.2,32.9,0.0,445.5,0.0048191465636018,0
7810,20.2,32.9,0.0,448.5,0.0048191465636018,0
7811,20.2,32.9,0.0,444.0,0.0048191465636018,0
7812,20.2,32.9,0.0,445.0,0.0048191465636018,0
7813,20.2,32.9,0.0,448.0,0.0048191465636018,0
7814,20.2,32.9,0.0,446.0,0.0048191465636018,0
7815,20.2,32.9,0.0,449.0,0.0048191465636018,0
7816,20.2,32.9,0.0,449.5,0.0048191465636018,0
7817,20.2,32.9,0.0,451.0,0.0048191465636018,0
7818,20.2,32.9,0.0,444.0,0.0048191465636018,0
7819,20.2,32.9,0.0,449.0,0.0048191465636018,0
7820,20.2,32.9,0.0,451.0,0.0048191465636018,0
7821,20.2,32.9,0.0,450.0,0.0048191465636018,0
7822,20.2,32.9,0.0,444.0,0.0048191465636018,0
7823,20.2,32.9,0.0,447.333333333333,0.0048191465636018,0
7824,20.2,32.9,0.0,453.0,0.0048191465636018,0
7825,20.2,32.9,0.0,448.0,0.0048191465636018,0
7826,20.2,32.9,0.0,443.0,0.0048191465636018,0
7827,20.2,32.9,0.0,444.0,0.0048191465636018,0
7828,20.2,32.9,0.0,445.0,0.0048191465636018,0
7829,20.1333333333333,33.0,0.0,441.666666666667,0.0048138588401066,0
7830,20.15,33.0,0.0,446.5,0.0048188642925995,0
7831,20.1,33.0,0.0,449.5,0.0048038617191859,0
7832,20.1,33.0,0.0,443.5,0.0048038617191859,0
7833,20.1,33.0,0.0,447.25,0.0048038617191859,0
7834,20.1,32.95,0.0,449.5,0.0047965270123705,0
7835,20.2,33.0,0.0,449.0,0.0048339082621864,0
7836,20.1,33.0,0.0,446.0,0.0048038617191859,0
7837,20.1666666666667,33.0,0.0,448.0,0.0048238743446656,0
7838,20.2,33.0,0.0,448.0,0.0048339082621864,0
7839,20.15,33.0,0.0,447.0,0.0048188642925995,0
7840,20.2,33.0,0.0,444.0,0.0048339082621864,0
7841,20.2,33.0,0.0,445.5,0.0048339082621864,0
7842,20.1,33.0,0.0,445.0,0.0048038617191859,0
7843,20.15,33.0,0.0,447.5,0.0048188642925995,0
7844,20.15,33.0,0.0,448.0,0.0048188642925995,0
7845,20.2,33.0,0.0,450.5,0.0048339082621864,0
7846,20.2,33.0,0.0,443.0,0.0048339082621864,0
7847,20.1,33.0,0.0,444.0,0.0048038617191859,0
7848,20.1,33.0,0.0,443.5,0.0048038617191859,0
7849,20.2,32.9,0.0,445.5,0.0048191465636018,0
7850,20.2,32.9,0.0,445.0,0.0048191465636018,0
7851,20.1,32.95,0.0,444.0,0.0047965270123705,0
7852,20.1,33.0,0.0,442.666666666667,0.0048038617191859,0
7853,20.15,33.0,0.0,444.5,0.0048188642925995,0
7854,20.1,33.0,0.0,448.0,0.0048038617191859,0
7855,20.1,33.0,0.0,443.5,0.0048038617191859,0
7856,20.1666666666667,33.0,0.0,446.666666666667,0.0048238743446656,0
7857,20.2,33.0,0.0,444.0,0.0048339082621864,0
7858,20.1666666666667,33.0,0.0,445.666666666667,0.0048238743446656,0
7859,20.1333333333333,33.0,0.0,445.0,0.0048138588401066,0
7860,20.1,33.0,0.0,444.0,0.0048038617191859,0
7861,20.1333333333333,33.0,0.0,446.666666666667,0.0048138588401066,0
7862,20.1,33.0,0.0,449.666666666667,0.0048038617191859,0
7863,20.1,33.0,0.0,451.0,0.0048038617191859,0
7864,20.15,33.0,0.0,448.5,0.0048188642925995,0
7865,20.1,33.0,0.0,446.0,0.0048038617191859,0
7866,20.2,33.0,0.0,446.0,0.0048339082621864,0
7867,20.1,33.0,0.0,447.333333333333,0.0048038617191859,0
7868,20.1,33.0,0.0,446.0,0.0048038617191859,0
7869,20.1,33.0,0.0,447.0,0.0048038617191859,0
7870,20.1333333333333,33.0,0.0,446.666666666667,0.0048138588401066,0
7871,20.2,33.0,0.0,450.0,0.0048339082621864,0
7872,20.15,33.0,0.0,446.0,0.0048188642925995,0
7873,20.1,33.0,0.0,442.0,0.0048038617191859,0
7874,20.175,33.0,0.0,449.333333333333,0.0048263810966842,0
7875,20.1,33.0,0.0,446.333333333333,0.0048038617191859,0
7876,20.1,33.0,0.0,444.0,0.0048038617191859,0
7877,20.2,33.0,0.0,445.0,0.0048339082621864,0
7878,20.15,33.0,0.0,444.0,0.0048188642925995,0
7879,20.1333333333333,33.0,0.0,447.666666666667,0.0048138588401066,0
7880,20.2,33.0,0.0,446.0,0.0048339082621864,0
7881,20.15,33.0,0.0,446.5,0.0048188642925995,0
7882,20.1,33.0,0.0,448.0,0.0048038617191859,0
7883,20.1,33.0,0.0,449.0,0.0048038617191859,0
7884,20.1,33.0,0.0,445.0,0.0048038617191859,0
7885,20.2,33.0,0.0,447.5,0.0048339082621864,0
7886,20.15,33.0,0.0,450.0,0.0048188642925995,0
7887,20.15,33.0,0.0,449.5,0.0048188642925995,0
7888,20.15,33.0,0.0,451.5,0.0048188642925995,0
7889,20.15,33.0,0.0,445.5,0.0048188642925995,0
7890,20.2,33.0,0.0,441.0,0.0048339082621864,0
7891,20.2,33.0,0.0,446.0,0.0048339082621864,0
7892,20.2,33.0,0.0,449.0,0.0048339082621864,0
7893,20.1,33.0,0.0,453.0,0.0048038617191859,0
7894,20.2,33.0,0.0,447.0,0.0048339082621864,0
7895,20.15,33.0,0.0,443.5,0.0048188642925995,0
7896,20.1,33.0,0.0,442.0,0.0048038617191859,0
7897,20.2,33.0,0.0,449.0,0.0048339082621864,0
7898,20.2,33.0,0.0,448.0,0.0048339082621864,0
7899,20.1333333333333,33.0,0.0,448.333333333333,0.0048138588401066,0
7900,20.1,33.03,0.0,451.333333333333,0.0048082626256724,0
7901,20.1,33.0,0.0,452.5,0.0048038617191859,0
7902,20.2,33.0,0.0,443.0,0.0048339082621864,0
7903,20.2,33.0,0.0,444.0,0.0048339082621864,0
7904,20.1,33.045,0.0,449.0,0.0048104631020905,0
7905,20.15,33.045,0.0,449.5,0.0048254864504941,0
7906,20.1,33.0,0.0,451.5,0.0048038617191859,0
7907,20.1,33.0,0.0,455.5,0.0048038617191859,0
7908,20.2,33.09,0.0,451.0,0.0048471943853904,0
7909,20.15,33.09,0.0,446.0,0.0048321087483126,0
7910,20.1,33.09,0.0,447.5,0.0048170646240456,0
7911,20.1,33.09,0.0,449.5,0.0048170646240456,0
7912,20.1333333333333,33.09,0.0,445.333333333333,0.0048270894325898,0
7913,20.15,33.09,0.0,446.0,0.0048321087483126,0
7914,20.125,33.09,0.0,444.75,0.0048245815032797,0
7915,20.1,33.09,0.0,447.0,0.0048170646240456,0
7916,20.2,33.09,0.0,448.0,0.0048471943853904,0
7917,20.1,33.0,0.0,443.5,0.0048038617191859,0
7918,20.1,33.0,0.0,444.0,0.0048038617191859,0
7919,20.15,33.045,0.0,444.5,0.0048254864504941,0
7920,20.1333333333333,33.06,0.0,443.5,0.0048226791730365,0
7921,20.1,33.09,0.0,441.0,0.0048170646240456,0
7922,20.1,33.09,0.0,446.0,0.0048170646240456,0
7923,20.2,33.09,0.0,450.0,0.0048471943853904,0
7924,20.15,33.09,0.0,451.5,0.0048321087483126,0
7925,20.1,33.09,0.0,448.0,0.0048170646240456,0
7926,20.1,33.09,0.0,447.0,0.0048170646240456,0
7927,20.1,33.09,0.0,449.0,0.0048170646240456,0
7928,20.1,33.09,0.0,447.5,0.0048170646240456,0
7929,20.1333333333333,33.09,0.0,448.0,0.0048270894325898,0
7930,20.2,33.09,0.0,446.0,0.0048471943853904,0
7931,20.1,33.09,0.0,445.0,0.0048170646240456,0
7932,20.1,33.09,0.0,445.0,0.0048170646240456,0
7933,20.15,33.09,0.0,446.5,0.0048321087483126,0
7934,20.1,33.09,0.0,447.5,0.0048170646240456,0
7935,20.1,33.09,0.0,445.5,0.0048170646240456,0
7936,20.1,33.09,0.0,449.0,0.0048170646240456,0
7937,20.1,33.09,0.0,449.0,0.0048170646240456,0
7938,20.1,33.09,0.0,449.5,0.0048170646240456,0
7939,20.1,33.09,0.0,448.0,0.0048170646240456,0
7940,20.1,33.09,0.0,447.333333333333,0.0048170646240456,0
7941,20.1,33.09,0.0,442.5,0.0048170646240456,0
7942,20.1,33.145,0.0,451.0,0.0048251333397202,0
7943,20.1,33.09,0.0,451.0,0.0048170646240456,0
7944,20.1,33.09,0.0,447.0,0.0048170646240456,0
7945,20.1,33.09,0.0,443.5,0.0048170646240456,0
7946,20.1,33.09,0.0,444.0,0.0048170646240456,0
7947,20.1,33.09,0.0,444.0,0.0048170646240456,0
7948,20.1,33.09,0.0,447.5,0.0048170646240456,0
7949,20.1,33.145,0.0,449.0,0.0048251333397202,0
7950,20.1,33.09,0.0,451.0,0.0048170646240456,0
7951,20.1,33.1633333333333,0.0,448.333333333333,0.004827822957774,0
7952,20.1,33.2,0.0,441.0,0.0048332022631269,0
7953,20.1,33.09,0.0,445.0,0.0048170646240456,0
7954,20.1,33.09,0.0,444.0,0.0048170646240456,0
7955,20.1,33.09,0.0,450.0,0.0048170646240456,0
7956,20.1,33.09,0.0,454.0,0.0048170646240456,0
7957,20.2,33.09,0.0,456.0,0.0048471943853904,0
7958,20.1,33.09,0.0,448.0,0.0048170646240456,0
7959,20.1,33.1266666666667,0.0,448.333333333333,0.0048224437447477,0
7960,20.1,33.09,0.0,449.0,0.0048170646240456,0
7961,20.2,33.09,0.0,455.0,0.0048471943853904,0
7962,20.2,33.09,0.0,451.666666666667,0.0048471943853904,0
7963,20.15,33.145,0.0,454.666666666667,0.0048402028578949,0
7964,20.1,33.09,0.0,454.0,0.0048170646240456,0
7965,20.2,33.09,0.0,454.0,0.0048471943853904,0
7966,20.15,33.09,0.0,446.0,0.0048321087483126,0
7967,20.15,33.2,0.0,449.0,0.0048482971765139,0
7968,20.1333333333333,33.09,0.0,451.0,0.0048270894325898,0
7969,20.15,33.09,0.0,451.0,0.0048321087483126,0
7970,20.1,33.09,0.0,447.666666666667,0.0048170646240456,0
7971,20.1,33.09,0.0,451.0,0.0048170646240456,0
7972,20.1,33.09,0.0,452.0,0.0048170646240456,0
7973,20.2,33.09,0.0,452.5,0.0048471943853904,0
7974,20.1,33.09,0.0,454.0,0.0048170646240456,0
7975,20.2,33.09,0.0,453.5,0.0048471943853904,0
7976,20.2,33.045,0.0,451.0,0.0048405512533873,0
7977,20.2,33.09,0.0,454.0,0.0048471943853904,0
7978,20.2,33.09,0.0,453.5,0.0048471943853904,0
7979,20.245,33.09,0.0,453.0,0.0048608070343299,0
7980,20.2,33.09,0.0,449.0,0.0048471943853904,0
7981,20.29,33.09,0.0,445.0,0.0048744534616992,0
7982,20.2,33.06,0.0,447.333333333333,0.0048427656150767,0
7983,20.2,33.06,0.0,443.333333333333,0.0048427656150767,0
7984,20.23,33.03,0.0,450.666666666667,0.004847391552427,0
7985,20.29,33.09,0.0,450.0,0.0048744534616992,0
7986,20.2675,33.0675,0.0,451.0,0.0048642903279587,0
7987,20.29,33.09,0.0,450.333333333333,0.0048744534616992,0
7988,20.29,33.09,0.0,447.0,0.0048744534616992,0
7989,20.29,33.09,0.0,449.0,0.0048744534616992,0
7990,20.29,33.09,0.0,452.5,0.0048744534616992,0
7991,20.26,33.06,0.0,452.333333333333,0.0048609065974677,0
7992,20.29,33.09,0.0,446.0,0.0048744534616992,0
7993,20.29,33.09,0.0,442.0,0.0048744534616992,0
7994,20.29,33.09,0.0,450.0,0.0048744534616992,0
7995,20.29,33.09,0.0,456.666666666667,0.0048744534616992,0
7996,20.29,33.045,0.0,453.0,0.0048677726807293,0
7997,20.29,33.09,0.0,451.0,0.0048744534616992,0
7998,20.29,33.09,0.0,449.0,0.0048744534616992,0
7999,20.245,33.045,0.0,446.0,0.0048541451015756,0
8000,20.29,33.09,0.0,447.666666666667,0.0048744534616992,0
8001,20.29,33.09,0.0,445.666666666667,0.0048744534616992,0
8002,20.29,33.09,0.0,452.0,0.0048744534616992,0
8003,20.29,33.045,0.0,447.5,0.0048677726807293,0
8004,20.245,33.0,0.0,448.0,0.0048474833104185,0
8005,20.29,33.09,0.0,447.666666666667,0.0048744534616992,0
8006,20.29,33.03,0.0,448.666666666667,0.0048655457853833,0
8007,20.29,33.0,0.0,446.0,0.004861092042156,0
8008,20.29,33.0,0.0,450.0,0.004861092042156,0
8009,20.29,33.0,0.0,456.5,0.004861092042156,0
8010,20.29,33.0,0.0,452.0,0.004861092042156,0
8011,20.29,33.045,0.0,450.5,0.0048677726807293,0
8012,20.29,33.03,0.0,453.333333333333,0.0048655457853833,0
8013,20.29,33.0,0.0,457.0,0.004861092042156,0
8014,20.29,33.0,0.0,452.5,0.004861092042156,0
8015,20.29,33.0,0.0,447.5,0.004861092042156,0
8016,20.29,33.0,0.0,450.0,0.004861092042156,0
8017,20.29,33.0,0.0,452.5,0.004861092042156,0
8018,20.29,33.0,0.0,452.0,0.004861092042156,0
8019,20.29,33.0,0.0,452.5,0.004861092042156,0
8020,20.315,33.0225,0.0,455.5,0.0048720125770554,0
8021,20.29,33.0,0.0,455.0,0.004861092042156,0
8022,20.29,33.0,0.0,452.5,0.004861092042156,0
8023,20.29,33.0,0.0,453.5,0.004861092042156,0
8024,20.29,33.0,0.0,454.666666666667,0.004861092042156,0
8025,20.29,33.0,0.0,452.5,0.004861092042156,0
8026,20.34,33.0,0.0,450.5,0.0048762524487232,0
8027,20.29,33.0,0.0,444.0,0.004861092042156,0
8028,20.29,33.045,0.0,447.5,0.0048677726807293,0
8029,20.29,33.0,0.0,449.0,0.004861092042156,0
8030,20.3233333333333,33.0,0.0,451.0,0.0048711943432678,0
8031,20.29,33.0,0.0,448.666666666667,0.004861092042156,0
8032,20.29,33.0,0.0,445.0,0.004861092042156,0
8033,20.29,33.0,0.0,448.0,0.004861092042156,0
8034,20.29,33.0,0.0,451.0,0.004861092042156,0
8035,20.34,33.0,0.0,452.0,0.0048762524487232,0
8036,20.39,33.0,0.0,454.0,0.0048914546290098,0
8037,20.34,33.0,0.0,453.0,0.0048762524487232,0
8038,20.29,33.0,0.0,453.0,0.004861092042156,0
8039,20.29,33.09,0.0,453.0,0.0048744534616992,0
8040,20.39,33.045,0.0,453.0,0.0048981773211861,0
8041,20.29,33.045,0.0,449.0,0.0048677726807293,0
8042,20.29,33.045,0.0,449.5,0.0048677726807293,0
8043,20.29,33.09,0.0,451.0,0.0048744534616992,0
8044,20.29,33.09,0.0,454.333333333333,0.0048744534616992,0
8045,20.29,33.045,0.0,454.0,0.0048677726807293,0
8046,20.29,33.0,0.0,458.0,0.004861092042156,0
8047,20.29,33.09,0.0,454.0,0.0048744534616992,0
8048,20.29,33.09,0.0,458.5,0.0048744534616992,0
8049,20.29,33.09,0.0,457.333333333333,0.0048744534616992,0
8050,20.29,33.09,0.0,455.5,0.0048744534616992,0
8051,20.29,33.09,0.0,451.5,0.0048744534616992,0
8052,20.29,33.09,0.0,453.0,0.0048744534616992,0
8053,20.29,33.09,0.0,453.0,0.0048744534616992,0
8054,20.29,33.09,0.0,452.666666666667,0.0048744534616992,0
8055,20.29,33.09,0.0,456.0,0.0048744534616992,0
8056,20.29,33.09,0.0,455.666666666667,0.0048744534616992,0
8057,20.34,33.09,0.0,453.0,0.004889655863892,0
8058,20.29,33.09,0.0,453.0,0.0048744534616992,0
8059,20.29,33.09,0.0,452.5,0.0048744534616992,0
8060,20.29,33.09,0.0,449.5,0.0048744534616992,0
8061,20.29,33.09,0.0,453.0,0.0048744534616992,0
8062,20.29,33.09,0.0,456.0,0.0048744534616992,0
8063,20.29,33.09,0.0,452.333333333333,0.0048744534616992,0
8064,20.29,33.09,0.0,455.5,0.0048744534616992,0
8065,20.29,33.09,0.0,456.333333333333,0.0048744534616992,0
8066,20.39,33.09,0.0,448.0,0.0049049001575504,0
8067,20.29,33.09,0.0,450.0,0.0048744534616992,0
8068,20.29,33.09,0.0,449.0,0.0048744534616992,0
8069,20.29,33.09,0.0,449.5,0.0048744534616992,0
8070,20.29,33.2,0.0,454.0,0.0048907848591255,0
8071,20.29,33.1266666666667,0.0,450.0,0.0048798971662946,0
8072,20.29,33.2,0.0,449.666666666667,0.0048907848591255,0
8073,20.29,33.145,0.0,451.5,0.0048826190540469,0
8074,20.29,33.2,0.0,460.0,0.0048907848591255,0
8075,20.29,33.2,0.0,456.5,0.0048907848591255,0
8076,20.29,33.2,0.0,455.5,0.0048907848591255,0
8077,20.29,33.2,0.0,450.0,0.0048907848591255,0
8078,20.29,33.2,0.0,448.0,0.0048907848591255,0
8079,20.29,33.2,0.0,451.5,0.0048907848591255,0
8080,20.29,33.2,0.0,451.5,0.0048907848591255,0
8081,20.29,33.2,0.0,454.5,0.0048907848591255,0
8082,20.29,33.2,0.0,454.666666666667,0.0048907848591255,0
8083,20.29,33.2,0.0,451.0,0.0048907848591255,0
8084,20.29,33.2,0.0,451.0,0.0048907848591255,0
8085,20.29,33.2,0.0,455.0,0.0048907848591255,0
8086,20.29,33.2,0.0,458.0,0.0048907848591255,0
8087,20.315,33.2,232.0,460.0,0.0048984064784882,0
8088,20.3233333333333,33.23,419.0,456.666666666667,0.0049054128448359,1
8089,20.3233333333333,33.26,433.0,463.0,0.0049098764030629,1
8090,20.315,33.345,426.0,474.25,0.0049199693432124,0
8091,20.3566666666667,33.4,419.0,482.333333333333,0.0049409526584124,0
8092,20.365,33.4975,419.0,482.5,0.0049580629225364,1
8093,20.39,33.5,419.0,484.5,0.0049661593089812,1
8094,20.39,33.5,419.0,490.333333333333,0.0049661593089812,1
8095,20.39,33.5,409.666666666667,489.666666666667,0.0049661593089812,1
8096,20.4175,33.5225,405.0,487.25,0.0049780352696161,1
8097,20.4266666666667,33.56,405.0,494.333333333333,0.004986492611427,1
8098,20.4175,33.5675,408.0,499.0,0.0049847712481013,1
8099,20.4633333333333,33.6633333333333,413.0,499.0,0.0050133959391901,1
8100,20.5,33.6725,404.5,494.5,0.0050262244849615,1
8101,20.5,33.7225,407.5,495.5,0.0050337482817246,1
8102,20.5,33.79,405.0,495.5,0.0050439056937706,1
8103,20.5,33.79,408.0,502.5,0.0050439056937706,1
8104,20.5,33.79,405.0,506.666666666667,0.0050439056937706,1
8105,20.55,33.79,405.0,508.0,0.0050596153334804,1
8106,20.6,33.8633333333333,405.0,509.5,0.0050864731942447,1
8107,20.575,33.925,405.0,516.0,0.0050878979218308,1
8108,20.6,33.8725,412.0,521.25,0.0050878613445823,1
8109,20.6,33.895,419.0,525.75,0.0050912686487399,1
8110,20.65,33.975,419.0,524.5,0.0051192679356765,1
8111,20.675,33.975,419.0,527.75,0.0051272263778175,1
8112,20.65,33.975,419.0,534.5,0.0051192679356765,1
8113,20.65,34.145,419.0,532.0,0.0051450949950989,1
8114,20.7,34.4175,419.0,568.75,0.0052026374244176,1
8115,20.7,34.09,419.0,556.666666666667,0.005152721574475,1
8116,20.7,34.2966666666667,419.0,548.0,0.0051842197100333,1
8117,20.73,34.4666666666667,419.0,563.333333333333,0.0052198504740585,1
8118,20.745,34.5675,426.0,593.75,0.005240129644354,1
8119,20.7675,34.7175,422.5,600.75,0.0052704203060989,1
8120,20.79,35.09,426.0,623.0,0.0053349024986674,1
8121,20.79,34.9725,433.0,631.0,0.0053168857019661,1
8122,20.79,34.8266666666667,433.0,636.0,0.0052945258686844,1
8123,20.84,35.195,433.0,636.75,0.0053676405011577,1
8124,20.89,35.3,433.0,663.0,0.0054005261882749,1
8125,20.8566666666667,35.0966666666667,433.0,665.333333333333,0.0053580545255094,1
8126,20.89,35.32,433.0,669.5,0.0054036125583324,1
8127,20.9175,35.475,433.0,679.25,0.0054368024275903,1
8128,20.89,35.4,433.0,684.666666666667,0.0054159583422239,1
8129,20.9175,35.7175,433.0,706.25,0.005474294413411,1
8130,20.95875,35.68375,433.0,712.625,0.0054830900671628,1
8131,21.0,35.65,433.0,719.0,0.0054918905554738,1
8132,21.0,35.7,433.0,730.25,0.0054996611715986,1
8133,21.0,35.76,433.0,739.0,0.0055089861649949,1
8134,21.0,35.85,433.0,756.25,0.0055229741747557,1
8135,21.0,35.7,433.0,761.0,0.0054996611715986,1
8136,21.025,35.95,433.0,763.0,0.0055471098895031,1
8137,21.0,35.86,433.0,771.333333333333,0.0055245284365577,1
8138,21.05,36.05,433.0,780.25,0.0055713068577142,1
8139,21.05,36.0975,433.0,787.25,0.0055787135318827,1
8140,21.05,35.995,433.0,789.5,0.0055627309270867,1
8141,21.1,36.095,433.0,798.5,0.0055956390183456,1
8142,21.1,36.26,433.0,820.333333333333,0.0056214493735085,1
8143,21.1,36.2,447.0,821.0,0.005612063544187,1
